text,intent,response,lowercase,no_punctuation,tokens,no_stopwords,stemmed,lemmatized,processed_text
Catch you later,goodbye,Response for goodbye.,catch you later,catch you later,"['catch', 'you', 'later']","['catch', 'later']","['catch', 'later']","['catch', 'later']",catch later
Hi,greeting,Response for greeting.,hi,hi,['hi'],['hi'],['hi'],['hi'],hi
Good morning,greeting,Response for greeting.,good morning,good morning,"['good', 'morning']","['good', 'morning']","['good', 'morn']","['good', 'morning']",good morning
Cost of Redmi Note 14,price_query,Response for price_query.,cost of redmi note 14,cost of redmi note 14,"['cost', 'of', 'redmi', 'note', '14']","['cost', 'redmi', 'note', '14']","['cost', 'redmi', 'note', '14']","['cost', 'redmi', 'note', '14']",cost redmi note 14
Availability of Galaxy S24,availability,Response for availability.,availability of galaxy s24,availability of galaxy s24,"['availability', 'of', 'galaxy', 's24']","['availability', 'galaxy', 's24']","['avail', 'galaxi', 's24']","['availability', 'galaxy', 's24']",availability galaxy s24
Difference between iPhone 15 and Redmi Note 14,comparison,Response for comparison.,difference between iphone 15 and redmi note 14,difference between iphone 15 and redmi note 14,"['difference', 'between', 'iphone', '15', 'and', 'redmi', 'note', '14']","['difference', 'iphone', '15', 'redmi', 'note', '14']","['differ', 'iphon', '15', 'redmi', 'note', '14']","['difference', 'iphone', '15', 'redmi', 'note', '14']",difference iphone 15 redmi note 14
See you,goodbye,Response for goodbye.,see you,see you,"['see', 'you']",['see'],['see'],['see'],see
Need a charger,accessory_search,Response for accessory_search.,need a charger,need a charger,"['need', 'a', 'charger']","['need', 'charger']","['need', 'charger']","['need', 'charger']",need charger
Goodbye,goodbye,Response for goodbye.,goodbye,goodbye,['goodbye'],['goodbye'],['goodby'],['goodbye'],goodbye
Price of screen protector,accessory_search,Response for accessory_search.,price of screen protector,price of screen protector,"['price', 'of', 'screen', 'protector']","['price', 'screen', 'protector']","['price', 'screen', 'protector']","['price', 'screen', 'protector']",price screen protector
Vivo V50 vs iPhone 15,comparison,Response for comparison.,vivo v50 vs iphone 15,vivo v50 vs iphone 15,"['vivo', 'v50', 'vs', 'iphone', '15']","['vivo', 'v50', 'vs', 'iphone', '15']","['vivo', 'v50', 'vs', 'iphon', '15']","['vivo', 'v50', 'v', 'iphone', '15']",vivo v50 v iphone 15
Hey,greeting,Response for greeting.,hey,hey,['hey'],['hey'],['hey'],['hey'],hey
Compare Vivo V50 and Oppo Reno 14,comparison,Response for comparison.,compare vivo v50 and oppo reno 14,compare vivo v50 and oppo reno 14,"['compare', 'vivo', 'v50', 'and', 'oppo', 'reno', '14']","['compare', 'vivo', 'v50', 'oppo', 'reno', '14']","['compar', 'vivo', 'v50', 'oppo', 'reno', '14']","['compare', 'vivo', 'v50', 'oppo', 'reno', '14']",compare vivo v50 oppo reno 14
Hey,greeting,Response for greeting.,hey,hey,['hey'],['hey'],['hey'],['hey'],hey
Price of screen protector,accessory_search,Response for accessory_search.,price of screen protector,price of screen protector,"['price', 'of', 'screen', 'protector']","['price', 'screen', 'protector']","['price', 'screen', 'protector']","['price', 'screen', 'protector']",price screen protector
Best camera phone,recommendation,Response for recommendation.,best camera phone,best camera phone,"['best', 'camera', 'phone']","['best', 'camera', 'phone']","['best', 'camera', 'phone']","['best', 'camera', 'phone']",best camera phone
Show phone case,accessory_search,Response for accessory_search.,show phone case,show phone case,"['show', 'phone', 'case']","['show', 'phone', 'case']","['show', 'phone', 'case']","['show', 'phone', 'case']",show phone case
Phone for students,recommendation,Response for recommendation.,phone for students,phone for students,"['phone', 'for', 'students']","['phone', 'students']","['phone', 'student']","['phone', 'student']",phone student
Difference between iPhone 15 and Vivo V50,comparison,Response for comparison.,difference between iphone 15 and vivo v50,difference between iphone 15 and vivo v50,"['difference', 'between', 'iphone', '15', 'and', 'vivo', 'v50']","['difference', 'iphone', '15', 'vivo', 'v50']","['differ', 'iphon', '15', 'vivo', 'v50']","['difference', 'iphone', '15', 'vivo', 'v50']",difference iphone 15 vivo v50
Price of Galaxy S24,price_query,Response for price_query.,price of galaxy s24,price of galaxy s24,"['price', 'of', 'galaxy', 's24']","['price', 'galaxy', 's24']","['price', 'galaxi', 's24']","['price', 'galaxy', 's24']",price galaxy s24
Looking for power bank,accessory_search,Response for accessory_search.,looking for power bank,looking for power bank,"['looking', 'for', 'power', 'bank']","['looking', 'power', 'bank']","['look', 'power', 'bank']","['looking', 'power', 'bank']",looking power bank
Price of power bank,accessory_search,Response for accessory_search.,price of power bank,price of power bank,"['price', 'of', 'power', 'bank']","['price', 'power', 'bank']","['price', 'power', 'bank']","['price', 'power', 'bank']",price power bank
Hey,greeting,Response for greeting.,hey,hey,['hey'],['hey'],['hey'],['hey'],hey
Recommend a phone,recommendation,Response for recommendation.,recommend a phone,recommend a phone,"['recommend', 'a', 'phone']","['recommend', 'phone']","['recommend', 'phone']","['recommend', 'phone']",recommend phone
Compare these phones,comparison,Response for comparison.,compare these phones,compare these phones,"['compare', 'these', 'phones']","['compare', 'phones']","['compar', 'phone']","['compare', 'phone']",compare phone
Which is better Oppo Reno 14 or iPhone 15?,comparison,Response for comparison.,which is better oppo reno 14 or iphone 15?,which is better oppo reno 14 or iphone 15,"['which', 'is', 'better', 'oppo', 'reno', '14', 'or', 'iphone', '15']","['better', 'oppo', 'reno', '14', 'iphone', '15']","['better', 'oppo', 'reno', '14', 'iphon', '15']","['better', 'oppo', 'reno', '14', 'iphone', '15']",better oppo reno 14 iphone 15
Great thanks,thanks,Response for thanks.,great thanks,great thanks,"['great', 'thanks']","['great', 'thanks']","['great', 'thank']","['great', 'thanks']",great thanks
Good morning,greeting,Response for greeting.,good morning,good morning,"['good', 'morning']","['good', 'morning']","['good', 'morn']","['good', 'morning']",good morning
Need a AirPods,accessory_search,Response for accessory_search.,need a airpods,need a airpods,"['need', 'a', 'airpods']","['need', 'airpods']","['need', 'airpod']","['need', 'airpods']",need airpods
Show me Samsung phones,phone_search,Response for phone_search.,show me samsung phones,show me samsung phones,"['show', 'me', 'samsung', 'phones']","['show', 'samsung', 'phones']","['show', 'samsung', 'phone']","['show', 'samsung', 'phone']",show samsung phone
Tell me the price of Vivo V50,price_query,Response for price_query.,tell me the price of vivo v50,tell me the price of vivo v50,"['tell', 'me', 'the', 'price', 'of', 'vivo', 'v50']","['tell', 'price', 'vivo', 'v50']","['tell', 'price', 'vivo', 'v50']","['tell', 'price', 'vivo', 'v50']",tell price vivo v50
Difference between OnePlus 13 and Redmi Note 14,comparison,Response for comparison.,difference between oneplus 13 and redmi note 14,difference between oneplus 13 and redmi note 14,"['difference', 'between', 'oneplus', '13', 'and', 'redmi', 'note', '14']","['difference', 'oneplus', '13', 'redmi', 'note', '14']","['differ', 'oneplu', '13', 'redmi', 'note', '14']","['difference', 'oneplus', '13', 'redmi', 'note', '14']",difference oneplus 13 redmi note 14
Show charger,accessory_search,Response for accessory_search.,show charger,show charger,"['show', 'charger']","['show', 'charger']","['show', 'charger']","['show', 'charger']",show charger
Bye,goodbye,Response for goodbye.,bye,bye,['bye'],['bye'],['bye'],['bye'],bye
In stock Oppo Reno 14?,availability,Response for availability.,in stock oppo reno 14?,in stock oppo reno 14,"['in', 'stock', 'oppo', 'reno', '14']","['stock', 'oppo', 'reno', '14']","['stock', 'oppo', 'reno', '14']","['stock', 'oppo', 'reno', '14']",stock oppo reno 14
Looking for Samsung mobiles,phone_search,Response for phone_search.,looking for samsung mobiles,looking for samsung mobiles,"['looking', 'for', 'samsung', 'mobiles']","['looking', 'samsung', 'mobiles']","['look', 'samsung', 'mobil']","['looking', 'samsung', 'mobile']",looking samsung mobile
Best battery phone,recommendation,Response for recommendation.,best battery phone,best battery phone,"['best', 'battery', 'phone']","['best', 'battery', 'phone']","['best', 'batteri', 'phone']","['best', 'battery', 'phone']",best battery phone
Best gaming phone,recommendation,Response for recommendation.,best gaming phone,best gaming phone,"['best', 'gaming', 'phone']","['best', 'gaming', 'phone']","['best', 'game', 'phone']","['best', 'gaming', 'phone']",best gaming phone
Looking for USB-C cable,accessory_search,Response for accessory_search.,looking for usb-c cable,looking for usbc cable,"['looking', 'for', 'usbc', 'cable']","['looking', 'usbc', 'cable']","['look', 'usbc', 'cabl']","['looking', 'usbc', 'cable']",looking usbc cable
Do you have power bank?,accessory_search,Response for accessory_search.,do you have power bank?,do you have power bank,"['do', 'you', 'have', 'power', 'bank']","['power', 'bank']","['power', 'bank']","['power', 'bank']",power bank
Best gaming phone,recommendation,Response for recommendation.,best gaming phone,best gaming phone,"['best', 'gaming', 'phone']","['best', 'gaming', 'phone']","['best', 'game', 'phone']","['best', 'gaming', 'phone']",best gaming phone
Cost of Vivo V50,price_query,Response for price_query.,cost of vivo v50,cost of vivo v50,"['cost', 'of', 'vivo', 'v50']","['cost', 'vivo', 'v50']","['cost', 'vivo', 'v50']","['cost', 'vivo', 'v50']",cost vivo v50
Can I pay by card?,payment,Response for payment.,can i pay by card?,can i pay by card,"['can', 'i', 'pay', 'by', 'card']","['pay', 'card']","['pay', 'card']","['pay', 'card']",pay card
I need a Vivo phone,phone_search,Response for phone_search.,i need a vivo phone,i need a vivo phone,"['i', 'need', 'a', 'vivo', 'phone']","['need', 'vivo', 'phone']","['need', 'vivo', 'phone']","['need', 'vivo', 'phone']",need vivo phone
How much is Vivo V50?,price_query,Response for price_query.,how much is vivo v50?,how much is vivo v50,"['how', 'much', 'is', 'vivo', 'v50']","['much', 'vivo', 'v50']","['much', 'vivo', 'v50']","['much', 'vivo', 'v50']",much vivo v50
Need a AirPods,accessory_search,Response for accessory_search.,need a airpods,need a airpods,"['need', 'a', 'airpods']","['need', 'airpods']","['need', 'airpod']","['need', 'airpods']",need airpods
Can I use Visa?,payment,Response for payment.,can i use visa?,can i use visa,"['can', 'i', 'use', 'visa']","['use', 'visa']","['use', 'visa']","['use', 'visa']",use visa
Which is better Vivo V50 or Galaxy S24?,comparison,Response for comparison.,which is better vivo v50 or galaxy s24?,which is better vivo v50 or galaxy s24,"['which', 'is', 'better', 'vivo', 'v50', 'or', 'galaxy', 's24']","['better', 'vivo', 'v50', 'galaxy', 's24']","['better', 'vivo', 'v50', 'galaxi', 's24']","['better', 'vivo', 'v50', 'galaxy', 's24']",better vivo v50 galaxy s24
Difference between Vivo V50 and Redmi Note 14,comparison,Response for comparison.,difference between vivo v50 and redmi note 14,difference between vivo v50 and redmi note 14,"['difference', 'between', 'vivo', 'v50', 'and', 'redmi', 'note', '14']","['difference', 'vivo', 'v50', 'redmi', 'note', '14']","['differ', 'vivo', 'v50', 'redmi', 'note', '14']","['difference', 'vivo', 'v50', 'redmi', 'note', '14']",difference vivo v50 redmi note 14
Compare these phones,comparison,Response for comparison.,compare these phones,compare these phones,"['compare', 'these', 'phones']","['compare', 'phones']","['compar', 'phone']","['compare', 'phone']",compare phone
Thanks,thanks,Response for thanks.,thanks,thanks,['thanks'],['thanks'],['thank'],['thanks'],thanks
Show me OnePlus phones,phone_search,Response for phone_search.,show me oneplus phones,show me oneplus phones,"['show', 'me', 'oneplus', 'phones']","['show', 'oneplus', 'phones']","['show', 'oneplu', 'phone']","['show', 'oneplus', 'phone']",show oneplus phone
Have a nice day,goodbye,Response for goodbye.,have a nice day,have a nice day,"['have', 'a', 'nice', 'day']","['nice', 'day']","['nice', 'day']","['nice', 'day']",nice day
Goodbye,goodbye,Response for goodbye.,goodbye,goodbye,['goodbye'],['goodbye'],['goodby'],['goodbye'],goodbye
How much is Redmi Note 14?,price_query,Response for price_query.,how much is redmi note 14?,how much is redmi note 14,"['how', 'much', 'is', 'redmi', 'note', '14']","['much', 'redmi', 'note', '14']","['much', 'redmi', 'note', '14']","['much', 'redmi', 'note', '14']",much redmi note 14
Price of USB-C cable,accessory_search,Response for accessory_search.,price of usb-c cable,price of usbc cable,"['price', 'of', 'usbc', 'cable']","['price', 'usbc', 'cable']","['price', 'usbc', 'cabl']","['price', 'usbc', 'cable']",price usbc cable
Hi,greeting,Response for greeting.,hi,hi,['hi'],['hi'],['hi'],['hi'],hi
Show charger,accessory_search,Response for accessory_search.,show charger,show charger,"['show', 'charger']","['show', 'charger']","['show', 'charger']","['show', 'charger']",show charger
Can I buy iPhone 15?,availability,Response for availability.,can i buy iphone 15?,can i buy iphone 15,"['can', 'i', 'buy', 'iphone', '15']","['buy', 'iphone', '15']","['buy', 'iphon', '15']","['buy', 'iphone', '15']",buy iphone 15
iPhone 15 price,price_query,Response for price_query.,iphone 15 price,iphone 15 price,"['iphone', '15', 'price']","['iphone', '15', 'price']","['iphon', '15', 'price']","['iphone', '15', 'price']",iphone 15 price
How much is iPhone 15?,price_query,Response for price_query.,how much is iphone 15?,how much is iphone 15,"['how', 'much', 'is', 'iphone', '15']","['much', 'iphone', '15']","['much', 'iphon', '15']","['much', 'iphone', '15']",much iphone 15
Looking for power bank,accessory_search,Response for accessory_search.,looking for power bank,looking for power bank,"['looking', 'for', 'power', 'bank']","['looking', 'power', 'bank']","['look', 'power', 'bank']","['looking', 'power', 'bank']",looking power bank
Hi,greeting,Response for greeting.,hi,hi,['hi'],['hi'],['hi'],['hi'],hi
Galaxy S24 vs Galaxy S24,comparison,Response for comparison.,galaxy s24 vs galaxy s24,galaxy s24 vs galaxy s24,"['galaxy', 's24', 'vs', 'galaxy', 's24']","['galaxy', 's24', 'vs', 'galaxy', 's24']","['galaxi', 's24', 'vs', 'galaxi', 's24']","['galaxy', 's24', 'v', 'galaxy', 's24']",galaxy s24 v galaxy s24
Can I use Visa?,payment,Response for payment.,can i use visa?,can i use visa,"['can', 'i', 'use', 'visa']","['use', 'visa']","['use', 'visa']","['use', 'visa']",use visa
Availability of iPhone 15,availability,Response for availability.,availability of iphone 15,availability of iphone 15,"['availability', 'of', 'iphone', '15']","['availability', 'iphone', '15']","['avail', 'iphon', '15']","['availability', 'iphone', '15']",availability iphone 15
Best battery phone,recommendation,Response for recommendation.,best battery phone,best battery phone,"['best', 'battery', 'phone']","['best', 'battery', 'phone']","['best', 'batteri', 'phone']","['best', 'battery', 'phone']",best battery phone
Much appreciated,thanks,Response for thanks.,much appreciated,much appreciated,"['much', 'appreciated']","['much', 'appreciated']","['much', 'appreci']","['much', 'appreciated']",much appreciated
Good morning,greeting,Response for greeting.,good morning,good morning,"['good', 'morning']","['good', 'morning']","['good', 'morn']","['good', 'morning']",good morning
Bye,goodbye,Response for goodbye.,bye,bye,['bye'],['bye'],['bye'],['bye'],bye
Show me Realme phones,phone_search,Response for phone_search.,show me realme phones,show me realme phones,"['show', 'me', 'realme', 'phones']","['show', 'realme', 'phones']","['show', 'realm', 'phone']","['show', 'realme', 'phone']",show realme phone
Thanks,thanks,Response for thanks.,thanks,thanks,['thanks'],['thanks'],['thank'],['thanks'],thanks
Cash accepted?,payment,Response for payment.,cash accepted?,cash accepted,"['cash', 'accepted']","['cash', 'accepted']","['cash', 'accept']","['cash', 'accepted']",cash accepted
Thanks a lot,thanks,Response for thanks.,thanks a lot,thanks a lot,"['thanks', 'a', 'lot']","['thanks', 'lot']","['thank', 'lot']","['thanks', 'lot']",thanks lot
Best camera phone,recommendation,Response for recommendation.,best camera phone,best camera phone,"['best', 'camera', 'phone']","['best', 'camera', 'phone']","['best', 'camera', 'phone']","['best', 'camera', 'phone']",best camera phone
Difference between Galaxy S24 and OnePlus 13,comparison,Response for comparison.,difference between galaxy s24 and oneplus 13,difference between galaxy s24 and oneplus 13,"['difference', 'between', 'galaxy', 's24', 'and', 'oneplus', '13']","['difference', 'galaxy', 's24', 'oneplus', '13']","['differ', 'galaxi', 's24', 'oneplu', '13']","['difference', 'galaxy', 's24', 'oneplus', '13']",difference galaxy s24 oneplus 13
Cash accepted?,payment,Response for payment.,cash accepted?,cash accepted,"['cash', 'accepted']","['cash', 'accepted']","['cash', 'accept']","['cash', 'accepted']",cash accepted
Compare Redmi Note 14 and Redmi Note 14,comparison,Response for comparison.,compare redmi note 14 and redmi note 14,compare redmi note 14 and redmi note 14,"['compare', 'redmi', 'note', '14', 'and', 'redmi', 'note', '14']","['compare', 'redmi', 'note', '14', 'redmi', 'note', '14']","['compar', 'redmi', 'note', '14', 'redmi', 'note', '14']","['compare', 'redmi', 'note', '14', 'redmi', 'note', '14']",compare redmi note 14 redmi note 14
Online payment?,payment,Response for payment.,online payment?,online payment,"['online', 'payment']","['online', 'payment']","['onlin', 'payment']","['online', 'payment']",online payment
Goodbye,goodbye,Response for goodbye.,goodbye,goodbye,['goodbye'],['goodbye'],['goodby'],['goodbye'],goodbye
Looking for OnePlus mobiles,phone_search,Response for phone_search.,looking for oneplus mobiles,looking for oneplus mobiles,"['looking', 'for', 'oneplus', 'mobiles']","['looking', 'oneplus', 'mobiles']","['look', 'oneplu', 'mobil']","['looking', 'oneplus', 'mobile']",looking oneplus mobile
See you,goodbye,Response for goodbye.,see you,see you,"['see', 'you']",['see'],['see'],['see'],see
OnePlus 13 price,price_query,Response for price_query.,oneplus 13 price,oneplus 13 price,"['oneplus', '13', 'price']","['oneplus', '13', 'price']","['oneplu', '13', 'price']","['oneplus', '13', 'price']",oneplus 13 price
I need a Oppo phone,phone_search,Response for phone_search.,i need a oppo phone,i need a oppo phone,"['i', 'need', 'a', 'oppo', 'phone']","['need', 'oppo', 'phone']","['need', 'oppo', 'phone']","['need', 'oppo', 'phone']",need oppo phone
Do you have Oppo Reno 14 now?,availability,Response for availability.,do you have oppo reno 14 now?,do you have oppo reno 14 now,"['do', 'you', 'have', 'oppo', 'reno', '14', 'now']","['oppo', 'reno', '14']","['oppo', 'reno', '14']","['oppo', 'reno', '14']",oppo reno 14
Can I buy iPhone 15?,availability,Response for availability.,can i buy iphone 15?,can i buy iphone 15,"['can', 'i', 'buy', 'iphone', '15']","['buy', 'iphone', '15']","['buy', 'iphon', '15']","['buy', 'iphone', '15']",buy iphone 15
Need a phone case,accessory_search,Response for accessory_search.,need a phone case,need a phone case,"['need', 'a', 'phone', 'case']","['need', 'phone', 'case']","['need', 'phone', 'case']","['need', 'phone', 'case']",need phone case
Good morning,greeting,Response for greeting.,good morning,good morning,"['good', 'morning']","['good', 'morning']","['good', 'morn']","['good', 'morning']",good morning
Payment methods,payment,Response for payment.,payment methods,payment methods,"['payment', 'methods']","['payment', 'methods']","['payment', 'method']","['payment', 'method']",payment method
Thank you,thanks,Response for thanks.,thank you,thank you,"['thank', 'you']",['thank'],['thank'],['thank'],thank
Catch you later,goodbye,Response for goodbye.,catch you later,catch you later,"['catch', 'you', 'later']","['catch', 'later']","['catch', 'later']","['catch', 'later']",catch later
Do you have Realme?,phone_search,Response for phone_search.,do you have realme?,do you have realme,"['do', 'you', 'have', 'realme']",['realme'],['realm'],['realme'],realme
Much appreciated,thanks,Response for thanks.,much appreciated,much appreciated,"['much', 'appreciated']","['much', 'appreciated']","['much', 'appreci']","['much', 'appreciated']",much appreciated
Bye,goodbye,Response for goodbye.,bye,bye,['bye'],['bye'],['bye'],['bye'],bye
Difference between iPhone 15 and Oppo Reno 14,comparison,Response for comparison.,difference between iphone 15 and oppo reno 14,difference between iphone 15 and oppo reno 14,"['difference', 'between', 'iphone', '15', 'and', 'oppo', 'reno', '14']","['difference', 'iphone', '15', 'oppo', 'reno', '14']","['differ', 'iphon', '15', 'oppo', 'reno', '14']","['difference', 'iphone', '15', 'oppo', 'reno', '14']",difference iphone 15 oppo reno 14
Do you have Redmi Note 14 now?,availability,Response for availability.,do you have redmi note 14 now?,do you have redmi note 14 now,"['do', 'you', 'have', 'redmi', 'note', '14', 'now']","['redmi', 'note', '14']","['redmi', 'note', '14']","['redmi', 'note', '14']",redmi note 14
Cost of Redmi Note 14,price_query,Response for price_query.,cost of redmi note 14,cost of redmi note 14,"['cost', 'of', 'redmi', 'note', '14']","['cost', 'redmi', 'note', '14']","['cost', 'redmi', 'note', '14']","['cost', 'redmi', 'note', '14']",cost redmi note 14
See you,goodbye,Response for goodbye.,see you,see you,"['see', 'you']",['see'],['see'],['see'],see
Availability of Vivo V50,availability,Response for availability.,availability of vivo v50,availability of vivo v50,"['availability', 'of', 'vivo', 'v50']","['availability', 'vivo', 'v50']","['avail', 'vivo', 'v50']","['availability', 'vivo', 'v50']",availability vivo v50
Online payment?,payment,Response for payment.,online payment?,online payment,"['online', 'payment']","['online', 'payment']","['onlin', 'payment']","['online', 'payment']",online payment
Availability of Redmi Note 14,availability,Response for availability.,availability of redmi note 14,availability of redmi note 14,"['availability', 'of', 'redmi', 'note', '14']","['availability', 'redmi', 'note', '14']","['avail', 'redmi', 'note', '14']","['availability', 'redmi', 'note', '14']",availability redmi note 14
Can I use Visa?,payment,Response for payment.,can i use visa?,can i use visa,"['can', 'i', 'use', 'visa']","['use', 'visa']","['use', 'visa']","['use', 'visa']",use visa
Great thanks,thanks,Response for thanks.,great thanks,great thanks,"['great', 'thanks']","['great', 'thanks']","['great', 'thank']","['great', 'thanks']",great thanks
Need a USB-C cable,accessory_search,Response for accessory_search.,need a usb-c cable,need a usbc cable,"['need', 'a', 'usbc', 'cable']","['need', 'usbc', 'cable']","['need', 'usbc', 'cabl']","['need', 'usbc', 'cable']",need usbc cable
Good morning,greeting,Response for greeting.,good morning,good morning,"['good', 'morning']","['good', 'morning']","['good', 'morn']","['good', 'morning']",good morning
Redmi Note 14 price,price_query,Response for price_query.,redmi note 14 price,redmi note 14 price,"['redmi', 'note', '14', 'price']","['redmi', 'note', '14', 'price']","['redmi', 'note', '14', 'price']","['redmi', 'note', '14', 'price']",redmi note 14 price
Hey,greeting,Response for greeting.,hey,hey,['hey'],['hey'],['hey'],['hey'],hey
In stock Galaxy S24?,availability,Response for availability.,in stock galaxy s24?,in stock galaxy s24,"['in', 'stock', 'galaxy', 's24']","['stock', 'galaxy', 's24']","['stock', 'galaxi', 's24']","['stock', 'galaxy', 's24']",stock galaxy s24
Great thanks,thanks,Response for thanks.,great thanks,great thanks,"['great', 'thanks']","['great', 'thanks']","['great', 'thank']","['great', 'thanks']",great thanks
Compare OnePlus 13 and Oppo Reno 14,comparison,Response for comparison.,compare oneplus 13 and oppo reno 14,compare oneplus 13 and oppo reno 14,"['compare', 'oneplus', '13', 'and', 'oppo', 'reno', '14']","['compare', 'oneplus', '13', 'oppo', 'reno', '14']","['compar', 'oneplu', '13', 'oppo', 'reno', '14']","['compare', 'oneplus', '13', 'oppo', 'reno', '14']",compare oneplus 13 oppo reno 14
Difference between iPhone 15 and OnePlus 13,comparison,Response for comparison.,difference between iphone 15 and oneplus 13,difference between iphone 15 and oneplus 13,"['difference', 'between', 'iphone', '15', 'and', 'oneplus', '13']","['difference', 'iphone', '15', 'oneplus', '13']","['differ', 'iphon', '15', 'oneplu', '13']","['difference', 'iphone', '15', 'oneplus', '13']",difference iphone 15 oneplus 13
Best camera phone,recommendation,Response for recommendation.,best camera phone,best camera phone,"['best', 'camera', 'phone']","['best', 'camera', 'phone']","['best', 'camera', 'phone']","['best', 'camera', 'phone']",best camera phone
Thanks,thanks,Response for thanks.,thanks,thanks,['thanks'],['thanks'],['thank'],['thanks'],thanks
Recommend a phone,recommendation,Response for recommendation.,recommend a phone,recommend a phone,"['recommend', 'a', 'phone']","['recommend', 'phone']","['recommend', 'phone']","['recommend', 'phone']",recommend phone
Phone for students,recommendation,Response for recommendation.,phone for students,phone for students,"['phone', 'for', 'students']","['phone', 'students']","['phone', 'student']","['phone', 'student']",phone student
Have a nice day,goodbye,Response for goodbye.,have a nice day,have a nice day,"['have', 'a', 'nice', 'day']","['nice', 'day']","['nice', 'day']","['nice', 'day']",nice day
Show me Apple phones,phone_search,Response for phone_search.,show me apple phones,show me apple phones,"['show', 'me', 'apple', 'phones']","['show', 'apple', 'phones']","['show', 'appl', 'phone']","['show', 'apple', 'phone']",show apple phone
Catch you later,goodbye,Response for goodbye.,catch you later,catch you later,"['catch', 'you', 'later']","['catch', 'later']","['catch', 'later']","['catch', 'later']",catch later
Is iPhone 15 available?,availability,Response for availability.,is iphone 15 available?,is iphone 15 available,"['is', 'iphone', '15', 'available']","['iphone', '15', 'available']","['iphon', '15', 'avail']","['iphone', '15', 'available']",iphone 15 available
Is OnePlus 13 available?,availability,Response for availability.,is oneplus 13 available?,is oneplus 13 available,"['is', 'oneplus', '13', 'available']","['oneplus', '13', 'available']","['oneplu', '13', 'avail']","['oneplus', '13', 'available']",oneplus 13 available
Compare these phones,comparison,Response for comparison.,compare these phones,compare these phones,"['compare', 'these', 'phones']","['compare', 'phones']","['compar', 'phone']","['compare', 'phone']",compare phone
Hey,greeting,Response for greeting.,hey,hey,['hey'],['hey'],['hey'],['hey'],hey
How much is Redmi Note 14?,price_query,Response for price_query.,how much is redmi note 14?,how much is redmi note 14,"['how', 'much', 'is', 'redmi', 'note', '14']","['much', 'redmi', 'note', '14']","['much', 'redmi', 'note', '14']","['much', 'redmi', 'note', '14']",much redmi note 14
Have a nice day,goodbye,Response for goodbye.,have a nice day,have a nice day,"['have', 'a', 'nice', 'day']","['nice', 'day']","['nice', 'day']","['nice', 'day']",nice day
Need a power bank,accessory_search,Response for accessory_search.,need a power bank,need a power bank,"['need', 'a', 'power', 'bank']","['need', 'power', 'bank']","['need', 'power', 'bank']","['need', 'power', 'bank']",need power bank
Hi,greeting,Response for greeting.,hi,hi,['hi'],['hi'],['hi'],['hi'],hi
Can I pay by card?,payment,Response for payment.,can i pay by card?,can i pay by card,"['can', 'i', 'pay', 'by', 'card']","['pay', 'card']","['pay', 'card']","['pay', 'card']",pay card
Cost of OnePlus 13,price_query,Response for price_query.,cost of oneplus 13,cost of oneplus 13,"['cost', 'of', 'oneplus', '13']","['cost', 'oneplus', '13']","['cost', 'oneplu', '13']","['cost', 'oneplus', '13']",cost oneplus 13
Do you have USB-C cable?,accessory_search,Response for accessory_search.,do you have usb-c cable?,do you have usbc cable,"['do', 'you', 'have', 'usbc', 'cable']","['usbc', 'cable']","['usbc', 'cabl']","['usbc', 'cable']",usbc cable
Hello,greeting,Response for greeting.,hello,hello,['hello'],['hello'],['hello'],['hello'],hello
Price of iPhone 15,price_query,Response for price_query.,price of iphone 15,price of iphone 15,"['price', 'of', 'iphone', '15']","['price', 'iphone', '15']","['price', 'iphon', '15']","['price', 'iphone', '15']",price iphone 15
Hi,greeting,Response for greeting.,hi,hi,['hi'],['hi'],['hi'],['hi'],hi
Looking for Realme mobiles,phone_search,Response for phone_search.,looking for realme mobiles,looking for realme mobiles,"['looking', 'for', 'realme', 'mobiles']","['looking', 'realme', 'mobiles']","['look', 'realm', 'mobil']","['looking', 'realme', 'mobile']",looking realme mobile
Show me Xiaomi phones,phone_search,Response for phone_search.,show me xiaomi phones,show me xiaomi phones,"['show', 'me', 'xiaomi', 'phones']","['show', 'xiaomi', 'phones']","['show', 'xiaomi', 'phone']","['show', 'xiaomi', 'phone']",show xiaomi phone
Catch you later,goodbye,Response for goodbye.,catch you later,catch you later,"['catch', 'you', 'later']","['catch', 'later']","['catch', 'later']","['catch', 'later']",catch later
Thanks,thanks,Response for thanks.,thanks,thanks,['thanks'],['thanks'],['thank'],['thanks'],thanks
Cash accepted?,payment,Response for payment.,cash accepted?,cash accepted,"['cash', 'accepted']","['cash', 'accepted']","['cash', 'accept']","['cash', 'accepted']",cash accepted
Need a USB-C cable,accessory_search,Response for accessory_search.,need a usb-c cable,need a usbc cable,"['need', 'a', 'usbc', 'cable']","['need', 'usbc', 'cable']","['need', 'usbc', 'cabl']","['need', 'usbc', 'cable']",need usbc cable
Looking for OnePlus mobiles,phone_search,Response for phone_search.,looking for oneplus mobiles,looking for oneplus mobiles,"['looking', 'for', 'oneplus', 'mobiles']","['looking', 'oneplus', 'mobiles']","['look', 'oneplu', 'mobil']","['looking', 'oneplus', 'mobile']",looking oneplus mobile
Much appreciated,thanks,Response for thanks.,much appreciated,much appreciated,"['much', 'appreciated']","['much', 'appreciated']","['much', 'appreci']","['much', 'appreciated']",much appreciated
Payment methods,payment,Response for payment.,payment methods,payment methods,"['payment', 'methods']","['payment', 'methods']","['payment', 'method']","['payment', 'method']",payment method
Compare OnePlus 13 and Galaxy S24,comparison,Response for comparison.,compare oneplus 13 and galaxy s24,compare oneplus 13 and galaxy s24,"['compare', 'oneplus', '13', 'and', 'galaxy', 's24']","['compare', 'oneplus', '13', 'galaxy', 's24']","['compar', 'oneplu', '13', 'galaxi', 's24']","['compare', 'oneplus', '13', 'galaxy', 's24']",compare oneplus 13 galaxy s24
Have a nice day,goodbye,Response for goodbye.,have a nice day,have a nice day,"['have', 'a', 'nice', 'day']","['nice', 'day']","['nice', 'day']","['nice', 'day']",nice day
Hi,greeting,Response for greeting.,hi,hi,['hi'],['hi'],['hi'],['hi'],hi
Thank you,thanks,Response for thanks.,thank you,thank you,"['thank', 'you']",['thank'],['thank'],['thank'],thank
Show me Vivo phones,phone_search,Response for phone_search.,show me vivo phones,show me vivo phones,"['show', 'me', 'vivo', 'phones']","['show', 'vivo', 'phones']","['show', 'vivo', 'phone']","['show', 'vivo', 'phone']",show vivo phone
Online payment?,payment,Response for payment.,online payment?,online payment,"['online', 'payment']","['online', 'payment']","['onlin', 'payment']","['online', 'payment']",online payment
Best gaming phone,recommendation,Response for recommendation.,best gaming phone,best gaming phone,"['best', 'gaming', 'phone']","['best', 'gaming', 'phone']","['best', 'game', 'phone']","['best', 'gaming', 'phone']",best gaming phone
Can I use Visa?,payment,Response for payment.,can i use visa?,can i use visa,"['can', 'i', 'use', 'visa']","['use', 'visa']","['use', 'visa']","['use', 'visa']",use visa
See you,goodbye,Response for goodbye.,see you,see you,"['see', 'you']",['see'],['see'],['see'],see
I need a Realme phone,phone_search,Response for phone_search.,i need a realme phone,i need a realme phone,"['i', 'need', 'a', 'realme', 'phone']","['need', 'realme', 'phone']","['need', 'realm', 'phone']","['need', 'realme', 'phone']",need realme phone
Payment methods,payment,Response for payment.,payment methods,payment methods,"['payment', 'methods']","['payment', 'methods']","['payment', 'method']","['payment', 'method']",payment method
Much appreciated,thanks,Response for thanks.,much appreciated,much appreciated,"['much', 'appreciated']","['much', 'appreciated']","['much', 'appreci']","['much', 'appreciated']",much appreciated
Good morning,greeting,Response for greeting.,good morning,good morning,"['good', 'morning']","['good', 'morning']","['good', 'morn']","['good', 'morning']",good morning
Price of Redmi Note 14,price_query,Response for price_query.,price of redmi note 14,price of redmi note 14,"['price', 'of', 'redmi', 'note', '14']","['price', 'redmi', 'note', '14']","['price', 'redmi', 'note', '14']","['price', 'redmi', 'note', '14']",price redmi note 14
Do you have Galaxy S24 now?,availability,Response for availability.,do you have galaxy s24 now?,do you have galaxy s24 now,"['do', 'you', 'have', 'galaxy', 's24', 'now']","['galaxy', 's24']","['galaxi', 's24']","['galaxy', 's24']",galaxy s24
Vivo V50 price,price_query,Response for price_query.,vivo v50 price,vivo v50 price,"['vivo', 'v50', 'price']","['vivo', 'v50', 'price']","['vivo', 'v50', 'price']","['vivo', 'v50', 'price']",vivo v50 price
Do you have Apple?,phone_search,Response for phone_search.,do you have apple?,do you have apple,"['do', 'you', 'have', 'apple']",['apple'],['appl'],['apple'],apple
Hey,greeting,Response for greeting.,hey,hey,['hey'],['hey'],['hey'],['hey'],hey
Tell me the price of Galaxy S24,price_query,Response for price_query.,tell me the price of galaxy s24,tell me the price of galaxy s24,"['tell', 'me', 'the', 'price', 'of', 'galaxy', 's24']","['tell', 'price', 'galaxy', 's24']","['tell', 'price', 'galaxi', 's24']","['tell', 'price', 'galaxy', 's24']",tell price galaxy s24
See you,goodbye,Response for goodbye.,see you,see you,"['see', 'you']",['see'],['see'],['see'],see
Do you have charger?,accessory_search,Response for accessory_search.,do you have charger?,do you have charger,"['do', 'you', 'have', 'charger']",['charger'],['charger'],['charger'],charger
In stock Redmi Note 14?,availability,Response for availability.,in stock redmi note 14?,in stock redmi note 14,"['in', 'stock', 'redmi', 'note', '14']","['stock', 'redmi', 'note', '14']","['stock', 'redmi', 'note', '14']","['stock', 'redmi', 'note', '14']",stock redmi note 14
Best gaming phone,recommendation,Response for recommendation.,best gaming phone,best gaming phone,"['best', 'gaming', 'phone']","['best', 'gaming', 'phone']","['best', 'game', 'phone']","['best', 'gaming', 'phone']",best gaming phone
Price of phone case,accessory_search,Response for accessory_search.,price of phone case,price of phone case,"['price', 'of', 'phone', 'case']","['price', 'phone', 'case']","['price', 'phone', 'case']","['price', 'phone', 'case']",price phone case
Catch you later,goodbye,Response for goodbye.,catch you later,catch you later,"['catch', 'you', 'later']","['catch', 'later']","['catch', 'later']","['catch', 'later']",catch later
Phone for students,recommendation,Response for recommendation.,phone for students,phone for students,"['phone', 'for', 'students']","['phone', 'students']","['phone', 'student']","['phone', 'student']",phone student
Thank you,thanks,Response for thanks.,thank you,thank you,"['thank', 'you']",['thank'],['thank'],['thank'],thank
Great thanks,thanks,Response for thanks.,great thanks,great thanks,"['great', 'thanks']","['great', 'thanks']","['great', 'thank']","['great', 'thanks']",great thanks
Good morning,greeting,Response for greeting.,good morning,good morning,"['good', 'morning']","['good', 'morning']","['good', 'morn']","['good', 'morning']",good morning
Recommend a phone,recommendation,Response for recommendation.,recommend a phone,recommend a phone,"['recommend', 'a', 'phone']","['recommend', 'phone']","['recommend', 'phone']","['recommend', 'phone']",recommend phone
Do you have Realme?,phone_search,Response for phone_search.,do you have realme?,do you have realme,"['do', 'you', 'have', 'realme']",['realme'],['realm'],['realme'],realme
Thank you,thanks,Response for thanks.,thank you,thank you,"['thank', 'you']",['thank'],['thank'],['thank'],thank
Much appreciated,thanks,Response for thanks.,much appreciated,much appreciated,"['much', 'appreciated']","['much', 'appreciated']","['much', 'appreci']","['much', 'appreciated']",much appreciated
Cost of iPhone 15,price_query,Response for price_query.,cost of iphone 15,cost of iphone 15,"['cost', 'of', 'iphone', '15']","['cost', 'iphone', '15']","['cost', 'iphon', '15']","['cost', 'iphone', '15']",cost iphone 15
Difference between Vivo V50 and OnePlus 13,comparison,Response for comparison.,difference between vivo v50 and oneplus 13,difference between vivo v50 and oneplus 13,"['difference', 'between', 'vivo', 'v50', 'and', 'oneplus', '13']","['difference', 'vivo', 'v50', 'oneplus', '13']","['differ', 'vivo', 'v50', 'oneplu', '13']","['difference', 'vivo', 'v50', 'oneplus', '13']",difference vivo v50 oneplus 13
Which is better Galaxy S24 or Galaxy S24?,comparison,Response for comparison.,which is better galaxy s24 or galaxy s24?,which is better galaxy s24 or galaxy s24,"['which', 'is', 'better', 'galaxy', 's24', 'or', 'galaxy', 's24']","['better', 'galaxy', 's24', 'galaxy', 's24']","['better', 'galaxi', 's24', 'galaxi', 's24']","['better', 'galaxy', 's24', 'galaxy', 's24']",better galaxy s24 galaxy s24
Phone for students,recommendation,Response for recommendation.,phone for students,phone for students,"['phone', 'for', 'students']","['phone', 'students']","['phone', 'student']","['phone', 'student']",phone student
Payment methods,payment,Response for payment.,payment methods,payment methods,"['payment', 'methods']","['payment', 'methods']","['payment', 'method']","['payment', 'method']",payment method
Can I use Visa?,payment,Response for payment.,can i use visa?,can i use visa,"['can', 'i', 'use', 'visa']","['use', 'visa']","['use', 'visa']","['use', 'visa']",use visa
Phone for students,recommendation,Response for recommendation.,phone for students,phone for students,"['phone', 'for', 'students']","['phone', 'students']","['phone', 'student']","['phone', 'student']",phone student
Which is better Redmi Note 14 or Vivo V50?,comparison,Response for comparison.,which is better redmi note 14 or vivo v50?,which is better redmi note 14 or vivo v50,"['which', 'is', 'better', 'redmi', 'note', '14', 'or', 'vivo', 'v50']","['better', 'redmi', 'note', '14', 'vivo', 'v50']","['better', 'redmi', 'note', '14', 'vivo', 'v50']","['better', 'redmi', 'note', '14', 'vivo', 'v50']",better redmi note 14 vivo v50
Catch you later,goodbye,Response for goodbye.,catch you later,catch you later,"['catch', 'you', 'later']","['catch', 'later']","['catch', 'later']","['catch', 'later']",catch later
Good evening,greeting,Response for greeting.,good evening,good evening,"['good', 'evening']","['good', 'evening']","['good', 'even']","['good', 'evening']",good evening
Recommend a phone,recommendation,Response for recommendation.,recommend a phone,recommend a phone,"['recommend', 'a', 'phone']","['recommend', 'phone']","['recommend', 'phone']","['recommend', 'phone']",recommend phone
Best battery phone,recommendation,Response for recommendation.,best battery phone,best battery phone,"['best', 'battery', 'phone']","['best', 'battery', 'phone']","['best', 'batteri', 'phone']","['best', 'battery', 'phone']",best battery phone
Latest Samsung phones,phone_search,Response for phone_search.,latest samsung phones,latest samsung phones,"['latest', 'samsung', 'phones']","['latest', 'samsung', 'phones']","['latest', 'samsung', 'phone']","['latest', 'samsung', 'phone']",latest samsung phone
Catch you later,goodbye,Response for goodbye.,catch you later,catch you later,"['catch', 'you', 'later']","['catch', 'later']","['catch', 'later']","['catch', 'later']",catch later
Have a nice day,goodbye,Response for goodbye.,have a nice day,have a nice day,"['have', 'a', 'nice', 'day']","['nice', 'day']","['nice', 'day']","['nice', 'day']",nice day
Thank you,thanks,Response for thanks.,thank you,thank you,"['thank', 'you']",['thank'],['thank'],['thank'],thank
Recommend a phone,recommendation,Response for recommendation.,recommend a phone,recommend a phone,"['recommend', 'a', 'phone']","['recommend', 'phone']","['recommend', 'phone']","['recommend', 'phone']",recommend phone
Need a USB-C cable,accessory_search,Response for accessory_search.,need a usb-c cable,need a usbc cable,"['need', 'a', 'usbc', 'cable']","['need', 'usbc', 'cable']","['need', 'usbc', 'cabl']","['need', 'usbc', 'cable']",need usbc cable
Hello,greeting,Response for greeting.,hello,hello,['hello'],['hello'],['hello'],['hello'],hello
Thank you,thanks,Response for thanks.,thank you,thank you,"['thank', 'you']",['thank'],['thank'],['thank'],thank
Good morning,greeting,Response for greeting.,good morning,good morning,"['good', 'morning']","['good', 'morning']","['good', 'morn']","['good', 'morning']",good morning
Can I pay by card?,payment,Response for payment.,can i pay by card?,can i pay by card,"['can', 'i', 'pay', 'by', 'card']","['pay', 'card']","['pay', 'card']","['pay', 'card']",pay card
Much appreciated,thanks,Response for thanks.,much appreciated,much appreciated,"['much', 'appreciated']","['much', 'appreciated']","['much', 'appreci']","['much', 'appreciated']",much appreciated
Recommend a phone,recommendation,Response for recommendation.,recommend a phone,recommend a phone,"['recommend', 'a', 'phone']","['recommend', 'phone']","['recommend', 'phone']","['recommend', 'phone']",recommend phone
Compare iPhone 15 and OnePlus 13,comparison,Response for comparison.,compare iphone 15 and oneplus 13,compare iphone 15 and oneplus 13,"['compare', 'iphone', '15', 'and', 'oneplus', '13']","['compare', 'iphone', '15', 'oneplus', '13']","['compar', 'iphon', '15', 'oneplu', '13']","['compare', 'iphone', '15', 'oneplus', '13']",compare iphone 15 oneplus 13
Looking for Xiaomi mobiles,phone_search,Response for phone_search.,looking for xiaomi mobiles,looking for xiaomi mobiles,"['looking', 'for', 'xiaomi', 'mobiles']","['looking', 'xiaomi', 'mobiles']","['look', 'xiaomi', 'mobil']","['looking', 'xiaomi', 'mobile']",looking xiaomi mobile
Compare Vivo V50 and Oppo Reno 14,comparison,Response for comparison.,compare vivo v50 and oppo reno 14,compare vivo v50 and oppo reno 14,"['compare', 'vivo', 'v50', 'and', 'oppo', 'reno', '14']","['compare', 'vivo', 'v50', 'oppo', 'reno', '14']","['compar', 'vivo', 'v50', 'oppo', 'reno', '14']","['compare', 'vivo', 'v50', 'oppo', 'reno', '14']",compare vivo v50 oppo reno 14
Recommend a phone,recommendation,Response for recommendation.,recommend a phone,recommend a phone,"['recommend', 'a', 'phone']","['recommend', 'phone']","['recommend', 'phone']","['recommend', 'phone']",recommend phone
Best camera phone,recommendation,Response for recommendation.,best camera phone,best camera phone,"['best', 'camera', 'phone']","['best', 'camera', 'phone']","['best', 'camera', 'phone']","['best', 'camera', 'phone']",best camera phone
Looking for Xiaomi mobiles,phone_search,Response for phone_search.,looking for xiaomi mobiles,looking for xiaomi mobiles,"['looking', 'for', 'xiaomi', 'mobiles']","['looking', 'xiaomi', 'mobiles']","['look', 'xiaomi', 'mobil']","['looking', 'xiaomi', 'mobile']",looking xiaomi mobile
Can I pay by card?,payment,Response for payment.,can i pay by card?,can i pay by card,"['can', 'i', 'pay', 'by', 'card']","['pay', 'card']","['pay', 'card']","['pay', 'card']",pay card
Redmi Note 14 vs iPhone 15,comparison,Response for comparison.,redmi note 14 vs iphone 15,redmi note 14 vs iphone 15,"['redmi', 'note', '14', 'vs', 'iphone', '15']","['redmi', 'note', '14', 'vs', 'iphone', '15']","['redmi', 'note', '14', 'vs', 'iphon', '15']","['redmi', 'note', '14', 'v', 'iphone', '15']",redmi note 14 v iphone 15
Can I pay by card?,payment,Response for payment.,can i pay by card?,can i pay by card,"['can', 'i', 'pay', 'by', 'card']","['pay', 'card']","['pay', 'card']","['pay', 'card']",pay card
Much appreciated,thanks,Response for thanks.,much appreciated,much appreciated,"['much', 'appreciated']","['much', 'appreciated']","['much', 'appreci']","['much', 'appreciated']",much appreciated
Much appreciated,thanks,Response for thanks.,much appreciated,much appreciated,"['much', 'appreciated']","['much', 'appreciated']","['much', 'appreci']","['much', 'appreciated']",much appreciated
Cash accepted?,payment,Response for payment.,cash accepted?,cash accepted,"['cash', 'accepted']","['cash', 'accepted']","['cash', 'accept']","['cash', 'accepted']",cash accepted
Galaxy S24 price,price_query,Response for price_query.,galaxy s24 price,galaxy s24 price,"['galaxy', 's24', 'price']","['galaxy', 's24', 'price']","['galaxi', 's24', 'price']","['galaxy', 's24', 'price']",galaxy s24 price
Compare Oppo Reno 14 and iPhone 15,comparison,Response for comparison.,compare oppo reno 14 and iphone 15,compare oppo reno 14 and iphone 15,"['compare', 'oppo', 'reno', '14', 'and', 'iphone', '15']","['compare', 'oppo', 'reno', '14', 'iphone', '15']","['compar', 'oppo', 'reno', '14', 'iphon', '15']","['compare', 'oppo', 'reno', '14', 'iphone', '15']",compare oppo reno 14 iphone 15
Good morning,greeting,Response for greeting.,good morning,good morning,"['good', 'morning']","['good', 'morning']","['good', 'morn']","['good', 'morning']",good morning
Have a nice day,goodbye,Response for goodbye.,have a nice day,have a nice day,"['have', 'a', 'nice', 'day']","['nice', 'day']","['nice', 'day']","['nice', 'day']",nice day
Price of USB-C cable,accessory_search,Response for accessory_search.,price of usb-c cable,price of usbc cable,"['price', 'of', 'usbc', 'cable']","['price', 'usbc', 'cable']","['price', 'usbc', 'cabl']","['price', 'usbc', 'cable']",price usbc cable
Do you have OnePlus 13 now?,availability,Response for availability.,do you have oneplus 13 now?,do you have oneplus 13 now,"['do', 'you', 'have', 'oneplus', '13', 'now']","['oneplus', '13']","['oneplu', '13']","['oneplus', '13']",oneplus 13
Looking for Apple mobiles,phone_search,Response for phone_search.,looking for apple mobiles,looking for apple mobiles,"['looking', 'for', 'apple', 'mobiles']","['looking', 'apple', 'mobiles']","['look', 'appl', 'mobil']","['looking', 'apple', 'mobile']",looking apple mobile
Can I pay by card?,payment,Response for payment.,can i pay by card?,can i pay by card,"['can', 'i', 'pay', 'by', 'card']","['pay', 'card']","['pay', 'card']","['pay', 'card']",pay card
Do you have Vivo V50 now?,availability,Response for availability.,do you have vivo v50 now?,do you have vivo v50 now,"['do', 'you', 'have', 'vivo', 'v50', 'now']","['vivo', 'v50']","['vivo', 'v50']","['vivo', 'v50']",vivo v50
Best gaming phone,recommendation,Response for recommendation.,best gaming phone,best gaming phone,"['best', 'gaming', 'phone']","['best', 'gaming', 'phone']","['best', 'game', 'phone']","['best', 'gaming', 'phone']",best gaming phone
Hi,greeting,Response for greeting.,hi,hi,['hi'],['hi'],['hi'],['hi'],hi
Galaxy S24 price,price_query,Response for price_query.,galaxy s24 price,galaxy s24 price,"['galaxy', 's24', 'price']","['galaxy', 's24', 'price']","['galaxi', 's24', 'price']","['galaxy', 's24', 'price']",galaxy s24 price
Good evening,greeting,Response for greeting.,good evening,good evening,"['good', 'evening']","['good', 'evening']","['good', 'even']","['good', 'evening']",good evening
Price of Oppo Reno 14,price_query,Response for price_query.,price of oppo reno 14,price of oppo reno 14,"['price', 'of', 'oppo', 'reno', '14']","['price', 'oppo', 'reno', '14']","['price', 'oppo', 'reno', '14']","['price', 'oppo', 'reno', '14']",price oppo reno 14
Best gaming phone,recommendation,Response for recommendation.,best gaming phone,best gaming phone,"['best', 'gaming', 'phone']","['best', 'gaming', 'phone']","['best', 'game', 'phone']","['best', 'gaming', 'phone']",best gaming phone
Have a nice day,goodbye,Response for goodbye.,have a nice day,have a nice day,"['have', 'a', 'nice', 'day']","['nice', 'day']","['nice', 'day']","['nice', 'day']",nice day
Show me Xiaomi phones,phone_search,Response for phone_search.,show me xiaomi phones,show me xiaomi phones,"['show', 'me', 'xiaomi', 'phones']","['show', 'xiaomi', 'phones']","['show', 'xiaomi', 'phone']","['show', 'xiaomi', 'phone']",show xiaomi phone
Hello,greeting,Response for greeting.,hello,hello,['hello'],['hello'],['hello'],['hello'],hello
OnePlus 13 vs Oppo Reno 14,comparison,Response for comparison.,oneplus 13 vs oppo reno 14,oneplus 13 vs oppo reno 14,"['oneplus', '13', 'vs', 'oppo', 'reno', '14']","['oneplus', '13', 'vs', 'oppo', 'reno', '14']","['oneplu', '13', 'vs', 'oppo', 'reno', '14']","['oneplus', '13', 'v', 'oppo', 'reno', '14']",oneplus 13 v oppo reno 14
Can I use Visa?,payment,Response for payment.,can i use visa?,can i use visa,"['can', 'i', 'use', 'visa']","['use', 'visa']","['use', 'visa']","['use', 'visa']",use visa
Looking for Apple mobiles,phone_search,Response for phone_search.,looking for apple mobiles,looking for apple mobiles,"['looking', 'for', 'apple', 'mobiles']","['looking', 'apple', 'mobiles']","['look', 'appl', 'mobil']","['looking', 'apple', 'mobile']",looking apple mobile
How much is Redmi Note 14?,price_query,Response for price_query.,how much is redmi note 14?,how much is redmi note 14,"['how', 'much', 'is', 'redmi', 'note', '14']","['much', 'redmi', 'note', '14']","['much', 'redmi', 'note', '14']","['much', 'redmi', 'note', '14']",much redmi note 14
Goodbye,goodbye,Response for goodbye.,goodbye,goodbye,['goodbye'],['goodbye'],['goodby'],['goodbye'],goodbye
Hey,greeting,Response for greeting.,hey,hey,['hey'],['hey'],['hey'],['hey'],hey
Latest Vivo phones,phone_search,Response for phone_search.,latest vivo phones,latest vivo phones,"['latest', 'vivo', 'phones']","['latest', 'vivo', 'phones']","['latest', 'vivo', 'phone']","['latest', 'vivo', 'phone']",latest vivo phone
Can I pay by card?,payment,Response for payment.,can i pay by card?,can i pay by card,"['can', 'i', 'pay', 'by', 'card']","['pay', 'card']","['pay', 'card']","['pay', 'card']",pay card
Recommend a phone,recommendation,Response for recommendation.,recommend a phone,recommend a phone,"['recommend', 'a', 'phone']","['recommend', 'phone']","['recommend', 'phone']","['recommend', 'phone']",recommend phone
Much appreciated,thanks,Response for thanks.,much appreciated,much appreciated,"['much', 'appreciated']","['much', 'appreciated']","['much', 'appreci']","['much', 'appreciated']",much appreciated
Do you have phone case?,accessory_search,Response for accessory_search.,do you have phone case?,do you have phone case,"['do', 'you', 'have', 'phone', 'case']","['phone', 'case']","['phone', 'case']","['phone', 'case']",phone case
Can I pay by card?,payment,Response for payment.,can i pay by card?,can i pay by card,"['can', 'i', 'pay', 'by', 'card']","['pay', 'card']","['pay', 'card']","['pay', 'card']",pay card
Best gaming phone,recommendation,Response for recommendation.,best gaming phone,best gaming phone,"['best', 'gaming', 'phone']","['best', 'gaming', 'phone']","['best', 'game', 'phone']","['best', 'gaming', 'phone']",best gaming phone
Good morning,greeting,Response for greeting.,good morning,good morning,"['good', 'morning']","['good', 'morning']","['good', 'morn']","['good', 'morning']",good morning
Hello,greeting,Response for greeting.,hello,hello,['hello'],['hello'],['hello'],['hello'],hello
Good morning,greeting,Response for greeting.,good morning,good morning,"['good', 'morning']","['good', 'morning']","['good', 'morn']","['good', 'morning']",good morning
Looking for OnePlus mobiles,phone_search,Response for phone_search.,looking for oneplus mobiles,looking for oneplus mobiles,"['looking', 'for', 'oneplus', 'mobiles']","['looking', 'oneplus', 'mobiles']","['look', 'oneplu', 'mobil']","['looking', 'oneplus', 'mobile']",looking oneplus mobile
Oppo Reno 14 vs Galaxy S24,comparison,Response for comparison.,oppo reno 14 vs galaxy s24,oppo reno 14 vs galaxy s24,"['oppo', 'reno', '14', 'vs', 'galaxy', 's24']","['oppo', 'reno', '14', 'vs', 'galaxy', 's24']","['oppo', 'reno', '14', 'vs', 'galaxi', 's24']","['oppo', 'reno', '14', 'v', 'galaxy', 's24']",oppo reno 14 v galaxy s24
Show me OnePlus phones,phone_search,Response for phone_search.,show me oneplus phones,show me oneplus phones,"['show', 'me', 'oneplus', 'phones']","['show', 'oneplus', 'phones']","['show', 'oneplu', 'phone']","['show', 'oneplus', 'phone']",show oneplus phone
Hi,greeting,Response for greeting.,hi,hi,['hi'],['hi'],['hi'],['hi'],hi
Looking for Xiaomi mobiles,phone_search,Response for phone_search.,looking for xiaomi mobiles,looking for xiaomi mobiles,"['looking', 'for', 'xiaomi', 'mobiles']","['looking', 'xiaomi', 'mobiles']","['look', 'xiaomi', 'mobil']","['looking', 'xiaomi', 'mobile']",looking xiaomi mobile
Difference between Oppo Reno 14 and Redmi Note 14,comparison,Response for comparison.,difference between oppo reno 14 and redmi note 14,difference between oppo reno 14 and redmi note 14,"['difference', 'between', 'oppo', 'reno', '14', 'and', 'redmi', 'note', '14']","['difference', 'oppo', 'reno', '14', 'redmi', 'note', '14']","['differ', 'oppo', 'reno', '14', 'redmi', 'note', '14']","['difference', 'oppo', 'reno', '14', 'redmi', 'note', '14']",difference oppo reno 14 redmi note 14
Latest OnePlus phones,phone_search,Response for phone_search.,latest oneplus phones,latest oneplus phones,"['latest', 'oneplus', 'phones']","['latest', 'oneplus', 'phones']","['latest', 'oneplu', 'phone']","['latest', 'oneplus', 'phone']",latest oneplus phone
See you,goodbye,Response for goodbye.,see you,see you,"['see', 'you']",['see'],['see'],['see'],see
Hi,greeting,Response for greeting.,hi,hi,['hi'],['hi'],['hi'],['hi'],hi
Much appreciated,thanks,Response for thanks.,much appreciated,much appreciated,"['much', 'appreciated']","['much', 'appreciated']","['much', 'appreci']","['much', 'appreciated']",much appreciated
Bye,goodbye,Response for goodbye.,bye,bye,['bye'],['bye'],['bye'],['bye'],bye
Compare Vivo V50 and Galaxy S24,comparison,Response for comparison.,compare vivo v50 and galaxy s24,compare vivo v50 and galaxy s24,"['compare', 'vivo', 'v50', 'and', 'galaxy', 's24']","['compare', 'vivo', 'v50', 'galaxy', 's24']","['compar', 'vivo', 'v50', 'galaxi', 's24']","['compare', 'vivo', 'v50', 'galaxy', 's24']",compare vivo v50 galaxy s24
Much appreciated,thanks,Response for thanks.,much appreciated,much appreciated,"['much', 'appreciated']","['much', 'appreciated']","['much', 'appreci']","['much', 'appreciated']",much appreciated
Price of AirPods,accessory_search,Response for accessory_search.,price of airpods,price of airpods,"['price', 'of', 'airpods']","['price', 'airpods']","['price', 'airpod']","['price', 'airpods']",price airpods
Looking for AirPods,accessory_search,Response for accessory_search.,looking for airpods,looking for airpods,"['looking', 'for', 'airpods']","['looking', 'airpods']","['look', 'airpod']","['looking', 'airpods']",looking airpods
Which is better Oppo Reno 14 or Oppo Reno 14?,comparison,Response for comparison.,which is better oppo reno 14 or oppo reno 14?,which is better oppo reno 14 or oppo reno 14,"['which', 'is', 'better', 'oppo', 'reno', '14', 'or', 'oppo', 'reno', '14']","['better', 'oppo', 'reno', '14', 'oppo', 'reno', '14']","['better', 'oppo', 'reno', '14', 'oppo', 'reno', '14']","['better', 'oppo', 'reno', '14', 'oppo', 'reno', '14']",better oppo reno 14 oppo reno 14
Do you have Apple?,phone_search,Response for phone_search.,do you have apple?,do you have apple,"['do', 'you', 'have', 'apple']",['apple'],['appl'],['apple'],apple
Goodbye,goodbye,Response for goodbye.,goodbye,goodbye,['goodbye'],['goodbye'],['goodby'],['goodbye'],goodbye
Online payment?,payment,Response for payment.,online payment?,online payment,"['online', 'payment']","['online', 'payment']","['onlin', 'payment']","['online', 'payment']",online payment
Goodbye,goodbye,Response for goodbye.,goodbye,goodbye,['goodbye'],['goodbye'],['goodby'],['goodbye'],goodbye
Cash accepted?,payment,Response for payment.,cash accepted?,cash accepted,"['cash', 'accepted']","['cash', 'accepted']","['cash', 'accept']","['cash', 'accepted']",cash accepted
Do you have OnePlus 13 now?,availability,Response for availability.,do you have oneplus 13 now?,do you have oneplus 13 now,"['do', 'you', 'have', 'oneplus', '13', 'now']","['oneplus', '13']","['oneplu', '13']","['oneplus', '13']",oneplus 13
I need a Oppo phone,phone_search,Response for phone_search.,i need a oppo phone,i need a oppo phone,"['i', 'need', 'a', 'oppo', 'phone']","['need', 'oppo', 'phone']","['need', 'oppo', 'phone']","['need', 'oppo', 'phone']",need oppo phone
Hi,greeting,Response for greeting.,hi,hi,['hi'],['hi'],['hi'],['hi'],hi
Difference between Redmi Note 14 and Vivo V50,comparison,Response for comparison.,difference between redmi note 14 and vivo v50,difference between redmi note 14 and vivo v50,"['difference', 'between', 'redmi', 'note', '14', 'and', 'vivo', 'v50']","['difference', 'redmi', 'note', '14', 'vivo', 'v50']","['differ', 'redmi', 'note', '14', 'vivo', 'v50']","['difference', 'redmi', 'note', '14', 'vivo', 'v50']",difference redmi note 14 vivo v50
Thanks a lot,thanks,Response for thanks.,thanks a lot,thanks a lot,"['thanks', 'a', 'lot']","['thanks', 'lot']","['thank', 'lot']","['thanks', 'lot']",thanks lot
Great thanks,thanks,Response for thanks.,great thanks,great thanks,"['great', 'thanks']","['great', 'thanks']","['great', 'thank']","['great', 'thanks']",great thanks
Which is better Vivo V50 or iPhone 15?,comparison,Response for comparison.,which is better vivo v50 or iphone 15?,which is better vivo v50 or iphone 15,"['which', 'is', 'better', 'vivo', 'v50', 'or', 'iphone', '15']","['better', 'vivo', 'v50', 'iphone', '15']","['better', 'vivo', 'v50', 'iphon', '15']","['better', 'vivo', 'v50', 'iphone', '15']",better vivo v50 iphone 15
Which is better OnePlus 13 or iPhone 15?,comparison,Response for comparison.,which is better oneplus 13 or iphone 15?,which is better oneplus 13 or iphone 15,"['which', 'is', 'better', 'oneplus', '13', 'or', 'iphone', '15']","['better', 'oneplus', '13', 'iphone', '15']","['better', 'oneplu', '13', 'iphon', '15']","['better', 'oneplus', '13', 'iphone', '15']",better oneplus 13 iphone 15
Availability of OnePlus 13,availability,Response for availability.,availability of oneplus 13,availability of oneplus 13,"['availability', 'of', 'oneplus', '13']","['availability', 'oneplus', '13']","['avail', 'oneplu', '13']","['availability', 'oneplus', '13']",availability oneplus 13
Price of charger,accessory_search,Response for accessory_search.,price of charger,price of charger,"['price', 'of', 'charger']","['price', 'charger']","['price', 'charger']","['price', 'charger']",price charger
Need a charger,accessory_search,Response for accessory_search.,need a charger,need a charger,"['need', 'a', 'charger']","['need', 'charger']","['need', 'charger']","['need', 'charger']",need charger
Vivo V50 vs OnePlus 13,comparison,Response for comparison.,vivo v50 vs oneplus 13,vivo v50 vs oneplus 13,"['vivo', 'v50', 'vs', 'oneplus', '13']","['vivo', 'v50', 'vs', 'oneplus', '13']","['vivo', 'v50', 'vs', 'oneplu', '13']","['vivo', 'v50', 'v', 'oneplus', '13']",vivo v50 v oneplus 13
In stock Vivo V50?,availability,Response for availability.,in stock vivo v50?,in stock vivo v50,"['in', 'stock', 'vivo', 'v50']","['stock', 'vivo', 'v50']","['stock', 'vivo', 'v50']","['stock', 'vivo', 'v50']",stock vivo v50
Compare Galaxy S24 and Galaxy S24,comparison,Response for comparison.,compare galaxy s24 and galaxy s24,compare galaxy s24 and galaxy s24,"['compare', 'galaxy', 's24', 'and', 'galaxy', 's24']","['compare', 'galaxy', 's24', 'galaxy', 's24']","['compar', 'galaxi', 's24', 'galaxi', 's24']","['compare', 'galaxy', 's24', 'galaxy', 's24']",compare galaxy s24 galaxy s24
Need a phone case,accessory_search,Response for accessory_search.,need a phone case,need a phone case,"['need', 'a', 'phone', 'case']","['need', 'phone', 'case']","['need', 'phone', 'case']","['need', 'phone', 'case']",need phone case
Great thanks,thanks,Response for thanks.,great thanks,great thanks,"['great', 'thanks']","['great', 'thanks']","['great', 'thank']","['great', 'thanks']",great thanks
Best camera phone,recommendation,Response for recommendation.,best camera phone,best camera phone,"['best', 'camera', 'phone']","['best', 'camera', 'phone']","['best', 'camera', 'phone']","['best', 'camera', 'phone']",best camera phone
Latest Apple phones,phone_search,Response for phone_search.,latest apple phones,latest apple phones,"['latest', 'apple', 'phones']","['latest', 'apple', 'phones']","['latest', 'appl', 'phone']","['latest', 'apple', 'phone']",latest apple phone
Payment methods,payment,Response for payment.,payment methods,payment methods,"['payment', 'methods']","['payment', 'methods']","['payment', 'method']","['payment', 'method']",payment method
Latest Apple phones,phone_search,Response for phone_search.,latest apple phones,latest apple phones,"['latest', 'apple', 'phones']","['latest', 'apple', 'phones']","['latest', 'appl', 'phone']","['latest', 'apple', 'phone']",latest apple phone
Do you have iPhone 15 now?,availability,Response for availability.,do you have iphone 15 now?,do you have iphone 15 now,"['do', 'you', 'have', 'iphone', '15', 'now']","['iphone', '15']","['iphon', '15']","['iphone', '15']",iphone 15
Price of Galaxy S24,price_query,Response for price_query.,price of galaxy s24,price of galaxy s24,"['price', 'of', 'galaxy', 's24']","['price', 'galaxy', 's24']","['price', 'galaxi', 's24']","['price', 'galaxy', 's24']",price galaxy s24
Do you have Samsung?,phone_search,Response for phone_search.,do you have samsung?,do you have samsung,"['do', 'you', 'have', 'samsung']",['samsung'],['samsung'],['samsung'],samsung
Thank you,thanks,Response for thanks.,thank you,thank you,"['thank', 'you']",['thank'],['thank'],['thank'],thank
Great thanks,thanks,Response for thanks.,great thanks,great thanks,"['great', 'thanks']","['great', 'thanks']","['great', 'thank']","['great', 'thanks']",great thanks
Cost of Oppo Reno 14,price_query,Response for price_query.,cost of oppo reno 14,cost of oppo reno 14,"['cost', 'of', 'oppo', 'reno', '14']","['cost', 'oppo', 'reno', '14']","['cost', 'oppo', 'reno', '14']","['cost', 'oppo', 'reno', '14']",cost oppo reno 14
Great thanks,thanks,Response for thanks.,great thanks,great thanks,"['great', 'thanks']","['great', 'thanks']","['great', 'thank']","['great', 'thanks']",great thanks
Need a USB-C cable,accessory_search,Response for accessory_search.,need a usb-c cable,need a usbc cable,"['need', 'a', 'usbc', 'cable']","['need', 'usbc', 'cable']","['need', 'usbc', 'cabl']","['need', 'usbc', 'cable']",need usbc cable
Looking for OnePlus mobiles,phone_search,Response for phone_search.,looking for oneplus mobiles,looking for oneplus mobiles,"['looking', 'for', 'oneplus', 'mobiles']","['looking', 'oneplus', 'mobiles']","['look', 'oneplu', 'mobil']","['looking', 'oneplus', 'mobile']",looking oneplus mobile
Tell me the price of Galaxy S24,price_query,Response for price_query.,tell me the price of galaxy s24,tell me the price of galaxy s24,"['tell', 'me', 'the', 'price', 'of', 'galaxy', 's24']","['tell', 'price', 'galaxy', 's24']","['tell', 'price', 'galaxi', 's24']","['tell', 'price', 'galaxy', 's24']",tell price galaxy s24
Thanks a lot,thanks,Response for thanks.,thanks a lot,thanks a lot,"['thanks', 'a', 'lot']","['thanks', 'lot']","['thank', 'lot']","['thanks', 'lot']",thanks lot
Compare these phones,comparison,Response for comparison.,compare these phones,compare these phones,"['compare', 'these', 'phones']","['compare', 'phones']","['compar', 'phone']","['compare', 'phone']",compare phone
Which is better OnePlus 13 or Galaxy S24?,comparison,Response for comparison.,which is better oneplus 13 or galaxy s24?,which is better oneplus 13 or galaxy s24,"['which', 'is', 'better', 'oneplus', '13', 'or', 'galaxy', 's24']","['better', 'oneplus', '13', 'galaxy', 's24']","['better', 'oneplu', '13', 'galaxi', 's24']","['better', 'oneplus', '13', 'galaxy', 's24']",better oneplus 13 galaxy s24
Looking for Realme mobiles,phone_search,Response for phone_search.,looking for realme mobiles,looking for realme mobiles,"['looking', 'for', 'realme', 'mobiles']","['looking', 'realme', 'mobiles']","['look', 'realm', 'mobil']","['looking', 'realme', 'mobile']",looking realme mobile
Price of Oppo Reno 14,price_query,Response for price_query.,price of oppo reno 14,price of oppo reno 14,"['price', 'of', 'oppo', 'reno', '14']","['price', 'oppo', 'reno', '14']","['price', 'oppo', 'reno', '14']","['price', 'oppo', 'reno', '14']",price oppo reno 14
Latest Apple phones,phone_search,Response for phone_search.,latest apple phones,latest apple phones,"['latest', 'apple', 'phones']","['latest', 'apple', 'phones']","['latest', 'appl', 'phone']","['latest', 'apple', 'phone']",latest apple phone
Is Galaxy S24 available?,availability,Response for availability.,is galaxy s24 available?,is galaxy s24 available,"['is', 'galaxy', 's24', 'available']","['galaxy', 's24', 'available']","['galaxi', 's24', 'avail']","['galaxy', 's24', 'available']",galaxy s24 available
Price of screen protector,accessory_search,Response for accessory_search.,price of screen protector,price of screen protector,"['price', 'of', 'screen', 'protector']","['price', 'screen', 'protector']","['price', 'screen', 'protector']","['price', 'screen', 'protector']",price screen protector
Can I use Visa?,payment,Response for payment.,can i use visa?,can i use visa,"['can', 'i', 'use', 'visa']","['use', 'visa']","['use', 'visa']","['use', 'visa']",use visa
Bye,goodbye,Response for goodbye.,bye,bye,['bye'],['bye'],['bye'],['bye'],bye
Thank you,thanks,Response for thanks.,thank you,thank you,"['thank', 'you']",['thank'],['thank'],['thank'],thank
Do you have USB-C cable?,accessory_search,Response for accessory_search.,do you have usb-c cable?,do you have usbc cable,"['do', 'you', 'have', 'usbc', 'cable']","['usbc', 'cable']","['usbc', 'cabl']","['usbc', 'cable']",usbc cable
Good evening,greeting,Response for greeting.,good evening,good evening,"['good', 'evening']","['good', 'evening']","['good', 'even']","['good', 'evening']",good evening
Which is better Vivo V50 or Redmi Note 14?,comparison,Response for comparison.,which is better vivo v50 or redmi note 14?,which is better vivo v50 or redmi note 14,"['which', 'is', 'better', 'vivo', 'v50', 'or', 'redmi', 'note', '14']","['better', 'vivo', 'v50', 'redmi', 'note', '14']","['better', 'vivo', 'v50', 'redmi', 'note', '14']","['better', 'vivo', 'v50', 'redmi', 'note', '14']",better vivo v50 redmi note 14
Thank you,thanks,Response for thanks.,thank you,thank you,"['thank', 'you']",['thank'],['thank'],['thank'],thank
iPhone 15 vs Vivo V50,comparison,Response for comparison.,iphone 15 vs vivo v50,iphone 15 vs vivo v50,"['iphone', '15', 'vs', 'vivo', 'v50']","['iphone', '15', 'vs', 'vivo', 'v50']","['iphon', '15', 'vs', 'vivo', 'v50']","['iphone', '15', 'v', 'vivo', 'v50']",iphone 15 v vivo v50
Do you have phone case?,accessory_search,Response for accessory_search.,do you have phone case?,do you have phone case,"['do', 'you', 'have', 'phone', 'case']","['phone', 'case']","['phone', 'case']","['phone', 'case']",phone case
Tell me the price of Oppo Reno 14,price_query,Response for price_query.,tell me the price of oppo reno 14,tell me the price of oppo reno 14,"['tell', 'me', 'the', 'price', 'of', 'oppo', 'reno', '14']","['tell', 'price', 'oppo', 'reno', '14']","['tell', 'price', 'oppo', 'reno', '14']","['tell', 'price', 'oppo', 'reno', '14']",tell price oppo reno 14
Cost of Galaxy S24,price_query,Response for price_query.,cost of galaxy s24,cost of galaxy s24,"['cost', 'of', 'galaxy', 's24']","['cost', 'galaxy', 's24']","['cost', 'galaxi', 's24']","['cost', 'galaxy', 's24']",cost galaxy s24
Much appreciated,thanks,Response for thanks.,much appreciated,much appreciated,"['much', 'appreciated']","['much', 'appreciated']","['much', 'appreci']","['much', 'appreciated']",much appreciated
Thanks,thanks,Response for thanks.,thanks,thanks,['thanks'],['thanks'],['thank'],['thanks'],thanks
Thank you,thanks,Response for thanks.,thank you,thank you,"['thank', 'you']",['thank'],['thank'],['thank'],thank
Online payment?,payment,Response for payment.,online payment?,online payment,"['online', 'payment']","['online', 'payment']","['onlin', 'payment']","['online', 'payment']",online payment
Cost of Vivo V50,price_query,Response for price_query.,cost of vivo v50,cost of vivo v50,"['cost', 'of', 'vivo', 'v50']","['cost', 'vivo', 'v50']","['cost', 'vivo', 'v50']","['cost', 'vivo', 'v50']",cost vivo v50
Show power bank,accessory_search,Response for accessory_search.,show power bank,show power bank,"['show', 'power', 'bank']","['show', 'power', 'bank']","['show', 'power', 'bank']","['show', 'power', 'bank']",show power bank
Online payment?,payment,Response for payment.,online payment?,online payment,"['online', 'payment']","['online', 'payment']","['onlin', 'payment']","['online', 'payment']",online payment
Goodbye,goodbye,Response for goodbye.,goodbye,goodbye,['goodbye'],['goodbye'],['goodby'],['goodbye'],goodbye
Cash accepted?,payment,Response for payment.,cash accepted?,cash accepted,"['cash', 'accepted']","['cash', 'accepted']","['cash', 'accept']","['cash', 'accepted']",cash accepted
Much appreciated,thanks,Response for thanks.,much appreciated,much appreciated,"['much', 'appreciated']","['much', 'appreciated']","['much', 'appreci']","['much', 'appreciated']",much appreciated
Show phone case,accessory_search,Response for accessory_search.,show phone case,show phone case,"['show', 'phone', 'case']","['show', 'phone', 'case']","['show', 'phone', 'case']","['show', 'phone', 'case']",show phone case
Thanks a lot,thanks,Response for thanks.,thanks a lot,thanks a lot,"['thanks', 'a', 'lot']","['thanks', 'lot']","['thank', 'lot']","['thanks', 'lot']",thanks lot
Can I use Visa?,payment,Response for payment.,can i use visa?,can i use visa,"['can', 'i', 'use', 'visa']","['use', 'visa']","['use', 'visa']","['use', 'visa']",use visa
Goodbye,goodbye,Response for goodbye.,goodbye,goodbye,['goodbye'],['goodbye'],['goodby'],['goodbye'],goodbye
Show me Xiaomi phones,phone_search,Response for phone_search.,show me xiaomi phones,show me xiaomi phones,"['show', 'me', 'xiaomi', 'phones']","['show', 'xiaomi', 'phones']","['show', 'xiaomi', 'phone']","['show', 'xiaomi', 'phone']",show xiaomi phone
Galaxy S24 vs Vivo V50,comparison,Response for comparison.,galaxy s24 vs vivo v50,galaxy s24 vs vivo v50,"['galaxy', 's24', 'vs', 'vivo', 'v50']","['galaxy', 's24', 'vs', 'vivo', 'v50']","['galaxi', 's24', 'vs', 'vivo', 'v50']","['galaxy', 's24', 'v', 'vivo', 'v50']",galaxy s24 v vivo v50
Hey,greeting,Response for greeting.,hey,hey,['hey'],['hey'],['hey'],['hey'],hey
Show me Vivo phones,phone_search,Response for phone_search.,show me vivo phones,show me vivo phones,"['show', 'me', 'vivo', 'phones']","['show', 'vivo', 'phones']","['show', 'vivo', 'phone']","['show', 'vivo', 'phone']",show vivo phone
Price of USB-C cable,accessory_search,Response for accessory_search.,price of usb-c cable,price of usbc cable,"['price', 'of', 'usbc', 'cable']","['price', 'usbc', 'cable']","['price', 'usbc', 'cabl']","['price', 'usbc', 'cable']",price usbc cable
Best gaming phone,recommendation,Response for recommendation.,best gaming phone,best gaming phone,"['best', 'gaming', 'phone']","['best', 'gaming', 'phone']","['best', 'game', 'phone']","['best', 'gaming', 'phone']",best gaming phone
Can I use Visa?,payment,Response for payment.,can i use visa?,can i use visa,"['can', 'i', 'use', 'visa']","['use', 'visa']","['use', 'visa']","['use', 'visa']",use visa
Show AirPods,accessory_search,Response for accessory_search.,show airpods,show airpods,"['show', 'airpods']","['show', 'airpods']","['show', 'airpod']","['show', 'airpods']",show airpods
Goodbye,goodbye,Response for goodbye.,goodbye,goodbye,['goodbye'],['goodbye'],['goodby'],['goodbye'],goodbye
Looking for phone case,accessory_search,Response for accessory_search.,looking for phone case,looking for phone case,"['looking', 'for', 'phone', 'case']","['looking', 'phone', 'case']","['look', 'phone', 'case']","['looking', 'phone', 'case']",looking phone case
Good morning,greeting,Response for greeting.,good morning,good morning,"['good', 'morning']","['good', 'morning']","['good', 'morn']","['good', 'morning']",good morning
Looking for Vivo mobiles,phone_search,Response for phone_search.,looking for vivo mobiles,looking for vivo mobiles,"['looking', 'for', 'vivo', 'mobiles']","['looking', 'vivo', 'mobiles']","['look', 'vivo', 'mobil']","['looking', 'vivo', 'mobile']",looking vivo mobile
Can I buy iPhone 15?,availability,Response for availability.,can i buy iphone 15?,can i buy iphone 15,"['can', 'i', 'buy', 'iphone', '15']","['buy', 'iphone', '15']","['buy', 'iphon', '15']","['buy', 'iphone', '15']",buy iphone 15
Compare Vivo V50 and iPhone 15,comparison,Response for comparison.,compare vivo v50 and iphone 15,compare vivo v50 and iphone 15,"['compare', 'vivo', 'v50', 'and', 'iphone', '15']","['compare', 'vivo', 'v50', 'iphone', '15']","['compar', 'vivo', 'v50', 'iphon', '15']","['compare', 'vivo', 'v50', 'iphone', '15']",compare vivo v50 iphone 15
Thanks a lot,thanks,Response for thanks.,thanks a lot,thanks a lot,"['thanks', 'a', 'lot']","['thanks', 'lot']","['thank', 'lot']","['thanks', 'lot']",thanks lot
Can I pay by card?,payment,Response for payment.,can i pay by card?,can i pay by card,"['can', 'i', 'pay', 'by', 'card']","['pay', 'card']","['pay', 'card']","['pay', 'card']",pay card
Cost of Vivo V50,price_query,Response for price_query.,cost of vivo v50,cost of vivo v50,"['cost', 'of', 'vivo', 'v50']","['cost', 'vivo', 'v50']","['cost', 'vivo', 'v50']","['cost', 'vivo', 'v50']",cost vivo v50
Good evening,greeting,Response for greeting.,good evening,good evening,"['good', 'evening']","['good', 'evening']","['good', 'even']","['good', 'evening']",good evening
Looking for Realme mobiles,phone_search,Response for phone_search.,looking for realme mobiles,looking for realme mobiles,"['looking', 'for', 'realme', 'mobiles']","['looking', 'realme', 'mobiles']","['look', 'realm', 'mobil']","['looking', 'realme', 'mobile']",looking realme mobile
Thanks,thanks,Response for thanks.,thanks,thanks,['thanks'],['thanks'],['thank'],['thanks'],thanks
Price of AirPods,accessory_search,Response for accessory_search.,price of airpods,price of airpods,"['price', 'of', 'airpods']","['price', 'airpods']","['price', 'airpod']","['price', 'airpods']",price airpods
Best battery phone,recommendation,Response for recommendation.,best battery phone,best battery phone,"['best', 'battery', 'phone']","['best', 'battery', 'phone']","['best', 'batteri', 'phone']","['best', 'battery', 'phone']",best battery phone
In stock Redmi Note 14?,availability,Response for availability.,in stock redmi note 14?,in stock redmi note 14,"['in', 'stock', 'redmi', 'note', '14']","['stock', 'redmi', 'note', '14']","['stock', 'redmi', 'note', '14']","['stock', 'redmi', 'note', '14']",stock redmi note 14
Much appreciated,thanks,Response for thanks.,much appreciated,much appreciated,"['much', 'appreciated']","['much', 'appreciated']","['much', 'appreci']","['much', 'appreciated']",much appreciated
Tell me the price of iPhone 15,price_query,Response for price_query.,tell me the price of iphone 15,tell me the price of iphone 15,"['tell', 'me', 'the', 'price', 'of', 'iphone', '15']","['tell', 'price', 'iphone', '15']","['tell', 'price', 'iphon', '15']","['tell', 'price', 'iphone', '15']",tell price iphone 15
Bye,goodbye,Response for goodbye.,bye,bye,['bye'],['bye'],['bye'],['bye'],bye
Cash accepted?,payment,Response for payment.,cash accepted?,cash accepted,"['cash', 'accepted']","['cash', 'accepted']","['cash', 'accept']","['cash', 'accepted']",cash accepted
Good morning,greeting,Response for greeting.,good morning,good morning,"['good', 'morning']","['good', 'morning']","['good', 'morn']","['good', 'morning']",good morning
Best gaming phone,recommendation,Response for recommendation.,best gaming phone,best gaming phone,"['best', 'gaming', 'phone']","['best', 'gaming', 'phone']","['best', 'game', 'phone']","['best', 'gaming', 'phone']",best gaming phone
Price of Vivo V50,price_query,Response for price_query.,price of vivo v50,price of vivo v50,"['price', 'of', 'vivo', 'v50']","['price', 'vivo', 'v50']","['price', 'vivo', 'v50']","['price', 'vivo', 'v50']",price vivo v50
Best camera phone,recommendation,Response for recommendation.,best camera phone,best camera phone,"['best', 'camera', 'phone']","['best', 'camera', 'phone']","['best', 'camera', 'phone']","['best', 'camera', 'phone']",best camera phone
Latest Vivo phones,phone_search,Response for phone_search.,latest vivo phones,latest vivo phones,"['latest', 'vivo', 'phones']","['latest', 'vivo', 'phones']","['latest', 'vivo', 'phone']","['latest', 'vivo', 'phone']",latest vivo phone
Latest Apple phones,phone_search,Response for phone_search.,latest apple phones,latest apple phones,"['latest', 'apple', 'phones']","['latest', 'apple', 'phones']","['latest', 'appl', 'phone']","['latest', 'apple', 'phone']",latest apple phone
Compare these phones,comparison,Response for comparison.,compare these phones,compare these phones,"['compare', 'these', 'phones']","['compare', 'phones']","['compar', 'phone']","['compare', 'phone']",compare phone
Payment methods,payment,Response for payment.,payment methods,payment methods,"['payment', 'methods']","['payment', 'methods']","['payment', 'method']","['payment', 'method']",payment method
Can I pay by card?,payment,Response for payment.,can i pay by card?,can i pay by card,"['can', 'i', 'pay', 'by', 'card']","['pay', 'card']","['pay', 'card']","['pay', 'card']",pay card
Best camera phone,recommendation,Response for recommendation.,best camera phone,best camera phone,"['best', 'camera', 'phone']","['best', 'camera', 'phone']","['best', 'camera', 'phone']","['best', 'camera', 'phone']",best camera phone
Cost of Redmi Note 14,price_query,Response for price_query.,cost of redmi note 14,cost of redmi note 14,"['cost', 'of', 'redmi', 'note', '14']","['cost', 'redmi', 'note', '14']","['cost', 'redmi', 'note', '14']","['cost', 'redmi', 'note', '14']",cost redmi note 14
Latest Realme phones,phone_search,Response for phone_search.,latest realme phones,latest realme phones,"['latest', 'realme', 'phones']","['latest', 'realme', 'phones']","['latest', 'realm', 'phone']","['latest', 'realme', 'phone']",latest realme phone
Recommend a phone,recommendation,Response for recommendation.,recommend a phone,recommend a phone,"['recommend', 'a', 'phone']","['recommend', 'phone']","['recommend', 'phone']","['recommend', 'phone']",recommend phone
Can I use Visa?,payment,Response for payment.,can i use visa?,can i use visa,"['can', 'i', 'use', 'visa']","['use', 'visa']","['use', 'visa']","['use', 'visa']",use visa
Online payment?,payment,Response for payment.,online payment?,online payment,"['online', 'payment']","['online', 'payment']","['onlin', 'payment']","['online', 'payment']",online payment
Payment methods,payment,Response for payment.,payment methods,payment methods,"['payment', 'methods']","['payment', 'methods']","['payment', 'method']","['payment', 'method']",payment method
Can I buy Oppo Reno 14?,availability,Response for availability.,can i buy oppo reno 14?,can i buy oppo reno 14,"['can', 'i', 'buy', 'oppo', 'reno', '14']","['buy', 'oppo', 'reno', '14']","['buy', 'oppo', 'reno', '14']","['buy', 'oppo', 'reno', '14']",buy oppo reno 14
See you,goodbye,Response for goodbye.,see you,see you,"['see', 'you']",['see'],['see'],['see'],see
iPhone 15 price,price_query,Response for price_query.,iphone 15 price,iphone 15 price,"['iphone', '15', 'price']","['iphone', '15', 'price']","['iphon', '15', 'price']","['iphone', '15', 'price']",iphone 15 price
Recommend a phone,recommendation,Response for recommendation.,recommend a phone,recommend a phone,"['recommend', 'a', 'phone']","['recommend', 'phone']","['recommend', 'phone']","['recommend', 'phone']",recommend phone
Goodbye,goodbye,Response for goodbye.,goodbye,goodbye,['goodbye'],['goodbye'],['goodby'],['goodbye'],goodbye
Good morning,greeting,Response for greeting.,good morning,good morning,"['good', 'morning']","['good', 'morning']","['good', 'morn']","['good', 'morning']",good morning
Need a power bank,accessory_search,Response for accessory_search.,need a power bank,need a power bank,"['need', 'a', 'power', 'bank']","['need', 'power', 'bank']","['need', 'power', 'bank']","['need', 'power', 'bank']",need power bank
Best camera phone,recommendation,Response for recommendation.,best camera phone,best camera phone,"['best', 'camera', 'phone']","['best', 'camera', 'phone']","['best', 'camera', 'phone']","['best', 'camera', 'phone']",best camera phone
Do you have Xiaomi?,phone_search,Response for phone_search.,do you have xiaomi?,do you have xiaomi,"['do', 'you', 'have', 'xiaomi']",['xiaomi'],['xiaomi'],['xiaomi'],xiaomi
Need a power bank,accessory_search,Response for accessory_search.,need a power bank,need a power bank,"['need', 'a', 'power', 'bank']","['need', 'power', 'bank']","['need', 'power', 'bank']","['need', 'power', 'bank']",need power bank
In stock OnePlus 13?,availability,Response for availability.,in stock oneplus 13?,in stock oneplus 13,"['in', 'stock', 'oneplus', '13']","['stock', 'oneplus', '13']","['stock', 'oneplu', '13']","['stock', 'oneplus', '13']",stock oneplus 13
Tell me the price of OnePlus 13,price_query,Response for price_query.,tell me the price of oneplus 13,tell me the price of oneplus 13,"['tell', 'me', 'the', 'price', 'of', 'oneplus', '13']","['tell', 'price', 'oneplus', '13']","['tell', 'price', 'oneplu', '13']","['tell', 'price', 'oneplus', '13']",tell price oneplus 13
Have a nice day,goodbye,Response for goodbye.,have a nice day,have a nice day,"['have', 'a', 'nice', 'day']","['nice', 'day']","['nice', 'day']","['nice', 'day']",nice day
Show screen protector,accessory_search,Response for accessory_search.,show screen protector,show screen protector,"['show', 'screen', 'protector']","['show', 'screen', 'protector']","['show', 'screen', 'protector']","['show', 'screen', 'protector']",show screen protector
Do you have phone case?,accessory_search,Response for accessory_search.,do you have phone case?,do you have phone case,"['do', 'you', 'have', 'phone', 'case']","['phone', 'case']","['phone', 'case']","['phone', 'case']",phone case
Cash accepted?,payment,Response for payment.,cash accepted?,cash accepted,"['cash', 'accepted']","['cash', 'accepted']","['cash', 'accept']","['cash', 'accepted']",cash accepted
Redmi Note 14 price,price_query,Response for price_query.,redmi note 14 price,redmi note 14 price,"['redmi', 'note', '14', 'price']","['redmi', 'note', '14', 'price']","['redmi', 'note', '14', 'price']","['redmi', 'note', '14', 'price']",redmi note 14 price
Hey,greeting,Response for greeting.,hey,hey,['hey'],['hey'],['hey'],['hey'],hey
Do you have Vivo V50 now?,availability,Response for availability.,do you have vivo v50 now?,do you have vivo v50 now,"['do', 'you', 'have', 'vivo', 'v50', 'now']","['vivo', 'v50']","['vivo', 'v50']","['vivo', 'v50']",vivo v50
Cost of Redmi Note 14,price_query,Response for price_query.,cost of redmi note 14,cost of redmi note 14,"['cost', 'of', 'redmi', 'note', '14']","['cost', 'redmi', 'note', '14']","['cost', 'redmi', 'note', '14']","['cost', 'redmi', 'note', '14']",cost redmi note 14
Cash accepted?,payment,Response for payment.,cash accepted?,cash accepted,"['cash', 'accepted']","['cash', 'accepted']","['cash', 'accept']","['cash', 'accepted']",cash accepted
Cost of Galaxy S24,price_query,Response for price_query.,cost of galaxy s24,cost of galaxy s24,"['cost', 'of', 'galaxy', 's24']","['cost', 'galaxy', 's24']","['cost', 'galaxi', 's24']","['cost', 'galaxy', 's24']",cost galaxy s24
Can I buy Galaxy S24?,availability,Response for availability.,can i buy galaxy s24?,can i buy galaxy s24,"['can', 'i', 'buy', 'galaxy', 's24']","['buy', 'galaxy', 's24']","['buy', 'galaxi', 's24']","['buy', 'galaxy', 's24']",buy galaxy s24
Best battery phone,recommendation,Response for recommendation.,best battery phone,best battery phone,"['best', 'battery', 'phone']","['best', 'battery', 'phone']","['best', 'batteri', 'phone']","['best', 'battery', 'phone']",best battery phone
Thank you,thanks,Response for thanks.,thank you,thank you,"['thank', 'you']",['thank'],['thank'],['thank'],thank
I need a Realme phone,phone_search,Response for phone_search.,i need a realme phone,i need a realme phone,"['i', 'need', 'a', 'realme', 'phone']","['need', 'realme', 'phone']","['need', 'realm', 'phone']","['need', 'realme', 'phone']",need realme phone
Which is better Galaxy S24 or Galaxy S24?,comparison,Response for comparison.,which is better galaxy s24 or galaxy s24?,which is better galaxy s24 or galaxy s24,"['which', 'is', 'better', 'galaxy', 's24', 'or', 'galaxy', 's24']","['better', 'galaxy', 's24', 'galaxy', 's24']","['better', 'galaxi', 's24', 'galaxi', 's24']","['better', 'galaxy', 's24', 'galaxy', 's24']",better galaxy s24 galaxy s24
Great thanks,thanks,Response for thanks.,great thanks,great thanks,"['great', 'thanks']","['great', 'thanks']","['great', 'thank']","['great', 'thanks']",great thanks
Compare these phones,comparison,Response for comparison.,compare these phones,compare these phones,"['compare', 'these', 'phones']","['compare', 'phones']","['compar', 'phone']","['compare', 'phone']",compare phone
Show me OnePlus phones,phone_search,Response for phone_search.,show me oneplus phones,show me oneplus phones,"['show', 'me', 'oneplus', 'phones']","['show', 'oneplus', 'phones']","['show', 'oneplu', 'phone']","['show', 'oneplus', 'phone']",show oneplus phone
How much is Galaxy S24?,price_query,Response for price_query.,how much is galaxy s24?,how much is galaxy s24,"['how', 'much', 'is', 'galaxy', 's24']","['much', 'galaxy', 's24']","['much', 'galaxi', 's24']","['much', 'galaxy', 's24']",much galaxy s24
Bye,goodbye,Response for goodbye.,bye,bye,['bye'],['bye'],['bye'],['bye'],bye
Online payment?,payment,Response for payment.,online payment?,online payment,"['online', 'payment']","['online', 'payment']","['onlin', 'payment']","['online', 'payment']",online payment
Can I pay by card?,payment,Response for payment.,can i pay by card?,can i pay by card,"['can', 'i', 'pay', 'by', 'card']","['pay', 'card']","['pay', 'card']","['pay', 'card']",pay card
Best gaming phone,recommendation,Response for recommendation.,best gaming phone,best gaming phone,"['best', 'gaming', 'phone']","['best', 'gaming', 'phone']","['best', 'game', 'phone']","['best', 'gaming', 'phone']",best gaming phone
See you,goodbye,Response for goodbye.,see you,see you,"['see', 'you']",['see'],['see'],['see'],see
Hi,greeting,Response for greeting.,hi,hi,['hi'],['hi'],['hi'],['hi'],hi
Hello,greeting,Response for greeting.,hello,hello,['hello'],['hello'],['hello'],['hello'],hello
Cost of iPhone 15,price_query,Response for price_query.,cost of iphone 15,cost of iphone 15,"['cost', 'of', 'iphone', '15']","['cost', 'iphone', '15']","['cost', 'iphon', '15']","['cost', 'iphone', '15']",cost iphone 15
Hello,greeting,Response for greeting.,hello,hello,['hello'],['hello'],['hello'],['hello'],hello
Have a nice day,goodbye,Response for goodbye.,have a nice day,have a nice day,"['have', 'a', 'nice', 'day']","['nice', 'day']","['nice', 'day']","['nice', 'day']",nice day
Best battery phone,recommendation,Response for recommendation.,best battery phone,best battery phone,"['best', 'battery', 'phone']","['best', 'battery', 'phone']","['best', 'batteri', 'phone']","['best', 'battery', 'phone']",best battery phone
Show power bank,accessory_search,Response for accessory_search.,show power bank,show power bank,"['show', 'power', 'bank']","['show', 'power', 'bank']","['show', 'power', 'bank']","['show', 'power', 'bank']",show power bank
Phone for students,recommendation,Response for recommendation.,phone for students,phone for students,"['phone', 'for', 'students']","['phone', 'students']","['phone', 'student']","['phone', 'student']",phone student
Show power bank,accessory_search,Response for accessory_search.,show power bank,show power bank,"['show', 'power', 'bank']","['show', 'power', 'bank']","['show', 'power', 'bank']","['show', 'power', 'bank']",show power bank
Need a charger,accessory_search,Response for accessory_search.,need a charger,need a charger,"['need', 'a', 'charger']","['need', 'charger']","['need', 'charger']","['need', 'charger']",need charger
Looking for screen protector,accessory_search,Response for accessory_search.,looking for screen protector,looking for screen protector,"['looking', 'for', 'screen', 'protector']","['looking', 'screen', 'protector']","['look', 'screen', 'protector']","['looking', 'screen', 'protector']",looking screen protector
Show AirPods,accessory_search,Response for accessory_search.,show airpods,show airpods,"['show', 'airpods']","['show', 'airpods']","['show', 'airpod']","['show', 'airpods']",show airpods
Difference between Vivo V50 and Vivo V50,comparison,Response for comparison.,difference between vivo v50 and vivo v50,difference between vivo v50 and vivo v50,"['difference', 'between', 'vivo', 'v50', 'and', 'vivo', 'v50']","['difference', 'vivo', 'v50', 'vivo', 'v50']","['differ', 'vivo', 'v50', 'vivo', 'v50']","['difference', 'vivo', 'v50', 'vivo', 'v50']",difference vivo v50 vivo v50
In stock OnePlus 13?,availability,Response for availability.,in stock oneplus 13?,in stock oneplus 13,"['in', 'stock', 'oneplus', '13']","['stock', 'oneplus', '13']","['stock', 'oneplu', '13']","['stock', 'oneplus', '13']",stock oneplus 13
Price of USB-C cable,accessory_search,Response for accessory_search.,price of usb-c cable,price of usbc cable,"['price', 'of', 'usbc', 'cable']","['price', 'usbc', 'cable']","['price', 'usbc', 'cabl']","['price', 'usbc', 'cable']",price usbc cable
I need a Vivo phone,phone_search,Response for phone_search.,i need a vivo phone,i need a vivo phone,"['i', 'need', 'a', 'vivo', 'phone']","['need', 'vivo', 'phone']","['need', 'vivo', 'phone']","['need', 'vivo', 'phone']",need vivo phone
Catch you later,goodbye,Response for goodbye.,catch you later,catch you later,"['catch', 'you', 'later']","['catch', 'later']","['catch', 'later']","['catch', 'later']",catch later
Can I buy Galaxy S24?,availability,Response for availability.,can i buy galaxy s24?,can i buy galaxy s24,"['can', 'i', 'buy', 'galaxy', 's24']","['buy', 'galaxy', 's24']","['buy', 'galaxi', 's24']","['buy', 'galaxy', 's24']",buy galaxy s24
Best gaming phone,recommendation,Response for recommendation.,best gaming phone,best gaming phone,"['best', 'gaming', 'phone']","['best', 'gaming', 'phone']","['best', 'game', 'phone']","['best', 'gaming', 'phone']",best gaming phone
Online payment?,payment,Response for payment.,online payment?,online payment,"['online', 'payment']","['online', 'payment']","['onlin', 'payment']","['online', 'payment']",online payment
Thanks a lot,thanks,Response for thanks.,thanks a lot,thanks a lot,"['thanks', 'a', 'lot']","['thanks', 'lot']","['thank', 'lot']","['thanks', 'lot']",thanks lot
Do you have phone case?,accessory_search,Response for accessory_search.,do you have phone case?,do you have phone case,"['do', 'you', 'have', 'phone', 'case']","['phone', 'case']","['phone', 'case']","['phone', 'case']",phone case
Galaxy S24 price,price_query,Response for price_query.,galaxy s24 price,galaxy s24 price,"['galaxy', 's24', 'price']","['galaxy', 's24', 'price']","['galaxi', 's24', 'price']","['galaxy', 's24', 'price']",galaxy s24 price
Oppo Reno 14 price,price_query,Response for price_query.,oppo reno 14 price,oppo reno 14 price,"['oppo', 'reno', '14', 'price']","['oppo', 'reno', '14', 'price']","['oppo', 'reno', '14', 'price']","['oppo', 'reno', '14', 'price']",oppo reno 14 price
Payment methods,payment,Response for payment.,payment methods,payment methods,"['payment', 'methods']","['payment', 'methods']","['payment', 'method']","['payment', 'method']",payment method
Cost of Oppo Reno 14,price_query,Response for price_query.,cost of oppo reno 14,cost of oppo reno 14,"['cost', 'of', 'oppo', 'reno', '14']","['cost', 'oppo', 'reno', '14']","['cost', 'oppo', 'reno', '14']","['cost', 'oppo', 'reno', '14']",cost oppo reno 14
iPhone 15 vs Vivo V50,comparison,Response for comparison.,iphone 15 vs vivo v50,iphone 15 vs vivo v50,"['iphone', '15', 'vs', 'vivo', 'v50']","['iphone', '15', 'vs', 'vivo', 'v50']","['iphon', '15', 'vs', 'vivo', 'v50']","['iphone', '15', 'v', 'vivo', 'v50']",iphone 15 v vivo v50
Thanks a lot,thanks,Response for thanks.,thanks a lot,thanks a lot,"['thanks', 'a', 'lot']","['thanks', 'lot']","['thank', 'lot']","['thanks', 'lot']",thanks lot
Looking for Oppo mobiles,phone_search,Response for phone_search.,looking for oppo mobiles,looking for oppo mobiles,"['looking', 'for', 'oppo', 'mobiles']","['looking', 'oppo', 'mobiles']","['look', 'oppo', 'mobil']","['looking', 'oppo', 'mobile']",looking oppo mobile
Looking for Oppo mobiles,phone_search,Response for phone_search.,looking for oppo mobiles,looking for oppo mobiles,"['looking', 'for', 'oppo', 'mobiles']","['looking', 'oppo', 'mobiles']","['look', 'oppo', 'mobil']","['looking', 'oppo', 'mobile']",looking oppo mobile
Payment methods,payment,Response for payment.,payment methods,payment methods,"['payment', 'methods']","['payment', 'methods']","['payment', 'method']","['payment', 'method']",payment method
Best gaming phone,recommendation,Response for recommendation.,best gaming phone,best gaming phone,"['best', 'gaming', 'phone']","['best', 'gaming', 'phone']","['best', 'game', 'phone']","['best', 'gaming', 'phone']",best gaming phone
Thanks a lot,thanks,Response for thanks.,thanks a lot,thanks a lot,"['thanks', 'a', 'lot']","['thanks', 'lot']","['thank', 'lot']","['thanks', 'lot']",thanks lot
Thanks a lot,thanks,Response for thanks.,thanks a lot,thanks a lot,"['thanks', 'a', 'lot']","['thanks', 'lot']","['thank', 'lot']","['thanks', 'lot']",thanks lot
Online payment?,payment,Response for payment.,online payment?,online payment,"['online', 'payment']","['online', 'payment']","['onlin', 'payment']","['online', 'payment']",online payment
Thanks,thanks,Response for thanks.,thanks,thanks,['thanks'],['thanks'],['thank'],['thanks'],thanks
Do you have iPhone 15 now?,availability,Response for availability.,do you have iphone 15 now?,do you have iphone 15 now,"['do', 'you', 'have', 'iphone', '15', 'now']","['iphone', '15']","['iphon', '15']","['iphone', '15']",iphone 15
Need a USB-C cable,accessory_search,Response for accessory_search.,need a usb-c cable,need a usbc cable,"['need', 'a', 'usbc', 'cable']","['need', 'usbc', 'cable']","['need', 'usbc', 'cabl']","['need', 'usbc', 'cable']",need usbc cable
Galaxy S24 vs Redmi Note 14,comparison,Response for comparison.,galaxy s24 vs redmi note 14,galaxy s24 vs redmi note 14,"['galaxy', 's24', 'vs', 'redmi', 'note', '14']","['galaxy', 's24', 'vs', 'redmi', 'note', '14']","['galaxi', 's24', 'vs', 'redmi', 'note', '14']","['galaxy', 's24', 'v', 'redmi', 'note', '14']",galaxy s24 v redmi note 14
See you,goodbye,Response for goodbye.,see you,see you,"['see', 'you']",['see'],['see'],['see'],see
Which is better Redmi Note 14 or Redmi Note 14?,comparison,Response for comparison.,which is better redmi note 14 or redmi note 14?,which is better redmi note 14 or redmi note 14,"['which', 'is', 'better', 'redmi', 'note', '14', 'or', 'redmi', 'note', '14']","['better', 'redmi', 'note', '14', 'redmi', 'note', '14']","['better', 'redmi', 'note', '14', 'redmi', 'note', '14']","['better', 'redmi', 'note', '14', 'redmi', 'note', '14']",better redmi note 14 redmi note 14
Is Vivo V50 available?,availability,Response for availability.,is vivo v50 available?,is vivo v50 available,"['is', 'vivo', 'v50', 'available']","['vivo', 'v50', 'available']","['vivo', 'v50', 'avail']","['vivo', 'v50', 'available']",vivo v50 available
Cost of Vivo V50,price_query,Response for price_query.,cost of vivo v50,cost of vivo v50,"['cost', 'of', 'vivo', 'v50']","['cost', 'vivo', 'v50']","['cost', 'vivo', 'v50']","['cost', 'vivo', 'v50']",cost vivo v50
Show me Xiaomi phones,phone_search,Response for phone_search.,show me xiaomi phones,show me xiaomi phones,"['show', 'me', 'xiaomi', 'phones']","['show', 'xiaomi', 'phones']","['show', 'xiaomi', 'phone']","['show', 'xiaomi', 'phone']",show xiaomi phone
Much appreciated,thanks,Response for thanks.,much appreciated,much appreciated,"['much', 'appreciated']","['much', 'appreciated']","['much', 'appreci']","['much', 'appreciated']",much appreciated
Thank you,thanks,Response for thanks.,thank you,thank you,"['thank', 'you']",['thank'],['thank'],['thank'],thank
Online payment?,payment,Response for payment.,online payment?,online payment,"['online', 'payment']","['online', 'payment']","['onlin', 'payment']","['online', 'payment']",online payment
Can I pay by card?,payment,Response for payment.,can i pay by card?,can i pay by card,"['can', 'i', 'pay', 'by', 'card']","['pay', 'card']","['pay', 'card']","['pay', 'card']",pay card
Good evening,greeting,Response for greeting.,good evening,good evening,"['good', 'evening']","['good', 'evening']","['good', 'even']","['good', 'evening']",good evening
Good evening,greeting,Response for greeting.,good evening,good evening,"['good', 'evening']","['good', 'evening']","['good', 'even']","['good', 'evening']",good evening
Best battery phone,recommendation,Response for recommendation.,best battery phone,best battery phone,"['best', 'battery', 'phone']","['best', 'battery', 'phone']","['best', 'batteri', 'phone']","['best', 'battery', 'phone']",best battery phone
Availability of Galaxy S24,availability,Response for availability.,availability of galaxy s24,availability of galaxy s24,"['availability', 'of', 'galaxy', 's24']","['availability', 'galaxy', 's24']","['avail', 'galaxi', 's24']","['availability', 'galaxy', 's24']",availability galaxy s24
Good morning,greeting,Response for greeting.,good morning,good morning,"['good', 'morning']","['good', 'morning']","['good', 'morn']","['good', 'morning']",good morning
Great thanks,thanks,Response for thanks.,great thanks,great thanks,"['great', 'thanks']","['great', 'thanks']","['great', 'thank']","['great', 'thanks']",great thanks
Do you have Apple?,phone_search,Response for phone_search.,do you have apple?,do you have apple,"['do', 'you', 'have', 'apple']",['apple'],['appl'],['apple'],apple
Which is better Galaxy S24 or Oppo Reno 14?,comparison,Response for comparison.,which is better galaxy s24 or oppo reno 14?,which is better galaxy s24 or oppo reno 14,"['which', 'is', 'better', 'galaxy', 's24', 'or', 'oppo', 'reno', '14']","['better', 'galaxy', 's24', 'oppo', 'reno', '14']","['better', 'galaxi', 's24', 'oppo', 'reno', '14']","['better', 'galaxy', 's24', 'oppo', 'reno', '14']",better galaxy s24 oppo reno 14
Thank you,thanks,Response for thanks.,thank you,thank you,"['thank', 'you']",['thank'],['thank'],['thank'],thank
Hi,greeting,Response for greeting.,hi,hi,['hi'],['hi'],['hi'],['hi'],hi
Catch you later,goodbye,Response for goodbye.,catch you later,catch you later,"['catch', 'you', 'later']","['catch', 'later']","['catch', 'later']","['catch', 'later']",catch later
Price of charger,accessory_search,Response for accessory_search.,price of charger,price of charger,"['price', 'of', 'charger']","['price', 'charger']","['price', 'charger']","['price', 'charger']",price charger
In stock Redmi Note 14?,availability,Response for availability.,in stock redmi note 14?,in stock redmi note 14,"['in', 'stock', 'redmi', 'note', '14']","['stock', 'redmi', 'note', '14']","['stock', 'redmi', 'note', '14']","['stock', 'redmi', 'note', '14']",stock redmi note 14
See you,goodbye,Response for goodbye.,see you,see you,"['see', 'you']",['see'],['see'],['see'],see
Hey,greeting,Response for greeting.,hey,hey,['hey'],['hey'],['hey'],['hey'],hey
Tell me the price of Vivo V50,price_query,Response for price_query.,tell me the price of vivo v50,tell me the price of vivo v50,"['tell', 'me', 'the', 'price', 'of', 'vivo', 'v50']","['tell', 'price', 'vivo', 'v50']","['tell', 'price', 'vivo', 'v50']","['tell', 'price', 'vivo', 'v50']",tell price vivo v50
Much appreciated,thanks,Response for thanks.,much appreciated,much appreciated,"['much', 'appreciated']","['much', 'appreciated']","['much', 'appreci']","['much', 'appreciated']",much appreciated
Can I use Visa?,payment,Response for payment.,can i use visa?,can i use visa,"['can', 'i', 'use', 'visa']","['use', 'visa']","['use', 'visa']","['use', 'visa']",use visa
Phone for students,recommendation,Response for recommendation.,phone for students,phone for students,"['phone', 'for', 'students']","['phone', 'students']","['phone', 'student']","['phone', 'student']",phone student
Hi,greeting,Response for greeting.,hi,hi,['hi'],['hi'],['hi'],['hi'],hi
Best gaming phone,recommendation,Response for recommendation.,best gaming phone,best gaming phone,"['best', 'gaming', 'phone']","['best', 'gaming', 'phone']","['best', 'game', 'phone']","['best', 'gaming', 'phone']",best gaming phone
Can I pay by card?,payment,Response for payment.,can i pay by card?,can i pay by card,"['can', 'i', 'pay', 'by', 'card']","['pay', 'card']","['pay', 'card']","['pay', 'card']",pay card
Hello,greeting,Response for greeting.,hello,hello,['hello'],['hello'],['hello'],['hello'],hello
Availability of Oppo Reno 14,availability,Response for availability.,availability of oppo reno 14,availability of oppo reno 14,"['availability', 'of', 'oppo', 'reno', '14']","['availability', 'oppo', 'reno', '14']","['avail', 'oppo', 'reno', '14']","['availability', 'oppo', 'reno', '14']",availability oppo reno 14
Tell me the price of Oppo Reno 14,price_query,Response for price_query.,tell me the price of oppo reno 14,tell me the price of oppo reno 14,"['tell', 'me', 'the', 'price', 'of', 'oppo', 'reno', '14']","['tell', 'price', 'oppo', 'reno', '14']","['tell', 'price', 'oppo', 'reno', '14']","['tell', 'price', 'oppo', 'reno', '14']",tell price oppo reno 14
Hey,greeting,Response for greeting.,hey,hey,['hey'],['hey'],['hey'],['hey'],hey
Online payment?,payment,Response for payment.,online payment?,online payment,"['online', 'payment']","['online', 'payment']","['onlin', 'payment']","['online', 'payment']",online payment
Thank you,thanks,Response for thanks.,thank you,thank you,"['thank', 'you']",['thank'],['thank'],['thank'],thank
Price of USB-C cable,accessory_search,Response for accessory_search.,price of usb-c cable,price of usbc cable,"['price', 'of', 'usbc', 'cable']","['price', 'usbc', 'cable']","['price', 'usbc', 'cabl']","['price', 'usbc', 'cable']",price usbc cable
Show me Vivo phones,phone_search,Response for phone_search.,show me vivo phones,show me vivo phones,"['show', 'me', 'vivo', 'phones']","['show', 'vivo', 'phones']","['show', 'vivo', 'phone']","['show', 'vivo', 'phone']",show vivo phone
Thanks a lot,thanks,Response for thanks.,thanks a lot,thanks a lot,"['thanks', 'a', 'lot']","['thanks', 'lot']","['thank', 'lot']","['thanks', 'lot']",thanks lot
Best gaming phone,recommendation,Response for recommendation.,best gaming phone,best gaming phone,"['best', 'gaming', 'phone']","['best', 'gaming', 'phone']","['best', 'game', 'phone']","['best', 'gaming', 'phone']",best gaming phone
In stock iPhone 15?,availability,Response for availability.,in stock iphone 15?,in stock iphone 15,"['in', 'stock', 'iphone', '15']","['stock', 'iphone', '15']","['stock', 'iphon', '15']","['stock', 'iphone', '15']",stock iphone 15
Oppo Reno 14 price,price_query,Response for price_query.,oppo reno 14 price,oppo reno 14 price,"['oppo', 'reno', '14', 'price']","['oppo', 'reno', '14', 'price']","['oppo', 'reno', '14', 'price']","['oppo', 'reno', '14', 'price']",oppo reno 14 price
Compare Galaxy S24 and Redmi Note 14,comparison,Response for comparison.,compare galaxy s24 and redmi note 14,compare galaxy s24 and redmi note 14,"['compare', 'galaxy', 's24', 'and', 'redmi', 'note', '14']","['compare', 'galaxy', 's24', 'redmi', 'note', '14']","['compar', 'galaxi', 's24', 'redmi', 'note', '14']","['compare', 'galaxy', 's24', 'redmi', 'note', '14']",compare galaxy s24 redmi note 14
Is OnePlus 13 available?,availability,Response for availability.,is oneplus 13 available?,is oneplus 13 available,"['is', 'oneplus', '13', 'available']","['oneplus', '13', 'available']","['oneplu', '13', 'avail']","['oneplus', '13', 'available']",oneplus 13 available
Price of AirPods,accessory_search,Response for accessory_search.,price of airpods,price of airpods,"['price', 'of', 'airpods']","['price', 'airpods']","['price', 'airpod']","['price', 'airpods']",price airpods
Best gaming phone,recommendation,Response for recommendation.,best gaming phone,best gaming phone,"['best', 'gaming', 'phone']","['best', 'gaming', 'phone']","['best', 'game', 'phone']","['best', 'gaming', 'phone']",best gaming phone
Show phone case,accessory_search,Response for accessory_search.,show phone case,show phone case,"['show', 'phone', 'case']","['show', 'phone', 'case']","['show', 'phone', 'case']","['show', 'phone', 'case']",show phone case
Thanks,thanks,Response for thanks.,thanks,thanks,['thanks'],['thanks'],['thank'],['thanks'],thanks
Do you have AirPods?,accessory_search,Response for accessory_search.,do you have airpods?,do you have airpods,"['do', 'you', 'have', 'airpods']",['airpods'],['airpod'],['airpods'],airpods
Need a screen protector,accessory_search,Response for accessory_search.,need a screen protector,need a screen protector,"['need', 'a', 'screen', 'protector']","['need', 'screen', 'protector']","['need', 'screen', 'protector']","['need', 'screen', 'protector']",need screen protector
Vivo V50 price,price_query,Response for price_query.,vivo v50 price,vivo v50 price,"['vivo', 'v50', 'price']","['vivo', 'v50', 'price']","['vivo', 'v50', 'price']","['vivo', 'v50', 'price']",vivo v50 price
Phone for students,recommendation,Response for recommendation.,phone for students,phone for students,"['phone', 'for', 'students']","['phone', 'students']","['phone', 'student']","['phone', 'student']",phone student
Redmi Note 14 vs Galaxy S24,comparison,Response for comparison.,redmi note 14 vs galaxy s24,redmi note 14 vs galaxy s24,"['redmi', 'note', '14', 'vs', 'galaxy', 's24']","['redmi', 'note', '14', 'vs', 'galaxy', 's24']","['redmi', 'note', '14', 'vs', 'galaxi', 's24']","['redmi', 'note', '14', 'v', 'galaxy', 's24']",redmi note 14 v galaxy s24
Need a charger,accessory_search,Response for accessory_search.,need a charger,need a charger,"['need', 'a', 'charger']","['need', 'charger']","['need', 'charger']","['need', 'charger']",need charger
See you,goodbye,Response for goodbye.,see you,see you,"['see', 'you']",['see'],['see'],['see'],see
Thanks a lot,thanks,Response for thanks.,thanks a lot,thanks a lot,"['thanks', 'a', 'lot']","['thanks', 'lot']","['thank', 'lot']","['thanks', 'lot']",thanks lot
Compare OnePlus 13 and Galaxy S24,comparison,Response for comparison.,compare oneplus 13 and galaxy s24,compare oneplus 13 and galaxy s24,"['compare', 'oneplus', '13', 'and', 'galaxy', 's24']","['compare', 'oneplus', '13', 'galaxy', 's24']","['compar', 'oneplu', '13', 'galaxi', 's24']","['compare', 'oneplus', '13', 'galaxy', 's24']",compare oneplus 13 galaxy s24
Hey,greeting,Response for greeting.,hey,hey,['hey'],['hey'],['hey'],['hey'],hey
Best battery phone,recommendation,Response for recommendation.,best battery phone,best battery phone,"['best', 'battery', 'phone']","['best', 'battery', 'phone']","['best', 'batteri', 'phone']","['best', 'battery', 'phone']",best battery phone
Need a USB-C cable,accessory_search,Response for accessory_search.,need a usb-c cable,need a usbc cable,"['need', 'a', 'usbc', 'cable']","['need', 'usbc', 'cable']","['need', 'usbc', 'cabl']","['need', 'usbc', 'cable']",need usbc cable
Price of Galaxy S24,price_query,Response for price_query.,price of galaxy s24,price of galaxy s24,"['price', 'of', 'galaxy', 's24']","['price', 'galaxy', 's24']","['price', 'galaxi', 's24']","['price', 'galaxy', 's24']",price galaxy s24
Is Redmi Note 14 available?,availability,Response for availability.,is redmi note 14 available?,is redmi note 14 available,"['is', 'redmi', 'note', '14', 'available']","['redmi', 'note', '14', 'available']","['redmi', 'note', '14', 'avail']","['redmi', 'note', '14', 'available']",redmi note 14 available
Thanks,thanks,Response for thanks.,thanks,thanks,['thanks'],['thanks'],['thank'],['thanks'],thanks
Is Oppo Reno 14 available?,availability,Response for availability.,is oppo reno 14 available?,is oppo reno 14 available,"['is', 'oppo', 'reno', '14', 'available']","['oppo', 'reno', '14', 'available']","['oppo', 'reno', '14', 'avail']","['oppo', 'reno', '14', 'available']",oppo reno 14 available
Recommend a phone,recommendation,Response for recommendation.,recommend a phone,recommend a phone,"['recommend', 'a', 'phone']","['recommend', 'phone']","['recommend', 'phone']","['recommend', 'phone']",recommend phone
iPhone 15 vs Galaxy S24,comparison,Response for comparison.,iphone 15 vs galaxy s24,iphone 15 vs galaxy s24,"['iphone', '15', 'vs', 'galaxy', 's24']","['iphone', '15', 'vs', 'galaxy', 's24']","['iphon', '15', 'vs', 'galaxi', 's24']","['iphone', '15', 'v', 'galaxy', 's24']",iphone 15 v galaxy s24
Cost of Redmi Note 14,price_query,Response for price_query.,cost of redmi note 14,cost of redmi note 14,"['cost', 'of', 'redmi', 'note', '14']","['cost', 'redmi', 'note', '14']","['cost', 'redmi', 'note', '14']","['cost', 'redmi', 'note', '14']",cost redmi note 14
Compare these phones,comparison,Response for comparison.,compare these phones,compare these phones,"['compare', 'these', 'phones']","['compare', 'phones']","['compar', 'phone']","['compare', 'phone']",compare phone
Online payment?,payment,Response for payment.,online payment?,online payment,"['online', 'payment']","['online', 'payment']","['onlin', 'payment']","['online', 'payment']",online payment
Availability of Redmi Note 14,availability,Response for availability.,availability of redmi note 14,availability of redmi note 14,"['availability', 'of', 'redmi', 'note', '14']","['availability', 'redmi', 'note', '14']","['avail', 'redmi', 'note', '14']","['availability', 'redmi', 'note', '14']",availability redmi note 14
Good morning,greeting,Response for greeting.,good morning,good morning,"['good', 'morning']","['good', 'morning']","['good', 'morn']","['good', 'morning']",good morning
Which is better OnePlus 13 or Vivo V50?,comparison,Response for comparison.,which is better oneplus 13 or vivo v50?,which is better oneplus 13 or vivo v50,"['which', 'is', 'better', 'oneplus', '13', 'or', 'vivo', 'v50']","['better', 'oneplus', '13', 'vivo', 'v50']","['better', 'oneplu', '13', 'vivo', 'v50']","['better', 'oneplus', '13', 'vivo', 'v50']",better oneplus 13 vivo v50
Oppo Reno 14 price,price_query,Response for price_query.,oppo reno 14 price,oppo reno 14 price,"['oppo', 'reno', '14', 'price']","['oppo', 'reno', '14', 'price']","['oppo', 'reno', '14', 'price']","['oppo', 'reno', '14', 'price']",oppo reno 14 price
I need a OnePlus phone,phone_search,Response for phone_search.,i need a oneplus phone,i need a oneplus phone,"['i', 'need', 'a', 'oneplus', 'phone']","['need', 'oneplus', 'phone']","['need', 'oneplu', 'phone']","['need', 'oneplus', 'phone']",need oneplus phone
I need a Vivo phone,phone_search,Response for phone_search.,i need a vivo phone,i need a vivo phone,"['i', 'need', 'a', 'vivo', 'phone']","['need', 'vivo', 'phone']","['need', 'vivo', 'phone']","['need', 'vivo', 'phone']",need vivo phone
Galaxy S24 vs Oppo Reno 14,comparison,Response for comparison.,galaxy s24 vs oppo reno 14,galaxy s24 vs oppo reno 14,"['galaxy', 's24', 'vs', 'oppo', 'reno', '14']","['galaxy', 's24', 'vs', 'oppo', 'reno', '14']","['galaxi', 's24', 'vs', 'oppo', 'reno', '14']","['galaxy', 's24', 'v', 'oppo', 'reno', '14']",galaxy s24 v oppo reno 14
Looking for Realme mobiles,phone_search,Response for phone_search.,looking for realme mobiles,looking for realme mobiles,"['looking', 'for', 'realme', 'mobiles']","['looking', 'realme', 'mobiles']","['look', 'realm', 'mobil']","['looking', 'realme', 'mobile']",looking realme mobile
Do you have AirPods?,accessory_search,Response for accessory_search.,do you have airpods?,do you have airpods,"['do', 'you', 'have', 'airpods']",['airpods'],['airpod'],['airpods'],airpods
Looking for phone case,accessory_search,Response for accessory_search.,looking for phone case,looking for phone case,"['looking', 'for', 'phone', 'case']","['looking', 'phone', 'case']","['look', 'phone', 'case']","['looking', 'phone', 'case']",looking phone case
Tell me the price of OnePlus 13,price_query,Response for price_query.,tell me the price of oneplus 13,tell me the price of oneplus 13,"['tell', 'me', 'the', 'price', 'of', 'oneplus', '13']","['tell', 'price', 'oneplus', '13']","['tell', 'price', 'oneplu', '13']","['tell', 'price', 'oneplus', '13']",tell price oneplus 13
Much appreciated,thanks,Response for thanks.,much appreciated,much appreciated,"['much', 'appreciated']","['much', 'appreciated']","['much', 'appreci']","['much', 'appreciated']",much appreciated
Much appreciated,thanks,Response for thanks.,much appreciated,much appreciated,"['much', 'appreciated']","['much', 'appreciated']","['much', 'appreci']","['much', 'appreciated']",much appreciated
Hey,greeting,Response for greeting.,hey,hey,['hey'],['hey'],['hey'],['hey'],hey
Goodbye,goodbye,Response for goodbye.,goodbye,goodbye,['goodbye'],['goodbye'],['goodby'],['goodbye'],goodbye
Recommend a phone,recommendation,Response for recommendation.,recommend a phone,recommend a phone,"['recommend', 'a', 'phone']","['recommend', 'phone']","['recommend', 'phone']","['recommend', 'phone']",recommend phone
Looking for power bank,accessory_search,Response for accessory_search.,looking for power bank,looking for power bank,"['looking', 'for', 'power', 'bank']","['looking', 'power', 'bank']","['look', 'power', 'bank']","['looking', 'power', 'bank']",looking power bank
Hi,greeting,Response for greeting.,hi,hi,['hi'],['hi'],['hi'],['hi'],hi
Thanks,thanks,Response for thanks.,thanks,thanks,['thanks'],['thanks'],['thank'],['thanks'],thanks
Have a nice day,goodbye,Response for goodbye.,have a nice day,have a nice day,"['have', 'a', 'nice', 'day']","['nice', 'day']","['nice', 'day']","['nice', 'day']",nice day
Show screen protector,accessory_search,Response for accessory_search.,show screen protector,show screen protector,"['show', 'screen', 'protector']","['show', 'screen', 'protector']","['show', 'screen', 'protector']","['show', 'screen', 'protector']",show screen protector
Good evening,greeting,Response for greeting.,good evening,good evening,"['good', 'evening']","['good', 'evening']","['good', 'even']","['good', 'evening']",good evening
In stock OnePlus 13?,availability,Response for availability.,in stock oneplus 13?,in stock oneplus 13,"['in', 'stock', 'oneplus', '13']","['stock', 'oneplus', '13']","['stock', 'oneplu', '13']","['stock', 'oneplus', '13']",stock oneplus 13
Much appreciated,thanks,Response for thanks.,much appreciated,much appreciated,"['much', 'appreciated']","['much', 'appreciated']","['much', 'appreci']","['much', 'appreciated']",much appreciated
Price of phone case,accessory_search,Response for accessory_search.,price of phone case,price of phone case,"['price', 'of', 'phone', 'case']","['price', 'phone', 'case']","['price', 'phone', 'case']","['price', 'phone', 'case']",price phone case
Price of power bank,accessory_search,Response for accessory_search.,price of power bank,price of power bank,"['price', 'of', 'power', 'bank']","['price', 'power', 'bank']","['price', 'power', 'bank']","['price', 'power', 'bank']",price power bank
Do you have OnePlus 13 now?,availability,Response for availability.,do you have oneplus 13 now?,do you have oneplus 13 now,"['do', 'you', 'have', 'oneplus', '13', 'now']","['oneplus', '13']","['oneplu', '13']","['oneplus', '13']",oneplus 13
Can I pay by card?,payment,Response for payment.,can i pay by card?,can i pay by card,"['can', 'i', 'pay', 'by', 'card']","['pay', 'card']","['pay', 'card']","['pay', 'card']",pay card
Hello,greeting,Response for greeting.,hello,hello,['hello'],['hello'],['hello'],['hello'],hello
See you,goodbye,Response for goodbye.,see you,see you,"['see', 'you']",['see'],['see'],['see'],see
Difference between Galaxy S24 and Redmi Note 14,comparison,Response for comparison.,difference between galaxy s24 and redmi note 14,difference between galaxy s24 and redmi note 14,"['difference', 'between', 'galaxy', 's24', 'and', 'redmi', 'note', '14']","['difference', 'galaxy', 's24', 'redmi', 'note', '14']","['differ', 'galaxi', 's24', 'redmi', 'note', '14']","['difference', 'galaxy', 's24', 'redmi', 'note', '14']",difference galaxy s24 redmi note 14
Have a nice day,goodbye,Response for goodbye.,have a nice day,have a nice day,"['have', 'a', 'nice', 'day']","['nice', 'day']","['nice', 'day']","['nice', 'day']",nice day
Latest Xiaomi phones,phone_search,Response for phone_search.,latest xiaomi phones,latest xiaomi phones,"['latest', 'xiaomi', 'phones']","['latest', 'xiaomi', 'phones']","['latest', 'xiaomi', 'phone']","['latest', 'xiaomi', 'phone']",latest xiaomi phone
Best gaming phone,recommendation,Response for recommendation.,best gaming phone,best gaming phone,"['best', 'gaming', 'phone']","['best', 'gaming', 'phone']","['best', 'game', 'phone']","['best', 'gaming', 'phone']",best gaming phone
Looking for Apple mobiles,phone_search,Response for phone_search.,looking for apple mobiles,looking for apple mobiles,"['looking', 'for', 'apple', 'mobiles']","['looking', 'apple', 'mobiles']","['look', 'appl', 'mobil']","['looking', 'apple', 'mobile']",looking apple mobile
Bye,goodbye,Response for goodbye.,bye,bye,['bye'],['bye'],['bye'],['bye'],bye
Payment methods,payment,Response for payment.,payment methods,payment methods,"['payment', 'methods']","['payment', 'methods']","['payment', 'method']","['payment', 'method']",payment method
Best battery phone,recommendation,Response for recommendation.,best battery phone,best battery phone,"['best', 'battery', 'phone']","['best', 'battery', 'phone']","['best', 'batteri', 'phone']","['best', 'battery', 'phone']",best battery phone
Do you have Xiaomi?,phone_search,Response for phone_search.,do you have xiaomi?,do you have xiaomi,"['do', 'you', 'have', 'xiaomi']",['xiaomi'],['xiaomi'],['xiaomi'],xiaomi
Price of phone case,accessory_search,Response for accessory_search.,price of phone case,price of phone case,"['price', 'of', 'phone', 'case']","['price', 'phone', 'case']","['price', 'phone', 'case']","['price', 'phone', 'case']",price phone case
Goodbye,goodbye,Response for goodbye.,goodbye,goodbye,['goodbye'],['goodbye'],['goodby'],['goodbye'],goodbye
Catch you later,goodbye,Response for goodbye.,catch you later,catch you later,"['catch', 'you', 'later']","['catch', 'later']","['catch', 'later']","['catch', 'later']",catch later
Show me Apple phones,phone_search,Response for phone_search.,show me apple phones,show me apple phones,"['show', 'me', 'apple', 'phones']","['show', 'apple', 'phones']","['show', 'appl', 'phone']","['show', 'apple', 'phone']",show apple phone
Payment methods,payment,Response for payment.,payment methods,payment methods,"['payment', 'methods']","['payment', 'methods']","['payment', 'method']","['payment', 'method']",payment method
How much is OnePlus 13?,price_query,Response for price_query.,how much is oneplus 13?,how much is oneplus 13,"['how', 'much', 'is', 'oneplus', '13']","['much', 'oneplus', '13']","['much', 'oneplu', '13']","['much', 'oneplus', '13']",much oneplus 13
Best gaming phone,recommendation,Response for recommendation.,best gaming phone,best gaming phone,"['best', 'gaming', 'phone']","['best', 'gaming', 'phone']","['best', 'game', 'phone']","['best', 'gaming', 'phone']",best gaming phone
Is Vivo V50 available?,availability,Response for availability.,is vivo v50 available?,is vivo v50 available,"['is', 'vivo', 'v50', 'available']","['vivo', 'v50', 'available']","['vivo', 'v50', 'avail']","['vivo', 'v50', 'available']",vivo v50 available
In stock Vivo V50?,availability,Response for availability.,in stock vivo v50?,in stock vivo v50,"['in', 'stock', 'vivo', 'v50']","['stock', 'vivo', 'v50']","['stock', 'vivo', 'v50']","['stock', 'vivo', 'v50']",stock vivo v50
Good morning,greeting,Response for greeting.,good morning,good morning,"['good', 'morning']","['good', 'morning']","['good', 'morn']","['good', 'morning']",good morning
In stock Redmi Note 14?,availability,Response for availability.,in stock redmi note 14?,in stock redmi note 14,"['in', 'stock', 'redmi', 'note', '14']","['stock', 'redmi', 'note', '14']","['stock', 'redmi', 'note', '14']","['stock', 'redmi', 'note', '14']",stock redmi note 14
Compare these phones,comparison,Response for comparison.,compare these phones,compare these phones,"['compare', 'these', 'phones']","['compare', 'phones']","['compar', 'phone']","['compare', 'phone']",compare phone
Goodbye,goodbye,Response for goodbye.,goodbye,goodbye,['goodbye'],['goodbye'],['goodby'],['goodbye'],goodbye
Thank you,thanks,Response for thanks.,thank you,thank you,"['thank', 'you']",['thank'],['thank'],['thank'],thank
Hi,greeting,Response for greeting.,hi,hi,['hi'],['hi'],['hi'],['hi'],hi
Goodbye,goodbye,Response for goodbye.,goodbye,goodbye,['goodbye'],['goodbye'],['goodby'],['goodbye'],goodbye
How much is Oppo Reno 14?,price_query,Response for price_query.,how much is oppo reno 14?,how much is oppo reno 14,"['how', 'much', 'is', 'oppo', 'reno', '14']","['much', 'oppo', 'reno', '14']","['much', 'oppo', 'reno', '14']","['much', 'oppo', 'reno', '14']",much oppo reno 14
Recommend a phone,recommendation,Response for recommendation.,recommend a phone,recommend a phone,"['recommend', 'a', 'phone']","['recommend', 'phone']","['recommend', 'phone']","['recommend', 'phone']",recommend phone
Compare Vivo V50 and Oppo Reno 14,comparison,Response for comparison.,compare vivo v50 and oppo reno 14,compare vivo v50 and oppo reno 14,"['compare', 'vivo', 'v50', 'and', 'oppo', 'reno', '14']","['compare', 'vivo', 'v50', 'oppo', 'reno', '14']","['compar', 'vivo', 'v50', 'oppo', 'reno', '14']","['compare', 'vivo', 'v50', 'oppo', 'reno', '14']",compare vivo v50 oppo reno 14
Do you have Samsung?,phone_search,Response for phone_search.,do you have samsung?,do you have samsung,"['do', 'you', 'have', 'samsung']",['samsung'],['samsung'],['samsung'],samsung
Hello,greeting,Response for greeting.,hello,hello,['hello'],['hello'],['hello'],['hello'],hello
Do you have Redmi Note 14 now?,availability,Response for availability.,do you have redmi note 14 now?,do you have redmi note 14 now,"['do', 'you', 'have', 'redmi', 'note', '14', 'now']","['redmi', 'note', '14']","['redmi', 'note', '14']","['redmi', 'note', '14']",redmi note 14
Redmi Note 14 price,price_query,Response for price_query.,redmi note 14 price,redmi note 14 price,"['redmi', 'note', '14', 'price']","['redmi', 'note', '14', 'price']","['redmi', 'note', '14', 'price']","['redmi', 'note', '14', 'price']",redmi note 14 price
Hello,greeting,Response for greeting.,hello,hello,['hello'],['hello'],['hello'],['hello'],hello
Price of Redmi Note 14,price_query,Response for price_query.,price of redmi note 14,price of redmi note 14,"['price', 'of', 'redmi', 'note', '14']","['price', 'redmi', 'note', '14']","['price', 'redmi', 'note', '14']","['price', 'redmi', 'note', '14']",price redmi note 14
Can I pay by card?,payment,Response for payment.,can i pay by card?,can i pay by card,"['can', 'i', 'pay', 'by', 'card']","['pay', 'card']","['pay', 'card']","['pay', 'card']",pay card
How much is iPhone 15?,price_query,Response for price_query.,how much is iphone 15?,how much is iphone 15,"['how', 'much', 'is', 'iphone', '15']","['much', 'iphone', '15']","['much', 'iphon', '15']","['much', 'iphone', '15']",much iphone 15
Can I buy iPhone 15?,availability,Response for availability.,can i buy iphone 15?,can i buy iphone 15,"['can', 'i', 'buy', 'iphone', '15']","['buy', 'iphone', '15']","['buy', 'iphon', '15']","['buy', 'iphone', '15']",buy iphone 15
Hello,greeting,Response for greeting.,hello,hello,['hello'],['hello'],['hello'],['hello'],hello
Price of iPhone 15,price_query,Response for price_query.,price of iphone 15,price of iphone 15,"['price', 'of', 'iphone', '15']","['price', 'iphone', '15']","['price', 'iphon', '15']","['price', 'iphone', '15']",price iphone 15
Compare these phones,comparison,Response for comparison.,compare these phones,compare these phones,"['compare', 'these', 'phones']","['compare', 'phones']","['compar', 'phone']","['compare', 'phone']",compare phone
Can I use Visa?,payment,Response for payment.,can i use visa?,can i use visa,"['can', 'i', 'use', 'visa']","['use', 'visa']","['use', 'visa']","['use', 'visa']",use visa
Recommend a phone,recommendation,Response for recommendation.,recommend a phone,recommend a phone,"['recommend', 'a', 'phone']","['recommend', 'phone']","['recommend', 'phone']","['recommend', 'phone']",recommend phone
Show charger,accessory_search,Response for accessory_search.,show charger,show charger,"['show', 'charger']","['show', 'charger']","['show', 'charger']","['show', 'charger']",show charger
How much is Galaxy S24?,price_query,Response for price_query.,how much is galaxy s24?,how much is galaxy s24,"['how', 'much', 'is', 'galaxy', 's24']","['much', 'galaxy', 's24']","['much', 'galaxi', 's24']","['much', 'galaxy', 's24']",much galaxy s24
Thanks,thanks,Response for thanks.,thanks,thanks,['thanks'],['thanks'],['thank'],['thanks'],thanks
Compare OnePlus 13 and iPhone 15,comparison,Response for comparison.,compare oneplus 13 and iphone 15,compare oneplus 13 and iphone 15,"['compare', 'oneplus', '13', 'and', 'iphone', '15']","['compare', 'oneplus', '13', 'iphone', '15']","['compar', 'oneplu', '13', 'iphon', '15']","['compare', 'oneplus', '13', 'iphone', '15']",compare oneplus 13 iphone 15
Thank you,thanks,Response for thanks.,thank you,thank you,"['thank', 'you']",['thank'],['thank'],['thank'],thank
Price of Galaxy S24,price_query,Response for price_query.,price of galaxy s24,price of galaxy s24,"['price', 'of', 'galaxy', 's24']","['price', 'galaxy', 's24']","['price', 'galaxi', 's24']","['price', 'galaxy', 's24']",price galaxy s24
Best gaming phone,recommendation,Response for recommendation.,best gaming phone,best gaming phone,"['best', 'gaming', 'phone']","['best', 'gaming', 'phone']","['best', 'game', 'phone']","['best', 'gaming', 'phone']",best gaming phone
Best gaming phone,recommendation,Response for recommendation.,best gaming phone,best gaming phone,"['best', 'gaming', 'phone']","['best', 'gaming', 'phone']","['best', 'game', 'phone']","['best', 'gaming', 'phone']",best gaming phone
Hi,greeting,Response for greeting.,hi,hi,['hi'],['hi'],['hi'],['hi'],hi
Difference between Redmi Note 14 and OnePlus 13,comparison,Response for comparison.,difference between redmi note 14 and oneplus 13,difference between redmi note 14 and oneplus 13,"['difference', 'between', 'redmi', 'note', '14', 'and', 'oneplus', '13']","['difference', 'redmi', 'note', '14', 'oneplus', '13']","['differ', 'redmi', 'note', '14', 'oneplu', '13']","['difference', 'redmi', 'note', '14', 'oneplus', '13']",difference redmi note 14 oneplus 13
Do you have Oppo?,phone_search,Response for phone_search.,do you have oppo?,do you have oppo,"['do', 'you', 'have', 'oppo']",['oppo'],['oppo'],['oppo'],oppo
Much appreciated,thanks,Response for thanks.,much appreciated,much appreciated,"['much', 'appreciated']","['much', 'appreciated']","['much', 'appreci']","['much', 'appreciated']",much appreciated
Thank you,thanks,Response for thanks.,thank you,thank you,"['thank', 'you']",['thank'],['thank'],['thank'],thank
I need a Vivo phone,phone_search,Response for phone_search.,i need a vivo phone,i need a vivo phone,"['i', 'need', 'a', 'vivo', 'phone']","['need', 'vivo', 'phone']","['need', 'vivo', 'phone']","['need', 'vivo', 'phone']",need vivo phone
Best battery phone,recommendation,Response for recommendation.,best battery phone,best battery phone,"['best', 'battery', 'phone']","['best', 'battery', 'phone']","['best', 'batteri', 'phone']","['best', 'battery', 'phone']",best battery phone
Best gaming phone,recommendation,Response for recommendation.,best gaming phone,best gaming phone,"['best', 'gaming', 'phone']","['best', 'gaming', 'phone']","['best', 'game', 'phone']","['best', 'gaming', 'phone']",best gaming phone
How much is Redmi Note 14?,price_query,Response for price_query.,how much is redmi note 14?,how much is redmi note 14,"['how', 'much', 'is', 'redmi', 'note', '14']","['much', 'redmi', 'note', '14']","['much', 'redmi', 'note', '14']","['much', 'redmi', 'note', '14']",much redmi note 14
Bye,goodbye,Response for goodbye.,bye,bye,['bye'],['bye'],['bye'],['bye'],bye
Do you have Oppo?,phone_search,Response for phone_search.,do you have oppo?,do you have oppo,"['do', 'you', 'have', 'oppo']",['oppo'],['oppo'],['oppo'],oppo
Need a power bank,accessory_search,Response for accessory_search.,need a power bank,need a power bank,"['need', 'a', 'power', 'bank']","['need', 'power', 'bank']","['need', 'power', 'bank']","['need', 'power', 'bank']",need power bank
Looking for AirPods,accessory_search,Response for accessory_search.,looking for airpods,looking for airpods,"['looking', 'for', 'airpods']","['looking', 'airpods']","['look', 'airpod']","['looking', 'airpods']",looking airpods
Recommend a phone,recommendation,Response for recommendation.,recommend a phone,recommend a phone,"['recommend', 'a', 'phone']","['recommend', 'phone']","['recommend', 'phone']","['recommend', 'phone']",recommend phone
Catch you later,goodbye,Response for goodbye.,catch you later,catch you later,"['catch', 'you', 'later']","['catch', 'later']","['catch', 'later']","['catch', 'later']",catch later
Hey,greeting,Response for greeting.,hey,hey,['hey'],['hey'],['hey'],['hey'],hey
Goodbye,goodbye,Response for goodbye.,goodbye,goodbye,['goodbye'],['goodbye'],['goodby'],['goodbye'],goodbye
Is Vivo V50 available?,availability,Response for availability.,is vivo v50 available?,is vivo v50 available,"['is', 'vivo', 'v50', 'available']","['vivo', 'v50', 'available']","['vivo', 'v50', 'avail']","['vivo', 'v50', 'available']",vivo v50 available
Payment methods,payment,Response for payment.,payment methods,payment methods,"['payment', 'methods']","['payment', 'methods']","['payment', 'method']","['payment', 'method']",payment method
Latest Realme phones,phone_search,Response for phone_search.,latest realme phones,latest realme phones,"['latest', 'realme', 'phones']","['latest', 'realme', 'phones']","['latest', 'realm', 'phone']","['latest', 'realme', 'phone']",latest realme phone
Hi,greeting,Response for greeting.,hi,hi,['hi'],['hi'],['hi'],['hi'],hi
Do you have charger?,accessory_search,Response for accessory_search.,do you have charger?,do you have charger,"['do', 'you', 'have', 'charger']",['charger'],['charger'],['charger'],charger
Best battery phone,recommendation,Response for recommendation.,best battery phone,best battery phone,"['best', 'battery', 'phone']","['best', 'battery', 'phone']","['best', 'batteri', 'phone']","['best', 'battery', 'phone']",best battery phone
Can I buy Vivo V50?,availability,Response for availability.,can i buy vivo v50?,can i buy vivo v50,"['can', 'i', 'buy', 'vivo', 'v50']","['buy', 'vivo', 'v50']","['buy', 'vivo', 'v50']","['buy', 'vivo', 'v50']",buy vivo v50
iPhone 15 vs Oppo Reno 14,comparison,Response for comparison.,iphone 15 vs oppo reno 14,iphone 15 vs oppo reno 14,"['iphone', '15', 'vs', 'oppo', 'reno', '14']","['iphone', '15', 'vs', 'oppo', 'reno', '14']","['iphon', '15', 'vs', 'oppo', 'reno', '14']","['iphone', '15', 'v', 'oppo', 'reno', '14']",iphone 15 v oppo reno 14
Price of Oppo Reno 14,price_query,Response for price_query.,price of oppo reno 14,price of oppo reno 14,"['price', 'of', 'oppo', 'reno', '14']","['price', 'oppo', 'reno', '14']","['price', 'oppo', 'reno', '14']","['price', 'oppo', 'reno', '14']",price oppo reno 14
Best gaming phone,recommendation,Response for recommendation.,best gaming phone,best gaming phone,"['best', 'gaming', 'phone']","['best', 'gaming', 'phone']","['best', 'game', 'phone']","['best', 'gaming', 'phone']",best gaming phone
Show USB-C cable,accessory_search,Response for accessory_search.,show usb-c cable,show usbc cable,"['show', 'usbc', 'cable']","['show', 'usbc', 'cable']","['show', 'usbc', 'cabl']","['show', 'usbc', 'cable']",show usbc cable
Latest Oppo phones,phone_search,Response for phone_search.,latest oppo phones,latest oppo phones,"['latest', 'oppo', 'phones']","['latest', 'oppo', 'phones']","['latest', 'oppo', 'phone']","['latest', 'oppo', 'phone']",latest oppo phone
Recommend a phone,recommendation,Response for recommendation.,recommend a phone,recommend a phone,"['recommend', 'a', 'phone']","['recommend', 'phone']","['recommend', 'phone']","['recommend', 'phone']",recommend phone
Online payment?,payment,Response for payment.,online payment?,online payment,"['online', 'payment']","['online', 'payment']","['onlin', 'payment']","['online', 'payment']",online payment
Can I use Visa?,payment,Response for payment.,can i use visa?,can i use visa,"['can', 'i', 'use', 'visa']","['use', 'visa']","['use', 'visa']","['use', 'visa']",use visa
Hey,greeting,Response for greeting.,hey,hey,['hey'],['hey'],['hey'],['hey'],hey
How much is OnePlus 13?,price_query,Response for price_query.,how much is oneplus 13?,how much is oneplus 13,"['how', 'much', 'is', 'oneplus', '13']","['much', 'oneplus', '13']","['much', 'oneplu', '13']","['much', 'oneplus', '13']",much oneplus 13
Can I pay by card?,payment,Response for payment.,can i pay by card?,can i pay by card,"['can', 'i', 'pay', 'by', 'card']","['pay', 'card']","['pay', 'card']","['pay', 'card']",pay card
Galaxy S24 vs Oppo Reno 14,comparison,Response for comparison.,galaxy s24 vs oppo reno 14,galaxy s24 vs oppo reno 14,"['galaxy', 's24', 'vs', 'oppo', 'reno', '14']","['galaxy', 's24', 'vs', 'oppo', 'reno', '14']","['galaxi', 's24', 'vs', 'oppo', 'reno', '14']","['galaxy', 's24', 'v', 'oppo', 'reno', '14']",galaxy s24 v oppo reno 14
Price of phone case,accessory_search,Response for accessory_search.,price of phone case,price of phone case,"['price', 'of', 'phone', 'case']","['price', 'phone', 'case']","['price', 'phone', 'case']","['price', 'phone', 'case']",price phone case
Good morning,greeting,Response for greeting.,good morning,good morning,"['good', 'morning']","['good', 'morning']","['good', 'morn']","['good', 'morning']",good morning
Price of phone case,accessory_search,Response for accessory_search.,price of phone case,price of phone case,"['price', 'of', 'phone', 'case']","['price', 'phone', 'case']","['price', 'phone', 'case']","['price', 'phone', 'case']",price phone case
Which is better Vivo V50 or OnePlus 13?,comparison,Response for comparison.,which is better vivo v50 or oneplus 13?,which is better vivo v50 or oneplus 13,"['which', 'is', 'better', 'vivo', 'v50', 'or', 'oneplus', '13']","['better', 'vivo', 'v50', 'oneplus', '13']","['better', 'vivo', 'v50', 'oneplu', '13']","['better', 'vivo', 'v50', 'oneplus', '13']",better vivo v50 oneplus 13
Hey,greeting,Response for greeting.,hey,hey,['hey'],['hey'],['hey'],['hey'],hey
Price of phone case,accessory_search,Response for accessory_search.,price of phone case,price of phone case,"['price', 'of', 'phone', 'case']","['price', 'phone', 'case']","['price', 'phone', 'case']","['price', 'phone', 'case']",price phone case
Best battery phone,recommendation,Response for recommendation.,best battery phone,best battery phone,"['best', 'battery', 'phone']","['best', 'battery', 'phone']","['best', 'batteri', 'phone']","['best', 'battery', 'phone']",best battery phone
Thanks a lot,thanks,Response for thanks.,thanks a lot,thanks a lot,"['thanks', 'a', 'lot']","['thanks', 'lot']","['thank', 'lot']","['thanks', 'lot']",thanks lot
Looking for Realme mobiles,phone_search,Response for phone_search.,looking for realme mobiles,looking for realme mobiles,"['looking', 'for', 'realme', 'mobiles']","['looking', 'realme', 'mobiles']","['look', 'realm', 'mobil']","['looking', 'realme', 'mobile']",looking realme mobile
Hello,greeting,Response for greeting.,hello,hello,['hello'],['hello'],['hello'],['hello'],hello
Hello,greeting,Response for greeting.,hello,hello,['hello'],['hello'],['hello'],['hello'],hello
Cash accepted?,payment,Response for payment.,cash accepted?,cash accepted,"['cash', 'accepted']","['cash', 'accepted']","['cash', 'accept']","['cash', 'accepted']",cash accepted
Which is better Redmi Note 14 or iPhone 15?,comparison,Response for comparison.,which is better redmi note 14 or iphone 15?,which is better redmi note 14 or iphone 15,"['which', 'is', 'better', 'redmi', 'note', '14', 'or', 'iphone', '15']","['better', 'redmi', 'note', '14', 'iphone', '15']","['better', 'redmi', 'note', '14', 'iphon', '15']","['better', 'redmi', 'note', '14', 'iphone', '15']",better redmi note 14 iphone 15
Show me OnePlus phones,phone_search,Response for phone_search.,show me oneplus phones,show me oneplus phones,"['show', 'me', 'oneplus', 'phones']","['show', 'oneplus', 'phones']","['show', 'oneplu', 'phone']","['show', 'oneplus', 'phone']",show oneplus phone
Have a nice day,goodbye,Response for goodbye.,have a nice day,have a nice day,"['have', 'a', 'nice', 'day']","['nice', 'day']","['nice', 'day']","['nice', 'day']",nice day
Goodbye,goodbye,Response for goodbye.,goodbye,goodbye,['goodbye'],['goodbye'],['goodby'],['goodbye'],goodbye
Which is better Vivo V50 or Redmi Note 14?,comparison,Response for comparison.,which is better vivo v50 or redmi note 14?,which is better vivo v50 or redmi note 14,"['which', 'is', 'better', 'vivo', 'v50', 'or', 'redmi', 'note', '14']","['better', 'vivo', 'v50', 'redmi', 'note', '14']","['better', 'vivo', 'v50', 'redmi', 'note', '14']","['better', 'vivo', 'v50', 'redmi', 'note', '14']",better vivo v50 redmi note 14
Latest Realme phones,phone_search,Response for phone_search.,latest realme phones,latest realme phones,"['latest', 'realme', 'phones']","['latest', 'realme', 'phones']","['latest', 'realm', 'phone']","['latest', 'realme', 'phone']",latest realme phone
Need a AirPods,accessory_search,Response for accessory_search.,need a airpods,need a airpods,"['need', 'a', 'airpods']","['need', 'airpods']","['need', 'airpod']","['need', 'airpods']",need airpods
Looking for power bank,accessory_search,Response for accessory_search.,looking for power bank,looking for power bank,"['looking', 'for', 'power', 'bank']","['looking', 'power', 'bank']","['look', 'power', 'bank']","['looking', 'power', 'bank']",looking power bank
Which is better Oppo Reno 14 or Redmi Note 14?,comparison,Response for comparison.,which is better oppo reno 14 or redmi note 14?,which is better oppo reno 14 or redmi note 14,"['which', 'is', 'better', 'oppo', 'reno', '14', 'or', 'redmi', 'note', '14']","['better', 'oppo', 'reno', '14', 'redmi', 'note', '14']","['better', 'oppo', 'reno', '14', 'redmi', 'note', '14']","['better', 'oppo', 'reno', '14', 'redmi', 'note', '14']",better oppo reno 14 redmi note 14
Online payment?,payment,Response for payment.,online payment?,online payment,"['online', 'payment']","['online', 'payment']","['onlin', 'payment']","['online', 'payment']",online payment
Recommend a phone,recommendation,Response for recommendation.,recommend a phone,recommend a phone,"['recommend', 'a', 'phone']","['recommend', 'phone']","['recommend', 'phone']","['recommend', 'phone']",recommend phone
Cost of Galaxy S24,price_query,Response for price_query.,cost of galaxy s24,cost of galaxy s24,"['cost', 'of', 'galaxy', 's24']","['cost', 'galaxy', 's24']","['cost', 'galaxi', 's24']","['cost', 'galaxy', 's24']",cost galaxy s24
Catch you later,goodbye,Response for goodbye.,catch you later,catch you later,"['catch', 'you', 'later']","['catch', 'later']","['catch', 'later']","['catch', 'later']",catch later
Compare OnePlus 13 and Galaxy S24,comparison,Response for comparison.,compare oneplus 13 and galaxy s24,compare oneplus 13 and galaxy s24,"['compare', 'oneplus', '13', 'and', 'galaxy', 's24']","['compare', 'oneplus', '13', 'galaxy', 's24']","['compar', 'oneplu', '13', 'galaxi', 's24']","['compare', 'oneplus', '13', 'galaxy', 's24']",compare oneplus 13 galaxy s24
Online payment?,payment,Response for payment.,online payment?,online payment,"['online', 'payment']","['online', 'payment']","['onlin', 'payment']","['online', 'payment']",online payment
Is Galaxy S24 available?,availability,Response for availability.,is galaxy s24 available?,is galaxy s24 available,"['is', 'galaxy', 's24', 'available']","['galaxy', 's24', 'available']","['galaxi', 's24', 'avail']","['galaxy', 's24', 'available']",galaxy s24 available
Show me Apple phones,phone_search,Response for phone_search.,show me apple phones,show me apple phones,"['show', 'me', 'apple', 'phones']","['show', 'apple', 'phones']","['show', 'appl', 'phone']","['show', 'apple', 'phone']",show apple phone
See you,goodbye,Response for goodbye.,see you,see you,"['see', 'you']",['see'],['see'],['see'],see
Great thanks,thanks,Response for thanks.,great thanks,great thanks,"['great', 'thanks']","['great', 'thanks']","['great', 'thank']","['great', 'thanks']",great thanks
Which is better Oppo Reno 14 or Oppo Reno 14?,comparison,Response for comparison.,which is better oppo reno 14 or oppo reno 14?,which is better oppo reno 14 or oppo reno 14,"['which', 'is', 'better', 'oppo', 'reno', '14', 'or', 'oppo', 'reno', '14']","['better', 'oppo', 'reno', '14', 'oppo', 'reno', '14']","['better', 'oppo', 'reno', '14', 'oppo', 'reno', '14']","['better', 'oppo', 'reno', '14', 'oppo', 'reno', '14']",better oppo reno 14 oppo reno 14
Payment methods,payment,Response for payment.,payment methods,payment methods,"['payment', 'methods']","['payment', 'methods']","['payment', 'method']","['payment', 'method']",payment method
How much is Redmi Note 14?,price_query,Response for price_query.,how much is redmi note 14?,how much is redmi note 14,"['how', 'much', 'is', 'redmi', 'note', '14']","['much', 'redmi', 'note', '14']","['much', 'redmi', 'note', '14']","['much', 'redmi', 'note', '14']",much redmi note 14
Do you have OnePlus 13 now?,availability,Response for availability.,do you have oneplus 13 now?,do you have oneplus 13 now,"['do', 'you', 'have', 'oneplus', '13', 'now']","['oneplus', '13']","['oneplu', '13']","['oneplus', '13']",oneplus 13
Good morning,greeting,Response for greeting.,good morning,good morning,"['good', 'morning']","['good', 'morning']","['good', 'morn']","['good', 'morning']",good morning
Can I pay by card?,payment,Response for payment.,can i pay by card?,can i pay by card,"['can', 'i', 'pay', 'by', 'card']","['pay', 'card']","['pay', 'card']","['pay', 'card']",pay card
Is Galaxy S24 available?,availability,Response for availability.,is galaxy s24 available?,is galaxy s24 available,"['is', 'galaxy', 's24', 'available']","['galaxy', 's24', 'available']","['galaxi', 's24', 'avail']","['galaxy', 's24', 'available']",galaxy s24 available
Need a charger,accessory_search,Response for accessory_search.,need a charger,need a charger,"['need', 'a', 'charger']","['need', 'charger']","['need', 'charger']","['need', 'charger']",need charger
Good morning,greeting,Response for greeting.,good morning,good morning,"['good', 'morning']","['good', 'morning']","['good', 'morn']","['good', 'morning']",good morning
Bye,goodbye,Response for goodbye.,bye,bye,['bye'],['bye'],['bye'],['bye'],bye
In stock iPhone 15?,availability,Response for availability.,in stock iphone 15?,in stock iphone 15,"['in', 'stock', 'iphone', '15']","['stock', 'iphone', '15']","['stock', 'iphon', '15']","['stock', 'iphone', '15']",stock iphone 15
Can I use Visa?,payment,Response for payment.,can i use visa?,can i use visa,"['can', 'i', 'use', 'visa']","['use', 'visa']","['use', 'visa']","['use', 'visa']",use visa
Difference between OnePlus 13 and Vivo V50,comparison,Response for comparison.,difference between oneplus 13 and vivo v50,difference between oneplus 13 and vivo v50,"['difference', 'between', 'oneplus', '13', 'and', 'vivo', 'v50']","['difference', 'oneplus', '13', 'vivo', 'v50']","['differ', 'oneplu', '13', 'vivo', 'v50']","['difference', 'oneplus', '13', 'vivo', 'v50']",difference oneplus 13 vivo v50
Can I buy Redmi Note 14?,availability,Response for availability.,can i buy redmi note 14?,can i buy redmi note 14,"['can', 'i', 'buy', 'redmi', 'note', '14']","['buy', 'redmi', 'note', '14']","['buy', 'redmi', 'note', '14']","['buy', 'redmi', 'note', '14']",buy redmi note 14
See you,goodbye,Response for goodbye.,see you,see you,"['see', 'you']",['see'],['see'],['see'],see
Cost of Galaxy S24,price_query,Response for price_query.,cost of galaxy s24,cost of galaxy s24,"['cost', 'of', 'galaxy', 's24']","['cost', 'galaxy', 's24']","['cost', 'galaxi', 's24']","['cost', 'galaxy', 's24']",cost galaxy s24
Looking for charger,accessory_search,Response for accessory_search.,looking for charger,looking for charger,"['looking', 'for', 'charger']","['looking', 'charger']","['look', 'charger']","['looking', 'charger']",looking charger
Great thanks,thanks,Response for thanks.,great thanks,great thanks,"['great', 'thanks']","['great', 'thanks']","['great', 'thank']","['great', 'thanks']",great thanks
Redmi Note 14 price,price_query,Response for price_query.,redmi note 14 price,redmi note 14 price,"['redmi', 'note', '14', 'price']","['redmi', 'note', '14', 'price']","['redmi', 'note', '14', 'price']","['redmi', 'note', '14', 'price']",redmi note 14 price
Do you have Realme?,phone_search,Response for phone_search.,do you have realme?,do you have realme,"['do', 'you', 'have', 'realme']",['realme'],['realm'],['realme'],realme
Phone for students,recommendation,Response for recommendation.,phone for students,phone for students,"['phone', 'for', 'students']","['phone', 'students']","['phone', 'student']","['phone', 'student']",phone student
Hey,greeting,Response for greeting.,hey,hey,['hey'],['hey'],['hey'],['hey'],hey
Need a USB-C cable,accessory_search,Response for accessory_search.,need a usb-c cable,need a usbc cable,"['need', 'a', 'usbc', 'cable']","['need', 'usbc', 'cable']","['need', 'usbc', 'cabl']","['need', 'usbc', 'cable']",need usbc cable
Can I use Visa?,payment,Response for payment.,can i use visa?,can i use visa,"['can', 'i', 'use', 'visa']","['use', 'visa']","['use', 'visa']","['use', 'visa']",use visa
Need a phone case,accessory_search,Response for accessory_search.,need a phone case,need a phone case,"['need', 'a', 'phone', 'case']","['need', 'phone', 'case']","['need', 'phone', 'case']","['need', 'phone', 'case']",need phone case
Do you have Galaxy S24 now?,availability,Response for availability.,do you have galaxy s24 now?,do you have galaxy s24 now,"['do', 'you', 'have', 'galaxy', 's24', 'now']","['galaxy', 's24']","['galaxi', 's24']","['galaxy', 's24']",galaxy s24
Show USB-C cable,accessory_search,Response for accessory_search.,show usb-c cable,show usbc cable,"['show', 'usbc', 'cable']","['show', 'usbc', 'cable']","['show', 'usbc', 'cabl']","['show', 'usbc', 'cable']",show usbc cable
Vivo V50 vs Vivo V50,comparison,Response for comparison.,vivo v50 vs vivo v50,vivo v50 vs vivo v50,"['vivo', 'v50', 'vs', 'vivo', 'v50']","['vivo', 'v50', 'vs', 'vivo', 'v50']","['vivo', 'v50', 'vs', 'vivo', 'v50']","['vivo', 'v50', 'v', 'vivo', 'v50']",vivo v50 v vivo v50
Price of Galaxy S24,price_query,Response for price_query.,price of galaxy s24,price of galaxy s24,"['price', 'of', 'galaxy', 's24']","['price', 'galaxy', 's24']","['price', 'galaxi', 's24']","['price', 'galaxy', 's24']",price galaxy s24
Cash accepted?,payment,Response for payment.,cash accepted?,cash accepted,"['cash', 'accepted']","['cash', 'accepted']","['cash', 'accept']","['cash', 'accepted']",cash accepted
OnePlus 13 price,price_query,Response for price_query.,oneplus 13 price,oneplus 13 price,"['oneplus', '13', 'price']","['oneplus', '13', 'price']","['oneplu', '13', 'price']","['oneplus', '13', 'price']",oneplus 13 price
Price of AirPods,accessory_search,Response for accessory_search.,price of airpods,price of airpods,"['price', 'of', 'airpods']","['price', 'airpods']","['price', 'airpod']","['price', 'airpods']",price airpods
Have a nice day,goodbye,Response for goodbye.,have a nice day,have a nice day,"['have', 'a', 'nice', 'day']","['nice', 'day']","['nice', 'day']","['nice', 'day']",nice day
Is Vivo V50 available?,availability,Response for availability.,is vivo v50 available?,is vivo v50 available,"['is', 'vivo', 'v50', 'available']","['vivo', 'v50', 'available']","['vivo', 'v50', 'avail']","['vivo', 'v50', 'available']",vivo v50 available
Online payment?,payment,Response for payment.,online payment?,online payment,"['online', 'payment']","['online', 'payment']","['onlin', 'payment']","['online', 'payment']",online payment
Availability of iPhone 15,availability,Response for availability.,availability of iphone 15,availability of iphone 15,"['availability', 'of', 'iphone', '15']","['availability', 'iphone', '15']","['avail', 'iphon', '15']","['availability', 'iphone', '15']",availability iphone 15
Catch you later,goodbye,Response for goodbye.,catch you later,catch you later,"['catch', 'you', 'later']","['catch', 'later']","['catch', 'later']","['catch', 'later']",catch later
In stock OnePlus 13?,availability,Response for availability.,in stock oneplus 13?,in stock oneplus 13,"['in', 'stock', 'oneplus', '13']","['stock', 'oneplus', '13']","['stock', 'oneplu', '13']","['stock', 'oneplus', '13']",stock oneplus 13
Price of phone case,accessory_search,Response for accessory_search.,price of phone case,price of phone case,"['price', 'of', 'phone', 'case']","['price', 'phone', 'case']","['price', 'phone', 'case']","['price', 'phone', 'case']",price phone case
Which is better Galaxy S24 or Vivo V50?,comparison,Response for comparison.,which is better galaxy s24 or vivo v50?,which is better galaxy s24 or vivo v50,"['which', 'is', 'better', 'galaxy', 's24', 'or', 'vivo', 'v50']","['better', 'galaxy', 's24', 'vivo', 'v50']","['better', 'galaxi', 's24', 'vivo', 'v50']","['better', 'galaxy', 's24', 'vivo', 'v50']",better galaxy s24 vivo v50
Compare these phones,comparison,Response for comparison.,compare these phones,compare these phones,"['compare', 'these', 'phones']","['compare', 'phones']","['compar', 'phone']","['compare', 'phone']",compare phone
Cost of OnePlus 13,price_query,Response for price_query.,cost of oneplus 13,cost of oneplus 13,"['cost', 'of', 'oneplus', '13']","['cost', 'oneplus', '13']","['cost', 'oneplu', '13']","['cost', 'oneplus', '13']",cost oneplus 13
Hi,greeting,Response for greeting.,hi,hi,['hi'],['hi'],['hi'],['hi'],hi
Thanks,thanks,Response for thanks.,thanks,thanks,['thanks'],['thanks'],['thank'],['thanks'],thanks
Best gaming phone,recommendation,Response for recommendation.,best gaming phone,best gaming phone,"['best', 'gaming', 'phone']","['best', 'gaming', 'phone']","['best', 'game', 'phone']","['best', 'gaming', 'phone']",best gaming phone
Recommend a phone,recommendation,Response for recommendation.,recommend a phone,recommend a phone,"['recommend', 'a', 'phone']","['recommend', 'phone']","['recommend', 'phone']","['recommend', 'phone']",recommend phone
Price of power bank,accessory_search,Response for accessory_search.,price of power bank,price of power bank,"['price', 'of', 'power', 'bank']","['price', 'power', 'bank']","['price', 'power', 'bank']","['price', 'power', 'bank']",price power bank
Latest Realme phones,phone_search,Response for phone_search.,latest realme phones,latest realme phones,"['latest', 'realme', 'phones']","['latest', 'realme', 'phones']","['latest', 'realm', 'phone']","['latest', 'realme', 'phone']",latest realme phone
I need a Oppo phone,phone_search,Response for phone_search.,i need a oppo phone,i need a oppo phone,"['i', 'need', 'a', 'oppo', 'phone']","['need', 'oppo', 'phone']","['need', 'oppo', 'phone']","['need', 'oppo', 'phone']",need oppo phone
Galaxy S24 vs Galaxy S24,comparison,Response for comparison.,galaxy s24 vs galaxy s24,galaxy s24 vs galaxy s24,"['galaxy', 's24', 'vs', 'galaxy', 's24']","['galaxy', 's24', 'vs', 'galaxy', 's24']","['galaxi', 's24', 'vs', 'galaxi', 's24']","['galaxy', 's24', 'v', 'galaxy', 's24']",galaxy s24 v galaxy s24
Do you have Realme?,phone_search,Response for phone_search.,do you have realme?,do you have realme,"['do', 'you', 'have', 'realme']",['realme'],['realm'],['realme'],realme
Show charger,accessory_search,Response for accessory_search.,show charger,show charger,"['show', 'charger']","['show', 'charger']","['show', 'charger']","['show', 'charger']",show charger
Great thanks,thanks,Response for thanks.,great thanks,great thanks,"['great', 'thanks']","['great', 'thanks']","['great', 'thank']","['great', 'thanks']",great thanks
Availability of Vivo V50,availability,Response for availability.,availability of vivo v50,availability of vivo v50,"['availability', 'of', 'vivo', 'v50']","['availability', 'vivo', 'v50']","['avail', 'vivo', 'v50']","['availability', 'vivo', 'v50']",availability vivo v50
Bye,goodbye,Response for goodbye.,bye,bye,['bye'],['bye'],['bye'],['bye'],bye
Cost of Vivo V50,price_query,Response for price_query.,cost of vivo v50,cost of vivo v50,"['cost', 'of', 'vivo', 'v50']","['cost', 'vivo', 'v50']","['cost', 'vivo', 'v50']","['cost', 'vivo', 'v50']",cost vivo v50
Tell me the price of Redmi Note 14,price_query,Response for price_query.,tell me the price of redmi note 14,tell me the price of redmi note 14,"['tell', 'me', 'the', 'price', 'of', 'redmi', 'note', '14']","['tell', 'price', 'redmi', 'note', '14']","['tell', 'price', 'redmi', 'note', '14']","['tell', 'price', 'redmi', 'note', '14']",tell price redmi note 14
Recommend a phone,recommendation,Response for recommendation.,recommend a phone,recommend a phone,"['recommend', 'a', 'phone']","['recommend', 'phone']","['recommend', 'phone']","['recommend', 'phone']",recommend phone
Goodbye,goodbye,Response for goodbye.,goodbye,goodbye,['goodbye'],['goodbye'],['goodby'],['goodbye'],goodbye
Price of AirPods,accessory_search,Response for accessory_search.,price of airpods,price of airpods,"['price', 'of', 'airpods']","['price', 'airpods']","['price', 'airpod']","['price', 'airpods']",price airpods
Looking for USB-C cable,accessory_search,Response for accessory_search.,looking for usb-c cable,looking for usbc cable,"['looking', 'for', 'usbc', 'cable']","['looking', 'usbc', 'cable']","['look', 'usbc', 'cabl']","['looking', 'usbc', 'cable']",looking usbc cable
Best battery phone,recommendation,Response for recommendation.,best battery phone,best battery phone,"['best', 'battery', 'phone']","['best', 'battery', 'phone']","['best', 'batteri', 'phone']","['best', 'battery', 'phone']",best battery phone
Price of power bank,accessory_search,Response for accessory_search.,price of power bank,price of power bank,"['price', 'of', 'power', 'bank']","['price', 'power', 'bank']","['price', 'power', 'bank']","['price', 'power', 'bank']",price power bank
Difference between OnePlus 13 and iPhone 15,comparison,Response for comparison.,difference between oneplus 13 and iphone 15,difference between oneplus 13 and iphone 15,"['difference', 'between', 'oneplus', '13', 'and', 'iphone', '15']","['difference', 'oneplus', '13', 'iphone', '15']","['differ', 'oneplu', '13', 'iphon', '15']","['difference', 'oneplus', '13', 'iphone', '15']",difference oneplus 13 iphone 15
Thanks a lot,thanks,Response for thanks.,thanks a lot,thanks a lot,"['thanks', 'a', 'lot']","['thanks', 'lot']","['thank', 'lot']","['thanks', 'lot']",thanks lot
Price of screen protector,accessory_search,Response for accessory_search.,price of screen protector,price of screen protector,"['price', 'of', 'screen', 'protector']","['price', 'screen', 'protector']","['price', 'screen', 'protector']","['price', 'screen', 'protector']",price screen protector
Do you have charger?,accessory_search,Response for accessory_search.,do you have charger?,do you have charger,"['do', 'you', 'have', 'charger']",['charger'],['charger'],['charger'],charger
Tell me the price of Oppo Reno 14,price_query,Response for price_query.,tell me the price of oppo reno 14,tell me the price of oppo reno 14,"['tell', 'me', 'the', 'price', 'of', 'oppo', 'reno', '14']","['tell', 'price', 'oppo', 'reno', '14']","['tell', 'price', 'oppo', 'reno', '14']","['tell', 'price', 'oppo', 'reno', '14']",tell price oppo reno 14
Payment methods,payment,Response for payment.,payment methods,payment methods,"['payment', 'methods']","['payment', 'methods']","['payment', 'method']","['payment', 'method']",payment method
Tell me the price of Galaxy S24,price_query,Response for price_query.,tell me the price of galaxy s24,tell me the price of galaxy s24,"['tell', 'me', 'the', 'price', 'of', 'galaxy', 's24']","['tell', 'price', 'galaxy', 's24']","['tell', 'price', 'galaxi', 's24']","['tell', 'price', 'galaxy', 's24']",tell price galaxy s24
Do you have AirPods?,accessory_search,Response for accessory_search.,do you have airpods?,do you have airpods,"['do', 'you', 'have', 'airpods']",['airpods'],['airpod'],['airpods'],airpods
Do you have Apple?,phone_search,Response for phone_search.,do you have apple?,do you have apple,"['do', 'you', 'have', 'apple']",['apple'],['appl'],['apple'],apple
Goodbye,goodbye,Response for goodbye.,goodbye,goodbye,['goodbye'],['goodbye'],['goodby'],['goodbye'],goodbye
Catch you later,goodbye,Response for goodbye.,catch you later,catch you later,"['catch', 'you', 'later']","['catch', 'later']","['catch', 'later']","['catch', 'later']",catch later
Have a nice day,goodbye,Response for goodbye.,have a nice day,have a nice day,"['have', 'a', 'nice', 'day']","['nice', 'day']","['nice', 'day']","['nice', 'day']",nice day
Show power bank,accessory_search,Response for accessory_search.,show power bank,show power bank,"['show', 'power', 'bank']","['show', 'power', 'bank']","['show', 'power', 'bank']","['show', 'power', 'bank']",show power bank
Can I use Visa?,payment,Response for payment.,can i use visa?,can i use visa,"['can', 'i', 'use', 'visa']","['use', 'visa']","['use', 'visa']","['use', 'visa']",use visa
Best camera phone,recommendation,Response for recommendation.,best camera phone,best camera phone,"['best', 'camera', 'phone']","['best', 'camera', 'phone']","['best', 'camera', 'phone']","['best', 'camera', 'phone']",best camera phone
Payment methods,payment,Response for payment.,payment methods,payment methods,"['payment', 'methods']","['payment', 'methods']","['payment', 'method']","['payment', 'method']",payment method
Recommend a phone,recommendation,Response for recommendation.,recommend a phone,recommend a phone,"['recommend', 'a', 'phone']","['recommend', 'phone']","['recommend', 'phone']","['recommend', 'phone']",recommend phone
Hey,greeting,Response for greeting.,hey,hey,['hey'],['hey'],['hey'],['hey'],hey
In stock Oppo Reno 14?,availability,Response for availability.,in stock oppo reno 14?,in stock oppo reno 14,"['in', 'stock', 'oppo', 'reno', '14']","['stock', 'oppo', 'reno', '14']","['stock', 'oppo', 'reno', '14']","['stock', 'oppo', 'reno', '14']",stock oppo reno 14
Online payment?,payment,Response for payment.,online payment?,online payment,"['online', 'payment']","['online', 'payment']","['onlin', 'payment']","['online', 'payment']",online payment
Compare Galaxy S24 and iPhone 15,comparison,Response for comparison.,compare galaxy s24 and iphone 15,compare galaxy s24 and iphone 15,"['compare', 'galaxy', 's24', 'and', 'iphone', '15']","['compare', 'galaxy', 's24', 'iphone', '15']","['compar', 'galaxi', 's24', 'iphon', '15']","['compare', 'galaxy', 's24', 'iphone', '15']",compare galaxy s24 iphone 15
Hey,greeting,Response for greeting.,hey,hey,['hey'],['hey'],['hey'],['hey'],hey
Have a nice day,goodbye,Response for goodbye.,have a nice day,have a nice day,"['have', 'a', 'nice', 'day']","['nice', 'day']","['nice', 'day']","['nice', 'day']",nice day
See you,goodbye,Response for goodbye.,see you,see you,"['see', 'you']",['see'],['see'],['see'],see
Best camera phone,recommendation,Response for recommendation.,best camera phone,best camera phone,"['best', 'camera', 'phone']","['best', 'camera', 'phone']","['best', 'camera', 'phone']","['best', 'camera', 'phone']",best camera phone
Phone for students,recommendation,Response for recommendation.,phone for students,phone for students,"['phone', 'for', 'students']","['phone', 'students']","['phone', 'student']","['phone', 'student']",phone student
Goodbye,goodbye,Response for goodbye.,goodbye,goodbye,['goodbye'],['goodbye'],['goodby'],['goodbye'],goodbye
Online payment?,payment,Response for payment.,online payment?,online payment,"['online', 'payment']","['online', 'payment']","['onlin', 'payment']","['online', 'payment']",online payment
Is Oppo Reno 14 available?,availability,Response for availability.,is oppo reno 14 available?,is oppo reno 14 available,"['is', 'oppo', 'reno', '14', 'available']","['oppo', 'reno', '14', 'available']","['oppo', 'reno', '14', 'avail']","['oppo', 'reno', '14', 'available']",oppo reno 14 available
Compare OnePlus 13 and Redmi Note 14,comparison,Response for comparison.,compare oneplus 13 and redmi note 14,compare oneplus 13 and redmi note 14,"['compare', 'oneplus', '13', 'and', 'redmi', 'note', '14']","['compare', 'oneplus', '13', 'redmi', 'note', '14']","['compar', 'oneplu', '13', 'redmi', 'note', '14']","['compare', 'oneplus', '13', 'redmi', 'note', '14']",compare oneplus 13 redmi note 14
I need a Vivo phone,phone_search,Response for phone_search.,i need a vivo phone,i need a vivo phone,"['i', 'need', 'a', 'vivo', 'phone']","['need', 'vivo', 'phone']","['need', 'vivo', 'phone']","['need', 'vivo', 'phone']",need vivo phone
Online payment?,payment,Response for payment.,online payment?,online payment,"['online', 'payment']","['online', 'payment']","['onlin', 'payment']","['online', 'payment']",online payment
How much is Vivo V50?,price_query,Response for price_query.,how much is vivo v50?,how much is vivo v50,"['how', 'much', 'is', 'vivo', 'v50']","['much', 'vivo', 'v50']","['much', 'vivo', 'v50']","['much', 'vivo', 'v50']",much vivo v50
Which is better OnePlus 13 or Galaxy S24?,comparison,Response for comparison.,which is better oneplus 13 or galaxy s24?,which is better oneplus 13 or galaxy s24,"['which', 'is', 'better', 'oneplus', '13', 'or', 'galaxy', 's24']","['better', 'oneplus', '13', 'galaxy', 's24']","['better', 'oneplu', '13', 'galaxi', 's24']","['better', 'oneplus', '13', 'galaxy', 's24']",better oneplus 13 galaxy s24
Payment methods,payment,Response for payment.,payment methods,payment methods,"['payment', 'methods']","['payment', 'methods']","['payment', 'method']","['payment', 'method']",payment method
Latest OnePlus phones,phone_search,Response for phone_search.,latest oneplus phones,latest oneplus phones,"['latest', 'oneplus', 'phones']","['latest', 'oneplus', 'phones']","['latest', 'oneplu', 'phone']","['latest', 'oneplus', 'phone']",latest oneplus phone
I need a OnePlus phone,phone_search,Response for phone_search.,i need a oneplus phone,i need a oneplus phone,"['i', 'need', 'a', 'oneplus', 'phone']","['need', 'oneplus', 'phone']","['need', 'oneplu', 'phone']","['need', 'oneplus', 'phone']",need oneplus phone
I need a Samsung phone,phone_search,Response for phone_search.,i need a samsung phone,i need a samsung phone,"['i', 'need', 'a', 'samsung', 'phone']","['need', 'samsung', 'phone']","['need', 'samsung', 'phone']","['need', 'samsung', 'phone']",need samsung phone
Do you have Vivo V50 now?,availability,Response for availability.,do you have vivo v50 now?,do you have vivo v50 now,"['do', 'you', 'have', 'vivo', 'v50', 'now']","['vivo', 'v50']","['vivo', 'v50']","['vivo', 'v50']",vivo v50
Vivo V50 price,price_query,Response for price_query.,vivo v50 price,vivo v50 price,"['vivo', 'v50', 'price']","['vivo', 'v50', 'price']","['vivo', 'v50', 'price']","['vivo', 'v50', 'price']",vivo v50 price
Good evening,greeting,Response for greeting.,good evening,good evening,"['good', 'evening']","['good', 'evening']","['good', 'even']","['good', 'evening']",good evening
Great thanks,thanks,Response for thanks.,great thanks,great thanks,"['great', 'thanks']","['great', 'thanks']","['great', 'thank']","['great', 'thanks']",great thanks
How much is OnePlus 13?,price_query,Response for price_query.,how much is oneplus 13?,how much is oneplus 13,"['how', 'much', 'is', 'oneplus', '13']","['much', 'oneplus', '13']","['much', 'oneplu', '13']","['much', 'oneplus', '13']",much oneplus 13
Latest Samsung phones,phone_search,Response for phone_search.,latest samsung phones,latest samsung phones,"['latest', 'samsung', 'phones']","['latest', 'samsung', 'phones']","['latest', 'samsung', 'phone']","['latest', 'samsung', 'phone']",latest samsung phone
Which is better OnePlus 13 or Galaxy S24?,comparison,Response for comparison.,which is better oneplus 13 or galaxy s24?,which is better oneplus 13 or galaxy s24,"['which', 'is', 'better', 'oneplus', '13', 'or', 'galaxy', 's24']","['better', 'oneplus', '13', 'galaxy', 's24']","['better', 'oneplu', '13', 'galaxi', 's24']","['better', 'oneplus', '13', 'galaxy', 's24']",better oneplus 13 galaxy s24
Can I use Visa?,payment,Response for payment.,can i use visa?,can i use visa,"['can', 'i', 'use', 'visa']","['use', 'visa']","['use', 'visa']","['use', 'visa']",use visa
Looking for charger,accessory_search,Response for accessory_search.,looking for charger,looking for charger,"['looking', 'for', 'charger']","['looking', 'charger']","['look', 'charger']","['looking', 'charger']",looking charger
Cash accepted?,payment,Response for payment.,cash accepted?,cash accepted,"['cash', 'accepted']","['cash', 'accepted']","['cash', 'accept']","['cash', 'accepted']",cash accepted
Recommend a phone,recommendation,Response for recommendation.,recommend a phone,recommend a phone,"['recommend', 'a', 'phone']","['recommend', 'phone']","['recommend', 'phone']","['recommend', 'phone']",recommend phone
Looking for USB-C cable,accessory_search,Response for accessory_search.,looking for usb-c cable,looking for usbc cable,"['looking', 'for', 'usbc', 'cable']","['looking', 'usbc', 'cable']","['look', 'usbc', 'cabl']","['looking', 'usbc', 'cable']",looking usbc cable
Best battery phone,recommendation,Response for recommendation.,best battery phone,best battery phone,"['best', 'battery', 'phone']","['best', 'battery', 'phone']","['best', 'batteri', 'phone']","['best', 'battery', 'phone']",best battery phone
Best camera phone,recommendation,Response for recommendation.,best camera phone,best camera phone,"['best', 'camera', 'phone']","['best', 'camera', 'phone']","['best', 'camera', 'phone']","['best', 'camera', 'phone']",best camera phone
Have a nice day,goodbye,Response for goodbye.,have a nice day,have a nice day,"['have', 'a', 'nice', 'day']","['nice', 'day']","['nice', 'day']","['nice', 'day']",nice day
Show me Vivo phones,phone_search,Response for phone_search.,show me vivo phones,show me vivo phones,"['show', 'me', 'vivo', 'phones']","['show', 'vivo', 'phones']","['show', 'vivo', 'phone']","['show', 'vivo', 'phone']",show vivo phone
Good morning,greeting,Response for greeting.,good morning,good morning,"['good', 'morning']","['good', 'morning']","['good', 'morn']","['good', 'morning']",good morning
Hi,greeting,Response for greeting.,hi,hi,['hi'],['hi'],['hi'],['hi'],hi
Cash accepted?,payment,Response for payment.,cash accepted?,cash accepted,"['cash', 'accepted']","['cash', 'accepted']","['cash', 'accept']","['cash', 'accepted']",cash accepted
Redmi Note 14 vs Vivo V50,comparison,Response for comparison.,redmi note 14 vs vivo v50,redmi note 14 vs vivo v50,"['redmi', 'note', '14', 'vs', 'vivo', 'v50']","['redmi', 'note', '14', 'vs', 'vivo', 'v50']","['redmi', 'note', '14', 'vs', 'vivo', 'v50']","['redmi', 'note', '14', 'v', 'vivo', 'v50']",redmi note 14 v vivo v50
How much is Galaxy S24?,price_query,Response for price_query.,how much is galaxy s24?,how much is galaxy s24,"['how', 'much', 'is', 'galaxy', 's24']","['much', 'galaxy', 's24']","['much', 'galaxi', 's24']","['much', 'galaxy', 's24']",much galaxy s24
Availability of Redmi Note 14,availability,Response for availability.,availability of redmi note 14,availability of redmi note 14,"['availability', 'of', 'redmi', 'note', '14']","['availability', 'redmi', 'note', '14']","['avail', 'redmi', 'note', '14']","['availability', 'redmi', 'note', '14']",availability redmi note 14
Compare iPhone 15 and Vivo V50,comparison,Response for comparison.,compare iphone 15 and vivo v50,compare iphone 15 and vivo v50,"['compare', 'iphone', '15', 'and', 'vivo', 'v50']","['compare', 'iphone', '15', 'vivo', 'v50']","['compar', 'iphon', '15', 'vivo', 'v50']","['compare', 'iphone', '15', 'vivo', 'v50']",compare iphone 15 vivo v50
Have a nice day,goodbye,Response for goodbye.,have a nice day,have a nice day,"['have', 'a', 'nice', 'day']","['nice', 'day']","['nice', 'day']","['nice', 'day']",nice day
Need a AirPods,accessory_search,Response for accessory_search.,need a airpods,need a airpods,"['need', 'a', 'airpods']","['need', 'airpods']","['need', 'airpod']","['need', 'airpods']",need airpods
Hey,greeting,Response for greeting.,hey,hey,['hey'],['hey'],['hey'],['hey'],hey
Hello,greeting,Response for greeting.,hello,hello,['hello'],['hello'],['hello'],['hello'],hello
Which is better Galaxy S24 or Redmi Note 14?,comparison,Response for comparison.,which is better galaxy s24 or redmi note 14?,which is better galaxy s24 or redmi note 14,"['which', 'is', 'better', 'galaxy', 's24', 'or', 'redmi', 'note', '14']","['better', 'galaxy', 's24', 'redmi', 'note', '14']","['better', 'galaxi', 's24', 'redmi', 'note', '14']","['better', 'galaxy', 's24', 'redmi', 'note', '14']",better galaxy s24 redmi note 14
Price of USB-C cable,accessory_search,Response for accessory_search.,price of usb-c cable,price of usbc cable,"['price', 'of', 'usbc', 'cable']","['price', 'usbc', 'cable']","['price', 'usbc', 'cabl']","['price', 'usbc', 'cable']",price usbc cable
Thank you,thanks,Response for thanks.,thank you,thank you,"['thank', 'you']",['thank'],['thank'],['thank'],thank
Bye,goodbye,Response for goodbye.,bye,bye,['bye'],['bye'],['bye'],['bye'],bye
In stock Redmi Note 14?,availability,Response for availability.,in stock redmi note 14?,in stock redmi note 14,"['in', 'stock', 'redmi', 'note', '14']","['stock', 'redmi', 'note', '14']","['stock', 'redmi', 'note', '14']","['stock', 'redmi', 'note', '14']",stock redmi note 14
Which is better iPhone 15 or Oppo Reno 14?,comparison,Response for comparison.,which is better iphone 15 or oppo reno 14?,which is better iphone 15 or oppo reno 14,"['which', 'is', 'better', 'iphone', '15', 'or', 'oppo', 'reno', '14']","['better', 'iphone', '15', 'oppo', 'reno', '14']","['better', 'iphon', '15', 'oppo', 'reno', '14']","['better', 'iphone', '15', 'oppo', 'reno', '14']",better iphone 15 oppo reno 14
Looking for Oppo mobiles,phone_search,Response for phone_search.,looking for oppo mobiles,looking for oppo mobiles,"['looking', 'for', 'oppo', 'mobiles']","['looking', 'oppo', 'mobiles']","['look', 'oppo', 'mobil']","['looking', 'oppo', 'mobile']",looking oppo mobile
Tell me the price of Redmi Note 14,price_query,Response for price_query.,tell me the price of redmi note 14,tell me the price of redmi note 14,"['tell', 'me', 'the', 'price', 'of', 'redmi', 'note', '14']","['tell', 'price', 'redmi', 'note', '14']","['tell', 'price', 'redmi', 'note', '14']","['tell', 'price', 'redmi', 'note', '14']",tell price redmi note 14
Hey,greeting,Response for greeting.,hey,hey,['hey'],['hey'],['hey'],['hey'],hey
Recommend a phone,recommendation,Response for recommendation.,recommend a phone,recommend a phone,"['recommend', 'a', 'phone']","['recommend', 'phone']","['recommend', 'phone']","['recommend', 'phone']",recommend phone
Can I use Visa?,payment,Response for payment.,can i use visa?,can i use visa,"['can', 'i', 'use', 'visa']","['use', 'visa']","['use', 'visa']","['use', 'visa']",use visa
Price of OnePlus 13,price_query,Response for price_query.,price of oneplus 13,price of oneplus 13,"['price', 'of', 'oneplus', '13']","['price', 'oneplus', '13']","['price', 'oneplu', '13']","['price', 'oneplus', '13']",price oneplus 13
Do you have OnePlus?,phone_search,Response for phone_search.,do you have oneplus?,do you have oneplus,"['do', 'you', 'have', 'oneplus']",['oneplus'],['oneplu'],['oneplus'],oneplus
Compare Oppo Reno 14 and Oppo Reno 14,comparison,Response for comparison.,compare oppo reno 14 and oppo reno 14,compare oppo reno 14 and oppo reno 14,"['compare', 'oppo', 'reno', '14', 'and', 'oppo', 'reno', '14']","['compare', 'oppo', 'reno', '14', 'oppo', 'reno', '14']","['compar', 'oppo', 'reno', '14', 'oppo', 'reno', '14']","['compare', 'oppo', 'reno', '14', 'oppo', 'reno', '14']",compare oppo reno 14 oppo reno 14
Show AirPods,accessory_search,Response for accessory_search.,show airpods,show airpods,"['show', 'airpods']","['show', 'airpods']","['show', 'airpod']","['show', 'airpods']",show airpods
Difference between Redmi Note 14 and iPhone 15,comparison,Response for comparison.,difference between redmi note 14 and iphone 15,difference between redmi note 14 and iphone 15,"['difference', 'between', 'redmi', 'note', '14', 'and', 'iphone', '15']","['difference', 'redmi', 'note', '14', 'iphone', '15']","['differ', 'redmi', 'note', '14', 'iphon', '15']","['difference', 'redmi', 'note', '14', 'iphone', '15']",difference redmi note 14 iphone 15
Hi,greeting,Response for greeting.,hi,hi,['hi'],['hi'],['hi'],['hi'],hi
Looking for Apple mobiles,phone_search,Response for phone_search.,looking for apple mobiles,looking for apple mobiles,"['looking', 'for', 'apple', 'mobiles']","['looking', 'apple', 'mobiles']","['look', 'appl', 'mobil']","['looking', 'apple', 'mobile']",looking apple mobile
Good evening,greeting,Response for greeting.,good evening,good evening,"['good', 'evening']","['good', 'evening']","['good', 'even']","['good', 'evening']",good evening
Goodbye,goodbye,Response for goodbye.,goodbye,goodbye,['goodbye'],['goodbye'],['goodby'],['goodbye'],goodbye
How much is Oppo Reno 14?,price_query,Response for price_query.,how much is oppo reno 14?,how much is oppo reno 14,"['how', 'much', 'is', 'oppo', 'reno', '14']","['much', 'oppo', 'reno', '14']","['much', 'oppo', 'reno', '14']","['much', 'oppo', 'reno', '14']",much oppo reno 14
Latest Realme phones,phone_search,Response for phone_search.,latest realme phones,latest realme phones,"['latest', 'realme', 'phones']","['latest', 'realme', 'phones']","['latest', 'realm', 'phone']","['latest', 'realme', 'phone']",latest realme phone
Great thanks,thanks,Response for thanks.,great thanks,great thanks,"['great', 'thanks']","['great', 'thanks']","['great', 'thank']","['great', 'thanks']",great thanks
Oppo Reno 14 price,price_query,Response for price_query.,oppo reno 14 price,oppo reno 14 price,"['oppo', 'reno', '14', 'price']","['oppo', 'reno', '14', 'price']","['oppo', 'reno', '14', 'price']","['oppo', 'reno', '14', 'price']",oppo reno 14 price
Is iPhone 15 available?,availability,Response for availability.,is iphone 15 available?,is iphone 15 available,"['is', 'iphone', '15', 'available']","['iphone', '15', 'available']","['iphon', '15', 'avail']","['iphone', '15', 'available']",iphone 15 available
Much appreciated,thanks,Response for thanks.,much appreciated,much appreciated,"['much', 'appreciated']","['much', 'appreciated']","['much', 'appreci']","['much', 'appreciated']",much appreciated
Do you have Apple?,phone_search,Response for phone_search.,do you have apple?,do you have apple,"['do', 'you', 'have', 'apple']",['apple'],['appl'],['apple'],apple
Is OnePlus 13 available?,availability,Response for availability.,is oneplus 13 available?,is oneplus 13 available,"['is', 'oneplus', '13', 'available']","['oneplus', '13', 'available']","['oneplu', '13', 'avail']","['oneplus', '13', 'available']",oneplus 13 available
Price of Oppo Reno 14,price_query,Response for price_query.,price of oppo reno 14,price of oppo reno 14,"['price', 'of', 'oppo', 'reno', '14']","['price', 'oppo', 'reno', '14']","['price', 'oppo', 'reno', '14']","['price', 'oppo', 'reno', '14']",price oppo reno 14
Best gaming phone,recommendation,Response for recommendation.,best gaming phone,best gaming phone,"['best', 'gaming', 'phone']","['best', 'gaming', 'phone']","['best', 'game', 'phone']","['best', 'gaming', 'phone']",best gaming phone
Cash accepted?,payment,Response for payment.,cash accepted?,cash accepted,"['cash', 'accepted']","['cash', 'accepted']","['cash', 'accept']","['cash', 'accepted']",cash accepted
Which is better Redmi Note 14 or Redmi Note 14?,comparison,Response for comparison.,which is better redmi note 14 or redmi note 14?,which is better redmi note 14 or redmi note 14,"['which', 'is', 'better', 'redmi', 'note', '14', 'or', 'redmi', 'note', '14']","['better', 'redmi', 'note', '14', 'redmi', 'note', '14']","['better', 'redmi', 'note', '14', 'redmi', 'note', '14']","['better', 'redmi', 'note', '14', 'redmi', 'note', '14']",better redmi note 14 redmi note 14
Best battery phone,recommendation,Response for recommendation.,best battery phone,best battery phone,"['best', 'battery', 'phone']","['best', 'battery', 'phone']","['best', 'batteri', 'phone']","['best', 'battery', 'phone']",best battery phone
Tell me the price of iPhone 15,price_query,Response for price_query.,tell me the price of iphone 15,tell me the price of iphone 15,"['tell', 'me', 'the', 'price', 'of', 'iphone', '15']","['tell', 'price', 'iphone', '15']","['tell', 'price', 'iphon', '15']","['tell', 'price', 'iphone', '15']",tell price iphone 15
Show me Xiaomi phones,phone_search,Response for phone_search.,show me xiaomi phones,show me xiaomi phones,"['show', 'me', 'xiaomi', 'phones']","['show', 'xiaomi', 'phones']","['show', 'xiaomi', 'phone']","['show', 'xiaomi', 'phone']",show xiaomi phone
Catch you later,goodbye,Response for goodbye.,catch you later,catch you later,"['catch', 'you', 'later']","['catch', 'later']","['catch', 'later']","['catch', 'later']",catch later
Best camera phone,recommendation,Response for recommendation.,best camera phone,best camera phone,"['best', 'camera', 'phone']","['best', 'camera', 'phone']","['best', 'camera', 'phone']","['best', 'camera', 'phone']",best camera phone
Payment methods,payment,Response for payment.,payment methods,payment methods,"['payment', 'methods']","['payment', 'methods']","['payment', 'method']","['payment', 'method']",payment method
In stock Vivo V50?,availability,Response for availability.,in stock vivo v50?,in stock vivo v50,"['in', 'stock', 'vivo', 'v50']","['stock', 'vivo', 'v50']","['stock', 'vivo', 'v50']","['stock', 'vivo', 'v50']",stock vivo v50
Do you have power bank?,accessory_search,Response for accessory_search.,do you have power bank?,do you have power bank,"['do', 'you', 'have', 'power', 'bank']","['power', 'bank']","['power', 'bank']","['power', 'bank']",power bank
Show AirPods,accessory_search,Response for accessory_search.,show airpods,show airpods,"['show', 'airpods']","['show', 'airpods']","['show', 'airpod']","['show', 'airpods']",show airpods
Is OnePlus 13 available?,availability,Response for availability.,is oneplus 13 available?,is oneplus 13 available,"['is', 'oneplus', '13', 'available']","['oneplus', '13', 'available']","['oneplu', '13', 'avail']","['oneplus', '13', 'available']",oneplus 13 available
Can I buy Galaxy S24?,availability,Response for availability.,can i buy galaxy s24?,can i buy galaxy s24,"['can', 'i', 'buy', 'galaxy', 's24']","['buy', 'galaxy', 's24']","['buy', 'galaxi', 's24']","['buy', 'galaxy', 's24']",buy galaxy s24
Do you have iPhone 15 now?,availability,Response for availability.,do you have iphone 15 now?,do you have iphone 15 now,"['do', 'you', 'have', 'iphone', '15', 'now']","['iphone', '15']","['iphon', '15']","['iphone', '15']",iphone 15
In stock Vivo V50?,availability,Response for availability.,in stock vivo v50?,in stock vivo v50,"['in', 'stock', 'vivo', 'v50']","['stock', 'vivo', 'v50']","['stock', 'vivo', 'v50']","['stock', 'vivo', 'v50']",stock vivo v50
Much appreciated,thanks,Response for thanks.,much appreciated,much appreciated,"['much', 'appreciated']","['much', 'appreciated']","['much', 'appreci']","['much', 'appreciated']",much appreciated
Bye,goodbye,Response for goodbye.,bye,bye,['bye'],['bye'],['bye'],['bye'],bye
How much is iPhone 15?,price_query,Response for price_query.,how much is iphone 15?,how much is iphone 15,"['how', 'much', 'is', 'iphone', '15']","['much', 'iphone', '15']","['much', 'iphon', '15']","['much', 'iphone', '15']",much iphone 15
Price of Galaxy S24,price_query,Response for price_query.,price of galaxy s24,price of galaxy s24,"['price', 'of', 'galaxy', 's24']","['price', 'galaxy', 's24']","['price', 'galaxi', 's24']","['price', 'galaxy', 's24']",price galaxy s24
Thanks a lot,thanks,Response for thanks.,thanks a lot,thanks a lot,"['thanks', 'a', 'lot']","['thanks', 'lot']","['thank', 'lot']","['thanks', 'lot']",thanks lot
Can I use Visa?,payment,Response for payment.,can i use visa?,can i use visa,"['can', 'i', 'use', 'visa']","['use', 'visa']","['use', 'visa']","['use', 'visa']",use visa
Good evening,greeting,Response for greeting.,good evening,good evening,"['good', 'evening']","['good', 'evening']","['good', 'even']","['good', 'evening']",good evening
Cost of Oppo Reno 14,price_query,Response for price_query.,cost of oppo reno 14,cost of oppo reno 14,"['cost', 'of', 'oppo', 'reno', '14']","['cost', 'oppo', 'reno', '14']","['cost', 'oppo', 'reno', '14']","['cost', 'oppo', 'reno', '14']",cost oppo reno 14
Vivo V50 price,price_query,Response for price_query.,vivo v50 price,vivo v50 price,"['vivo', 'v50', 'price']","['vivo', 'v50', 'price']","['vivo', 'v50', 'price']","['vivo', 'v50', 'price']",vivo v50 price
Can I pay by card?,payment,Response for payment.,can i pay by card?,can i pay by card,"['can', 'i', 'pay', 'by', 'card']","['pay', 'card']","['pay', 'card']","['pay', 'card']",pay card
Galaxy S24 vs OnePlus 13,comparison,Response for comparison.,galaxy s24 vs oneplus 13,galaxy s24 vs oneplus 13,"['galaxy', 's24', 'vs', 'oneplus', '13']","['galaxy', 's24', 'vs', 'oneplus', '13']","['galaxi', 's24', 'vs', 'oneplu', '13']","['galaxy', 's24', 'v', 'oneplus', '13']",galaxy s24 v oneplus 13
Can I buy Oppo Reno 14?,availability,Response for availability.,can i buy oppo reno 14?,can i buy oppo reno 14,"['can', 'i', 'buy', 'oppo', 'reno', '14']","['buy', 'oppo', 'reno', '14']","['buy', 'oppo', 'reno', '14']","['buy', 'oppo', 'reno', '14']",buy oppo reno 14
Thank you,thanks,Response for thanks.,thank you,thank you,"['thank', 'you']",['thank'],['thank'],['thank'],thank
Best camera phone,recommendation,Response for recommendation.,best camera phone,best camera phone,"['best', 'camera', 'phone']","['best', 'camera', 'phone']","['best', 'camera', 'phone']","['best', 'camera', 'phone']",best camera phone
Which is better OnePlus 13 or Oppo Reno 14?,comparison,Response for comparison.,which is better oneplus 13 or oppo reno 14?,which is better oneplus 13 or oppo reno 14,"['which', 'is', 'better', 'oneplus', '13', 'or', 'oppo', 'reno', '14']","['better', 'oneplus', '13', 'oppo', 'reno', '14']","['better', 'oneplu', '13', 'oppo', 'reno', '14']","['better', 'oneplus', '13', 'oppo', 'reno', '14']",better oneplus 13 oppo reno 14
Tell me the price of OnePlus 13,price_query,Response for price_query.,tell me the price of oneplus 13,tell me the price of oneplus 13,"['tell', 'me', 'the', 'price', 'of', 'oneplus', '13']","['tell', 'price', 'oneplus', '13']","['tell', 'price', 'oneplu', '13']","['tell', 'price', 'oneplus', '13']",tell price oneplus 13
Show me OnePlus phones,phone_search,Response for phone_search.,show me oneplus phones,show me oneplus phones,"['show', 'me', 'oneplus', 'phones']","['show', 'oneplus', 'phones']","['show', 'oneplu', 'phone']","['show', 'oneplus', 'phone']",show oneplus phone
Best battery phone,recommendation,Response for recommendation.,best battery phone,best battery phone,"['best', 'battery', 'phone']","['best', 'battery', 'phone']","['best', 'batteri', 'phone']","['best', 'battery', 'phone']",best battery phone
Cost of OnePlus 13,price_query,Response for price_query.,cost of oneplus 13,cost of oneplus 13,"['cost', 'of', 'oneplus', '13']","['cost', 'oneplus', '13']","['cost', 'oneplu', '13']","['cost', 'oneplus', '13']",cost oneplus 13
Can I use Visa?,payment,Response for payment.,can i use visa?,can i use visa,"['can', 'i', 'use', 'visa']","['use', 'visa']","['use', 'visa']","['use', 'visa']",use visa
Catch you later,goodbye,Response for goodbye.,catch you later,catch you later,"['catch', 'you', 'later']","['catch', 'later']","['catch', 'later']","['catch', 'later']",catch later
I need a Apple phone,phone_search,Response for phone_search.,i need a apple phone,i need a apple phone,"['i', 'need', 'a', 'apple', 'phone']","['need', 'apple', 'phone']","['need', 'appl', 'phone']","['need', 'apple', 'phone']",need apple phone
Price of Oppo Reno 14,price_query,Response for price_query.,price of oppo reno 14,price of oppo reno 14,"['price', 'of', 'oppo', 'reno', '14']","['price', 'oppo', 'reno', '14']","['price', 'oppo', 'reno', '14']","['price', 'oppo', 'reno', '14']",price oppo reno 14
Much appreciated,thanks,Response for thanks.,much appreciated,much appreciated,"['much', 'appreciated']","['much', 'appreciated']","['much', 'appreci']","['much', 'appreciated']",much appreciated
Need a phone case,accessory_search,Response for accessory_search.,need a phone case,need a phone case,"['need', 'a', 'phone', 'case']","['need', 'phone', 'case']","['need', 'phone', 'case']","['need', 'phone', 'case']",need phone case
Thank you,thanks,Response for thanks.,thank you,thank you,"['thank', 'you']",['thank'],['thank'],['thank'],thank
Hi,greeting,Response for greeting.,hi,hi,['hi'],['hi'],['hi'],['hi'],hi
Best gaming phone,recommendation,Response for recommendation.,best gaming phone,best gaming phone,"['best', 'gaming', 'phone']","['best', 'gaming', 'phone']","['best', 'game', 'phone']","['best', 'gaming', 'phone']",best gaming phone
Much appreciated,thanks,Response for thanks.,much appreciated,much appreciated,"['much', 'appreciated']","['much', 'appreciated']","['much', 'appreci']","['much', 'appreciated']",much appreciated
Show USB-C cable,accessory_search,Response for accessory_search.,show usb-c cable,show usbc cable,"['show', 'usbc', 'cable']","['show', 'usbc', 'cable']","['show', 'usbc', 'cabl']","['show', 'usbc', 'cable']",show usbc cable
Cost of Redmi Note 14,price_query,Response for price_query.,cost of redmi note 14,cost of redmi note 14,"['cost', 'of', 'redmi', 'note', '14']","['cost', 'redmi', 'note', '14']","['cost', 'redmi', 'note', '14']","['cost', 'redmi', 'note', '14']",cost redmi note 14
Much appreciated,thanks,Response for thanks.,much appreciated,much appreciated,"['much', 'appreciated']","['much', 'appreciated']","['much', 'appreci']","['much', 'appreciated']",much appreciated
Catch you later,goodbye,Response for goodbye.,catch you later,catch you later,"['catch', 'you', 'later']","['catch', 'later']","['catch', 'later']","['catch', 'later']",catch later
Good morning,greeting,Response for greeting.,good morning,good morning,"['good', 'morning']","['good', 'morning']","['good', 'morn']","['good', 'morning']",good morning
Cash accepted?,payment,Response for payment.,cash accepted?,cash accepted,"['cash', 'accepted']","['cash', 'accepted']","['cash', 'accept']","['cash', 'accepted']",cash accepted
See you,goodbye,Response for goodbye.,see you,see you,"['see', 'you']",['see'],['see'],['see'],see
Bye,goodbye,Response for goodbye.,bye,bye,['bye'],['bye'],['bye'],['bye'],bye
Online payment?,payment,Response for payment.,online payment?,online payment,"['online', 'payment']","['online', 'payment']","['onlin', 'payment']","['online', 'payment']",online payment
Thanks,thanks,Response for thanks.,thanks,thanks,['thanks'],['thanks'],['thank'],['thanks'],thanks
Price of iPhone 15,price_query,Response for price_query.,price of iphone 15,price of iphone 15,"['price', 'of', 'iphone', '15']","['price', 'iphone', '15']","['price', 'iphon', '15']","['price', 'iphone', '15']",price iphone 15
Price of Redmi Note 14,price_query,Response for price_query.,price of redmi note 14,price of redmi note 14,"['price', 'of', 'redmi', 'note', '14']","['price', 'redmi', 'note', '14']","['price', 'redmi', 'note', '14']","['price', 'redmi', 'note', '14']",price redmi note 14
Best gaming phone,recommendation,Response for recommendation.,best gaming phone,best gaming phone,"['best', 'gaming', 'phone']","['best', 'gaming', 'phone']","['best', 'game', 'phone']","['best', 'gaming', 'phone']",best gaming phone
Have a nice day,goodbye,Response for goodbye.,have a nice day,have a nice day,"['have', 'a', 'nice', 'day']","['nice', 'day']","['nice', 'day']","['nice', 'day']",nice day
Best camera phone,recommendation,Response for recommendation.,best camera phone,best camera phone,"['best', 'camera', 'phone']","['best', 'camera', 'phone']","['best', 'camera', 'phone']","['best', 'camera', 'phone']",best camera phone
Bye,goodbye,Response for goodbye.,bye,bye,['bye'],['bye'],['bye'],['bye'],bye
Can I buy iPhone 15?,availability,Response for availability.,can i buy iphone 15?,can i buy iphone 15,"['can', 'i', 'buy', 'iphone', '15']","['buy', 'iphone', '15']","['buy', 'iphon', '15']","['buy', 'iphone', '15']",buy iphone 15
Payment methods,payment,Response for payment.,payment methods,payment methods,"['payment', 'methods']","['payment', 'methods']","['payment', 'method']","['payment', 'method']",payment method
Hey,greeting,Response for greeting.,hey,hey,['hey'],['hey'],['hey'],['hey'],hey
Online payment?,payment,Response for payment.,online payment?,online payment,"['online', 'payment']","['online', 'payment']","['onlin', 'payment']","['online', 'payment']",online payment
Tell me the price of iPhone 15,price_query,Response for price_query.,tell me the price of iphone 15,tell me the price of iphone 15,"['tell', 'me', 'the', 'price', 'of', 'iphone', '15']","['tell', 'price', 'iphone', '15']","['tell', 'price', 'iphon', '15']","['tell', 'price', 'iphone', '15']",tell price iphone 15
Good morning,greeting,Response for greeting.,good morning,good morning,"['good', 'morning']","['good', 'morning']","['good', 'morn']","['good', 'morning']",good morning
Need a AirPods,accessory_search,Response for accessory_search.,need a airpods,need a airpods,"['need', 'a', 'airpods']","['need', 'airpods']","['need', 'airpod']","['need', 'airpods']",need airpods
Do you have AirPods?,accessory_search,Response for accessory_search.,do you have airpods?,do you have airpods,"['do', 'you', 'have', 'airpods']",['airpods'],['airpod'],['airpods'],airpods
Can I use Visa?,payment,Response for payment.,can i use visa?,can i use visa,"['can', 'i', 'use', 'visa']","['use', 'visa']","['use', 'visa']","['use', 'visa']",use visa
See you,goodbye,Response for goodbye.,see you,see you,"['see', 'you']",['see'],['see'],['see'],see
Can I buy OnePlus 13?,availability,Response for availability.,can i buy oneplus 13?,can i buy oneplus 13,"['can', 'i', 'buy', 'oneplus', '13']","['buy', 'oneplus', '13']","['buy', 'oneplu', '13']","['buy', 'oneplus', '13']",buy oneplus 13
Best camera phone,recommendation,Response for recommendation.,best camera phone,best camera phone,"['best', 'camera', 'phone']","['best', 'camera', 'phone']","['best', 'camera', 'phone']","['best', 'camera', 'phone']",best camera phone
Compare these phones,comparison,Response for comparison.,compare these phones,compare these phones,"['compare', 'these', 'phones']","['compare', 'phones']","['compar', 'phone']","['compare', 'phone']",compare phone
Best camera phone,recommendation,Response for recommendation.,best camera phone,best camera phone,"['best', 'camera', 'phone']","['best', 'camera', 'phone']","['best', 'camera', 'phone']","['best', 'camera', 'phone']",best camera phone
Cash accepted?,payment,Response for payment.,cash accepted?,cash accepted,"['cash', 'accepted']","['cash', 'accepted']","['cash', 'accept']","['cash', 'accepted']",cash accepted
Looking for charger,accessory_search,Response for accessory_search.,looking for charger,looking for charger,"['looking', 'for', 'charger']","['looking', 'charger']","['look', 'charger']","['looking', 'charger']",looking charger
Can I pay by card?,payment,Response for payment.,can i pay by card?,can i pay by card,"['can', 'i', 'pay', 'by', 'card']","['pay', 'card']","['pay', 'card']","['pay', 'card']",pay card
Good evening,greeting,Response for greeting.,good evening,good evening,"['good', 'evening']","['good', 'evening']","['good', 'even']","['good', 'evening']",good evening
Looking for Oppo mobiles,phone_search,Response for phone_search.,looking for oppo mobiles,looking for oppo mobiles,"['looking', 'for', 'oppo', 'mobiles']","['looking', 'oppo', 'mobiles']","['look', 'oppo', 'mobil']","['looking', 'oppo', 'mobile']",looking oppo mobile
Thank you,thanks,Response for thanks.,thank you,thank you,"['thank', 'you']",['thank'],['thank'],['thank'],thank
Online payment?,payment,Response for payment.,online payment?,online payment,"['online', 'payment']","['online', 'payment']","['onlin', 'payment']","['online', 'payment']",online payment
Catch you later,goodbye,Response for goodbye.,catch you later,catch you later,"['catch', 'you', 'later']","['catch', 'later']","['catch', 'later']","['catch', 'later']",catch later
Do you have Vivo V50 now?,availability,Response for availability.,do you have vivo v50 now?,do you have vivo v50 now,"['do', 'you', 'have', 'vivo', 'v50', 'now']","['vivo', 'v50']","['vivo', 'v50']","['vivo', 'v50']",vivo v50
Much appreciated,thanks,Response for thanks.,much appreciated,much appreciated,"['much', 'appreciated']","['much', 'appreciated']","['much', 'appreci']","['much', 'appreciated']",much appreciated
Goodbye,goodbye,Response for goodbye.,goodbye,goodbye,['goodbye'],['goodbye'],['goodby'],['goodbye'],goodbye
Cost of OnePlus 13,price_query,Response for price_query.,cost of oneplus 13,cost of oneplus 13,"['cost', 'of', 'oneplus', '13']","['cost', 'oneplus', '13']","['cost', 'oneplu', '13']","['cost', 'oneplus', '13']",cost oneplus 13
Best camera phone,recommendation,Response for recommendation.,best camera phone,best camera phone,"['best', 'camera', 'phone']","['best', 'camera', 'phone']","['best', 'camera', 'phone']","['best', 'camera', 'phone']",best camera phone
Looking for USB-C cable,accessory_search,Response for accessory_search.,looking for usb-c cable,looking for usbc cable,"['looking', 'for', 'usbc', 'cable']","['looking', 'usbc', 'cable']","['look', 'usbc', 'cabl']","['looking', 'usbc', 'cable']",looking usbc cable
Price of power bank,accessory_search,Response for accessory_search.,price of power bank,price of power bank,"['price', 'of', 'power', 'bank']","['price', 'power', 'bank']","['price', 'power', 'bank']","['price', 'power', 'bank']",price power bank
Show me Apple phones,phone_search,Response for phone_search.,show me apple phones,show me apple phones,"['show', 'me', 'apple', 'phones']","['show', 'apple', 'phones']","['show', 'appl', 'phone']","['show', 'apple', 'phone']",show apple phone
Goodbye,goodbye,Response for goodbye.,goodbye,goodbye,['goodbye'],['goodbye'],['goodby'],['goodbye'],goodbye
Looking for AirPods,accessory_search,Response for accessory_search.,looking for airpods,looking for airpods,"['looking', 'for', 'airpods']","['looking', 'airpods']","['look', 'airpod']","['looking', 'airpods']",looking airpods
Thanks,thanks,Response for thanks.,thanks,thanks,['thanks'],['thanks'],['thank'],['thanks'],thanks
Best battery phone,recommendation,Response for recommendation.,best battery phone,best battery phone,"['best', 'battery', 'phone']","['best', 'battery', 'phone']","['best', 'batteri', 'phone']","['best', 'battery', 'phone']",best battery phone
Which is better Redmi Note 14 or iPhone 15?,comparison,Response for comparison.,which is better redmi note 14 or iphone 15?,which is better redmi note 14 or iphone 15,"['which', 'is', 'better', 'redmi', 'note', '14', 'or', 'iphone', '15']","['better', 'redmi', 'note', '14', 'iphone', '15']","['better', 'redmi', 'note', '14', 'iphon', '15']","['better', 'redmi', 'note', '14', 'iphone', '15']",better redmi note 14 iphone 15
Is Redmi Note 14 available?,availability,Response for availability.,is redmi note 14 available?,is redmi note 14 available,"['is', 'redmi', 'note', '14', 'available']","['redmi', 'note', '14', 'available']","['redmi', 'note', '14', 'avail']","['redmi', 'note', '14', 'available']",redmi note 14 available
Payment methods,payment,Response for payment.,payment methods,payment methods,"['payment', 'methods']","['payment', 'methods']","['payment', 'method']","['payment', 'method']",payment method
Hello,greeting,Response for greeting.,hello,hello,['hello'],['hello'],['hello'],['hello'],hello
Difference between Redmi Note 14 and iPhone 15,comparison,Response for comparison.,difference between redmi note 14 and iphone 15,difference between redmi note 14 and iphone 15,"['difference', 'between', 'redmi', 'note', '14', 'and', 'iphone', '15']","['difference', 'redmi', 'note', '14', 'iphone', '15']","['differ', 'redmi', 'note', '14', 'iphon', '15']","['difference', 'redmi', 'note', '14', 'iphone', '15']",difference redmi note 14 iphone 15
Have a nice day,goodbye,Response for goodbye.,have a nice day,have a nice day,"['have', 'a', 'nice', 'day']","['nice', 'day']","['nice', 'day']","['nice', 'day']",nice day
Tell me the price of Oppo Reno 14,price_query,Response for price_query.,tell me the price of oppo reno 14,tell me the price of oppo reno 14,"['tell', 'me', 'the', 'price', 'of', 'oppo', 'reno', '14']","['tell', 'price', 'oppo', 'reno', '14']","['tell', 'price', 'oppo', 'reno', '14']","['tell', 'price', 'oppo', 'reno', '14']",tell price oppo reno 14
Best gaming phone,recommendation,Response for recommendation.,best gaming phone,best gaming phone,"['best', 'gaming', 'phone']","['best', 'gaming', 'phone']","['best', 'game', 'phone']","['best', 'gaming', 'phone']",best gaming phone
Have a nice day,goodbye,Response for goodbye.,have a nice day,have a nice day,"['have', 'a', 'nice', 'day']","['nice', 'day']","['nice', 'day']","['nice', 'day']",nice day
Can I pay by card?,payment,Response for payment.,can i pay by card?,can i pay by card,"['can', 'i', 'pay', 'by', 'card']","['pay', 'card']","['pay', 'card']","['pay', 'card']",pay card
Cash accepted?,payment,Response for payment.,cash accepted?,cash accepted,"['cash', 'accepted']","['cash', 'accepted']","['cash', 'accept']","['cash', 'accepted']",cash accepted
Show me Realme phones,phone_search,Response for phone_search.,show me realme phones,show me realme phones,"['show', 'me', 'realme', 'phones']","['show', 'realme', 'phones']","['show', 'realm', 'phone']","['show', 'realme', 'phone']",show realme phone
Have a nice day,goodbye,Response for goodbye.,have a nice day,have a nice day,"['have', 'a', 'nice', 'day']","['nice', 'day']","['nice', 'day']","['nice', 'day']",nice day
Do you have Xiaomi?,phone_search,Response for phone_search.,do you have xiaomi?,do you have xiaomi,"['do', 'you', 'have', 'xiaomi']",['xiaomi'],['xiaomi'],['xiaomi'],xiaomi
Price of Vivo V50,price_query,Response for price_query.,price of vivo v50,price of vivo v50,"['price', 'of', 'vivo', 'v50']","['price', 'vivo', 'v50']","['price', 'vivo', 'v50']","['price', 'vivo', 'v50']",price vivo v50
Oppo Reno 14 price,price_query,Response for price_query.,oppo reno 14 price,oppo reno 14 price,"['oppo', 'reno', '14', 'price']","['oppo', 'reno', '14', 'price']","['oppo', 'reno', '14', 'price']","['oppo', 'reno', '14', 'price']",oppo reno 14 price
Best camera phone,recommendation,Response for recommendation.,best camera phone,best camera phone,"['best', 'camera', 'phone']","['best', 'camera', 'phone']","['best', 'camera', 'phone']","['best', 'camera', 'phone']",best camera phone
Best gaming phone,recommendation,Response for recommendation.,best gaming phone,best gaming phone,"['best', 'gaming', 'phone']","['best', 'gaming', 'phone']","['best', 'game', 'phone']","['best', 'gaming', 'phone']",best gaming phone
Good evening,greeting,Response for greeting.,good evening,good evening,"['good', 'evening']","['good', 'evening']","['good', 'even']","['good', 'evening']",good evening
Availability of OnePlus 13,availability,Response for availability.,availability of oneplus 13,availability of oneplus 13,"['availability', 'of', 'oneplus', '13']","['availability', 'oneplus', '13']","['avail', 'oneplu', '13']","['availability', 'oneplus', '13']",availability oneplus 13
Availability of Oppo Reno 14,availability,Response for availability.,availability of oppo reno 14,availability of oppo reno 14,"['availability', 'of', 'oppo', 'reno', '14']","['availability', 'oppo', 'reno', '14']","['avail', 'oppo', 'reno', '14']","['availability', 'oppo', 'reno', '14']",availability oppo reno 14
Price of Redmi Note 14,price_query,Response for price_query.,price of redmi note 14,price of redmi note 14,"['price', 'of', 'redmi', 'note', '14']","['price', 'redmi', 'note', '14']","['price', 'redmi', 'note', '14']","['price', 'redmi', 'note', '14']",price redmi note 14
Payment methods,payment,Response for payment.,payment methods,payment methods,"['payment', 'methods']","['payment', 'methods']","['payment', 'method']","['payment', 'method']",payment method
How much is Oppo Reno 14?,price_query,Response for price_query.,how much is oppo reno 14?,how much is oppo reno 14,"['how', 'much', 'is', 'oppo', 'reno', '14']","['much', 'oppo', 'reno', '14']","['much', 'oppo', 'reno', '14']","['much', 'oppo', 'reno', '14']",much oppo reno 14
Looking for Oppo mobiles,phone_search,Response for phone_search.,looking for oppo mobiles,looking for oppo mobiles,"['looking', 'for', 'oppo', 'mobiles']","['looking', 'oppo', 'mobiles']","['look', 'oppo', 'mobil']","['looking', 'oppo', 'mobile']",looking oppo mobile
Great thanks,thanks,Response for thanks.,great thanks,great thanks,"['great', 'thanks']","['great', 'thanks']","['great', 'thank']","['great', 'thanks']",great thanks
Goodbye,goodbye,Response for goodbye.,goodbye,goodbye,['goodbye'],['goodbye'],['goodby'],['goodbye'],goodbye
Vivo V50 vs Redmi Note 14,comparison,Response for comparison.,vivo v50 vs redmi note 14,vivo v50 vs redmi note 14,"['vivo', 'v50', 'vs', 'redmi', 'note', '14']","['vivo', 'v50', 'vs', 'redmi', 'note', '14']","['vivo', 'v50', 'vs', 'redmi', 'note', '14']","['vivo', 'v50', 'v', 'redmi', 'note', '14']",vivo v50 v redmi note 14
Compare these phones,comparison,Response for comparison.,compare these phones,compare these phones,"['compare', 'these', 'phones']","['compare', 'phones']","['compar', 'phone']","['compare', 'phone']",compare phone
Latest Realme phones,phone_search,Response for phone_search.,latest realme phones,latest realme phones,"['latest', 'realme', 'phones']","['latest', 'realme', 'phones']","['latest', 'realm', 'phone']","['latest', 'realme', 'phone']",latest realme phone
Difference between Vivo V50 and Vivo V50,comparison,Response for comparison.,difference between vivo v50 and vivo v50,difference between vivo v50 and vivo v50,"['difference', 'between', 'vivo', 'v50', 'and', 'vivo', 'v50']","['difference', 'vivo', 'v50', 'vivo', 'v50']","['differ', 'vivo', 'v50', 'vivo', 'v50']","['difference', 'vivo', 'v50', 'vivo', 'v50']",difference vivo v50 vivo v50
Have a nice day,goodbye,Response for goodbye.,have a nice day,have a nice day,"['have', 'a', 'nice', 'day']","['nice', 'day']","['nice', 'day']","['nice', 'day']",nice day
Can I buy Vivo V50?,availability,Response for availability.,can i buy vivo v50?,can i buy vivo v50,"['can', 'i', 'buy', 'vivo', 'v50']","['buy', 'vivo', 'v50']","['buy', 'vivo', 'v50']","['buy', 'vivo', 'v50']",buy vivo v50
Best gaming phone,recommendation,Response for recommendation.,best gaming phone,best gaming phone,"['best', 'gaming', 'phone']","['best', 'gaming', 'phone']","['best', 'game', 'phone']","['best', 'gaming', 'phone']",best gaming phone
Hi,greeting,Response for greeting.,hi,hi,['hi'],['hi'],['hi'],['hi'],hi
Thanks a lot,thanks,Response for thanks.,thanks a lot,thanks a lot,"['thanks', 'a', 'lot']","['thanks', 'lot']","['thank', 'lot']","['thanks', 'lot']",thanks lot
Much appreciated,thanks,Response for thanks.,much appreciated,much appreciated,"['much', 'appreciated']","['much', 'appreciated']","['much', 'appreci']","['much', 'appreciated']",much appreciated
Can I buy OnePlus 13?,availability,Response for availability.,can i buy oneplus 13?,can i buy oneplus 13,"['can', 'i', 'buy', 'oneplus', '13']","['buy', 'oneplus', '13']","['buy', 'oneplu', '13']","['buy', 'oneplus', '13']",buy oneplus 13
Have a nice day,goodbye,Response for goodbye.,have a nice day,have a nice day,"['have', 'a', 'nice', 'day']","['nice', 'day']","['nice', 'day']","['nice', 'day']",nice day
Have a nice day,goodbye,Response for goodbye.,have a nice day,have a nice day,"['have', 'a', 'nice', 'day']","['nice', 'day']","['nice', 'day']","['nice', 'day']",nice day
Redmi Note 14 price,price_query,Response for price_query.,redmi note 14 price,redmi note 14 price,"['redmi', 'note', '14', 'price']","['redmi', 'note', '14', 'price']","['redmi', 'note', '14', 'price']","['redmi', 'note', '14', 'price']",redmi note 14 price
In stock iPhone 15?,availability,Response for availability.,in stock iphone 15?,in stock iphone 15,"['in', 'stock', 'iphone', '15']","['stock', 'iphone', '15']","['stock', 'iphon', '15']","['stock', 'iphone', '15']",stock iphone 15
Online payment?,payment,Response for payment.,online payment?,online payment,"['online', 'payment']","['online', 'payment']","['onlin', 'payment']","['online', 'payment']",online payment
Can I use Visa?,payment,Response for payment.,can i use visa?,can i use visa,"['can', 'i', 'use', 'visa']","['use', 'visa']","['use', 'visa']","['use', 'visa']",use visa
Looking for charger,accessory_search,Response for accessory_search.,looking for charger,looking for charger,"['looking', 'for', 'charger']","['looking', 'charger']","['look', 'charger']","['looking', 'charger']",looking charger
Tell me the price of Vivo V50,price_query,Response for price_query.,tell me the price of vivo v50,tell me the price of vivo v50,"['tell', 'me', 'the', 'price', 'of', 'vivo', 'v50']","['tell', 'price', 'vivo', 'v50']","['tell', 'price', 'vivo', 'v50']","['tell', 'price', 'vivo', 'v50']",tell price vivo v50
Need a phone case,accessory_search,Response for accessory_search.,need a phone case,need a phone case,"['need', 'a', 'phone', 'case']","['need', 'phone', 'case']","['need', 'phone', 'case']","['need', 'phone', 'case']",need phone case
Do you have Vivo V50 now?,availability,Response for availability.,do you have vivo v50 now?,do you have vivo v50 now,"['do', 'you', 'have', 'vivo', 'v50', 'now']","['vivo', 'v50']","['vivo', 'v50']","['vivo', 'v50']",vivo v50
Can I use Visa?,payment,Response for payment.,can i use visa?,can i use visa,"['can', 'i', 'use', 'visa']","['use', 'visa']","['use', 'visa']","['use', 'visa']",use visa
Goodbye,goodbye,Response for goodbye.,goodbye,goodbye,['goodbye'],['goodbye'],['goodby'],['goodbye'],goodbye
How much is iPhone 15?,price_query,Response for price_query.,how much is iphone 15?,how much is iphone 15,"['how', 'much', 'is', 'iphone', '15']","['much', 'iphone', '15']","['much', 'iphon', '15']","['much', 'iphone', '15']",much iphone 15
Price of power bank,accessory_search,Response for accessory_search.,price of power bank,price of power bank,"['price', 'of', 'power', 'bank']","['price', 'power', 'bank']","['price', 'power', 'bank']","['price', 'power', 'bank']",price power bank
Compare these phones,comparison,Response for comparison.,compare these phones,compare these phones,"['compare', 'these', 'phones']","['compare', 'phones']","['compar', 'phone']","['compare', 'phone']",compare phone
Do you have Vivo V50 now?,availability,Response for availability.,do you have vivo v50 now?,do you have vivo v50 now,"['do', 'you', 'have', 'vivo', 'v50', 'now']","['vivo', 'v50']","['vivo', 'v50']","['vivo', 'v50']",vivo v50
Compare these phones,comparison,Response for comparison.,compare these phones,compare these phones,"['compare', 'these', 'phones']","['compare', 'phones']","['compar', 'phone']","['compare', 'phone']",compare phone
Can I buy Oppo Reno 14?,availability,Response for availability.,can i buy oppo reno 14?,can i buy oppo reno 14,"['can', 'i', 'buy', 'oppo', 'reno', '14']","['buy', 'oppo', 'reno', '14']","['buy', 'oppo', 'reno', '14']","['buy', 'oppo', 'reno', '14']",buy oppo reno 14
Do you have Vivo V50 now?,availability,Response for availability.,do you have vivo v50 now?,do you have vivo v50 now,"['do', 'you', 'have', 'vivo', 'v50', 'now']","['vivo', 'v50']","['vivo', 'v50']","['vivo', 'v50']",vivo v50
How much is Vivo V50?,price_query,Response for price_query.,how much is vivo v50?,how much is vivo v50,"['how', 'much', 'is', 'vivo', 'v50']","['much', 'vivo', 'v50']","['much', 'vivo', 'v50']","['much', 'vivo', 'v50']",much vivo v50
Price of power bank,accessory_search,Response for accessory_search.,price of power bank,price of power bank,"['price', 'of', 'power', 'bank']","['price', 'power', 'bank']","['price', 'power', 'bank']","['price', 'power', 'bank']",price power bank
Can I buy iPhone 15?,availability,Response for availability.,can i buy iphone 15?,can i buy iphone 15,"['can', 'i', 'buy', 'iphone', '15']","['buy', 'iphone', '15']","['buy', 'iphon', '15']","['buy', 'iphone', '15']",buy iphone 15
Hey,greeting,Response for greeting.,hey,hey,['hey'],['hey'],['hey'],['hey'],hey
Difference between Galaxy S24 and Oppo Reno 14,comparison,Response for comparison.,difference between galaxy s24 and oppo reno 14,difference between galaxy s24 and oppo reno 14,"['difference', 'between', 'galaxy', 's24', 'and', 'oppo', 'reno', '14']","['difference', 'galaxy', 's24', 'oppo', 'reno', '14']","['differ', 'galaxi', 's24', 'oppo', 'reno', '14']","['difference', 'galaxy', 's24', 'oppo', 'reno', '14']",difference galaxy s24 oppo reno 14
Is Vivo V50 available?,availability,Response for availability.,is vivo v50 available?,is vivo v50 available,"['is', 'vivo', 'v50', 'available']","['vivo', 'v50', 'available']","['vivo', 'v50', 'avail']","['vivo', 'v50', 'available']",vivo v50 available
Difference between OnePlus 13 and Redmi Note 14,comparison,Response for comparison.,difference between oneplus 13 and redmi note 14,difference between oneplus 13 and redmi note 14,"['difference', 'between', 'oneplus', '13', 'and', 'redmi', 'note', '14']","['difference', 'oneplus', '13', 'redmi', 'note', '14']","['differ', 'oneplu', '13', 'redmi', 'note', '14']","['difference', 'oneplus', '13', 'redmi', 'note', '14']",difference oneplus 13 redmi note 14
Good morning,greeting,Response for greeting.,good morning,good morning,"['good', 'morning']","['good', 'morning']","['good', 'morn']","['good', 'morning']",good morning
I need a Samsung phone,phone_search,Response for phone_search.,i need a samsung phone,i need a samsung phone,"['i', 'need', 'a', 'samsung', 'phone']","['need', 'samsung', 'phone']","['need', 'samsung', 'phone']","['need', 'samsung', 'phone']",need samsung phone
In stock Redmi Note 14?,availability,Response for availability.,in stock redmi note 14?,in stock redmi note 14,"['in', 'stock', 'redmi', 'note', '14']","['stock', 'redmi', 'note', '14']","['stock', 'redmi', 'note', '14']","['stock', 'redmi', 'note', '14']",stock redmi note 14
Do you have Galaxy S24 now?,availability,Response for availability.,do you have galaxy s24 now?,do you have galaxy s24 now,"['do', 'you', 'have', 'galaxy', 's24', 'now']","['galaxy', 's24']","['galaxi', 's24']","['galaxy', 's24']",galaxy s24
Good evening,greeting,Response for greeting.,good evening,good evening,"['good', 'evening']","['good', 'evening']","['good', 'even']","['good', 'evening']",good evening
Can I use Visa?,payment,Response for payment.,can i use visa?,can i use visa,"['can', 'i', 'use', 'visa']","['use', 'visa']","['use', 'visa']","['use', 'visa']",use visa
Do you have screen protector?,accessory_search,Response for accessory_search.,do you have screen protector?,do you have screen protector,"['do', 'you', 'have', 'screen', 'protector']","['screen', 'protector']","['screen', 'protector']","['screen', 'protector']",screen protector
Hi,greeting,Response for greeting.,hi,hi,['hi'],['hi'],['hi'],['hi'],hi
Price of charger,accessory_search,Response for accessory_search.,price of charger,price of charger,"['price', 'of', 'charger']","['price', 'charger']","['price', 'charger']","['price', 'charger']",price charger
How much is Galaxy S24?,price_query,Response for price_query.,how much is galaxy s24?,how much is galaxy s24,"['how', 'much', 'is', 'galaxy', 's24']","['much', 'galaxy', 's24']","['much', 'galaxi', 's24']","['much', 'galaxy', 's24']",much galaxy s24
Compare these phones,comparison,Response for comparison.,compare these phones,compare these phones,"['compare', 'these', 'phones']","['compare', 'phones']","['compar', 'phone']","['compare', 'phone']",compare phone
Cash accepted?,payment,Response for payment.,cash accepted?,cash accepted,"['cash', 'accepted']","['cash', 'accepted']","['cash', 'accept']","['cash', 'accepted']",cash accepted
Much appreciated,thanks,Response for thanks.,much appreciated,much appreciated,"['much', 'appreciated']","['much', 'appreciated']","['much', 'appreci']","['much', 'appreciated']",much appreciated
Do you have screen protector?,accessory_search,Response for accessory_search.,do you have screen protector?,do you have screen protector,"['do', 'you', 'have', 'screen', 'protector']","['screen', 'protector']","['screen', 'protector']","['screen', 'protector']",screen protector
Have a nice day,goodbye,Response for goodbye.,have a nice day,have a nice day,"['have', 'a', 'nice', 'day']","['nice', 'day']","['nice', 'day']","['nice', 'day']",nice day
Good evening,greeting,Response for greeting.,good evening,good evening,"['good', 'evening']","['good', 'evening']","['good', 'even']","['good', 'evening']",good evening
OnePlus 13 price,price_query,Response for price_query.,oneplus 13 price,oneplus 13 price,"['oneplus', '13', 'price']","['oneplus', '13', 'price']","['oneplu', '13', 'price']","['oneplus', '13', 'price']",oneplus 13 price
Which is better OnePlus 13 or Redmi Note 14?,comparison,Response for comparison.,which is better oneplus 13 or redmi note 14?,which is better oneplus 13 or redmi note 14,"['which', 'is', 'better', 'oneplus', '13', 'or', 'redmi', 'note', '14']","['better', 'oneplus', '13', 'redmi', 'note', '14']","['better', 'oneplu', '13', 'redmi', 'note', '14']","['better', 'oneplus', '13', 'redmi', 'note', '14']",better oneplus 13 redmi note 14
Best battery phone,recommendation,Response for recommendation.,best battery phone,best battery phone,"['best', 'battery', 'phone']","['best', 'battery', 'phone']","['best', 'batteri', 'phone']","['best', 'battery', 'phone']",best battery phone
Bye,goodbye,Response for goodbye.,bye,bye,['bye'],['bye'],['bye'],['bye'],bye
Much appreciated,thanks,Response for thanks.,much appreciated,much appreciated,"['much', 'appreciated']","['much', 'appreciated']","['much', 'appreci']","['much', 'appreciated']",much appreciated
