question,answer,category,lowercase,no_punctuation,tokens,no_stopwords,stemmed,lemmatized,processed_text
Is accidental damage covered in Kandy?,"No, accidental damage is not covered.",Warranty,is accidental damage covered in kandy?,is accidental damage covered in kandy,"['is', 'accidental', 'damage', 'covered', 'in', 'kandy']","['accidental', 'damage', 'covered', 'kandy']","['accident', 'damag', 'cover', 'kandi']","['accidental', 'damage', 'covered', 'kandy']",accidental damage covered kandy
What are your opening hours today?,We are open daily from 9:00 AM to 8:00 PM.,Store,what are your opening hours today?,what are your opening hours today,"['what', 'are', 'your', 'opening', 'hours', 'today']","['opening', 'hours', 'today']","['open', 'hour', 'today']","['opening', 'hour', 'today']",opening hour today
Can I track my order in Kandy?,"Yes, we'll provide a tracking update.",Delivery,can i track my order in kandy?,can i track my order in kandy,"['can', 'i', 'track', 'my', 'order', 'in', 'kandy']","['track', 'order', 'kandy']","['track', 'order', 'kandi']","['track', 'order', 'kandy']",track order kandy
Do you offer islandwide delivery please.,"Yes, we deliver across Sri Lanka.",Delivery,do you offer islandwide delivery please.,do you offer islandwide delivery please,"['do', 'you', 'offer', 'islandwide', 'delivery', 'please']","['offer', 'islandwide', 'delivery', 'please']","['offer', 'islandwid', 'deliveri', 'pleas']","['offer', 'islandwide', 'delivery', 'please']",offer islandwide delivery please
Do phones have a warranty this weekend?,"Yes, all eligible phones include a warranty.",Warranty,do phones have a warranty this weekend?,do phones have a warranty this weekend,"['do', 'phones', 'have', 'a', 'warranty', 'this', 'weekend']","['phones', 'warranty', 'weekend']","['phone', 'warranti', 'weekend']","['phone', 'warranty', 'weekend']",phone warranty weekend
Do you offer installments?,"Yes, selected banks are supported.",Payment,do you offer installments?,do you offer installments,"['do', 'you', 'offer', 'installments']","['offer', 'installments']","['offer', 'instal']","['offer', 'installment']",offer installment
Do phones have a warranty for iPhones?,"Yes, all eligible phones include a warranty.",Warranty,do phones have a warranty for iphones?,do phones have a warranty for iphones,"['do', 'phones', 'have', 'a', 'warranty', 'for', 'iphones']","['phones', 'warranty', 'iphones']","['phone', 'warranti', 'iphon']","['phone', 'warranty', 'iphones']",phone warranty iphones
Do phones have a warranty please.,"Yes, all eligible phones include a warranty.",Warranty,do phones have a warranty please.,do phones have a warranty please,"['do', 'phones', 'have', 'a', 'warranty', 'please']","['phones', 'warranty', 'please']","['phone', 'warranti', 'pleas']","['phone', 'warranty', 'please']",phone warranty please
How much is screen replacement today?,The cost depends on the model.,Repair,how much is screen replacement today?,how much is screen replacement today,"['how', 'much', 'is', 'screen', 'replacement', 'today']","['much', 'screen', 'replacement', 'today']","['much', 'screen', 'replac', 'today']","['much', 'screen', 'replacement', 'today']",much screen replacement today
Is accidental damage covered in Kandy?,"No, accidental damage is not covered.",Warranty,is accidental damage covered in kandy?,is accidental damage covered in kandy,"['is', 'accidental', 'damage', 'covered', 'in', 'kandy']","['accidental', 'damage', 'covered', 'kandy']","['accident', 'damag', 'cover', 'kandi']","['accidental', 'damage', 'covered', 'kandy']",accidental damage covered kandy
How much is screen replacement this weekend?,The cost depends on the model.,Repair,how much is screen replacement this weekend?,how much is screen replacement this weekend,"['how', 'much', 'is', 'screen', 'replacement', 'this', 'weekend']","['much', 'screen', 'replacement', 'weekend']","['much', 'screen', 'replac', 'weekend']","['much', 'screen', 'replacement', 'weekend']",much screen replacement weekend
Do you repair iPhones for iPhones?,"Yes, we repair supported iPhone models.",Repair,do you repair iphones for iphones?,do you repair iphones for iphones,"['do', 'you', 'repair', 'iphones', 'for', 'iphones']","['repair', 'iphones', 'iphones']","['repair', 'iphon', 'iphon']","['repair', 'iphones', 'iphones']",repair iphones iphones
Do you open on Sundays in Kandy?,"Yes, we are open every day.",Store,do you open on sundays in kandy?,do you open on sundays in kandy,"['do', 'you', 'open', 'on', 'sundays', 'in', 'kandy']","['open', 'sundays', 'kandy']","['open', 'sunday', 'kandi']","['open', 'sunday', 'kandy']",open sunday kandy
Where is your shop located in Kandy?,We are located in Colombo.,Store,where is your shop located in kandy?,where is your shop located in kandy,"['where', 'is', 'your', 'shop', 'located', 'in', 'kandy']","['shop', 'located', 'kandy']","['shop', 'locat', 'kandi']","['shop', 'located', 'kandy']",shop located kandy
Can I track my order today?,"Yes, we'll provide a tracking update.",Delivery,can i track my order today?,can i track my order today,"['can', 'i', 'track', 'my', 'order', 'today']","['track', 'order', 'today']","['track', 'order', 'today']","['track', 'order', 'today']",track order today
Do phones have a warranty for Samsung phones?,"Yes, all eligible phones include a warranty.",Warranty,do phones have a warranty for samsung phones?,do phones have a warranty for samsung phones,"['do', 'phones', 'have', 'a', 'warranty', 'for', 'samsung', 'phones']","['phones', 'warranty', 'samsung', 'phones']","['phone', 'warranti', 'samsung', 'phone']","['phone', 'warranty', 'samsung', 'phone']",phone warranty samsung phone
Do you open on Sundays in Kandy?,"Yes, we are open every day.",Store,do you open on sundays in kandy?,do you open on sundays in kandy,"['do', 'you', 'open', 'on', 'sundays', 'in', 'kandy']","['open', 'sundays', 'kandy']","['open', 'sunday', 'kandi']","['open', 'sunday', 'kandy']",open sunday kandy
What are your opening hours in Kandy?,We are open daily from 9:00 AM to 8:00 PM.,Store,what are your opening hours in kandy?,what are your opening hours in kandy,"['what', 'are', 'your', 'opening', 'hours', 'in', 'kandy']","['opening', 'hours', 'kandy']","['open', 'hour', 'kandi']","['opening', 'hour', 'kandy']",opening hour kandy
Can I pay by card today?,"Yes, Visa and Mastercard are accepted.",Payment,can i pay by card today?,can i pay by card today,"['can', 'i', 'pay', 'by', 'card', 'today']","['pay', 'card', 'today']","['pay', 'card', 'today']","['pay', 'card', 'today']",pay card today
Can I track my order for iPhones?,"Yes, we'll provide a tracking update.",Delivery,can i track my order for iphones?,can i track my order for iphones,"['can', 'i', 'track', 'my', 'order', 'for', 'iphones']","['track', 'order', 'iphones']","['track', 'order', 'iphon']","['track', 'order', 'iphones']",track order iphones
Can I track my order for Samsung phones?,"Yes, we'll provide a tracking update.",Delivery,can i track my order for samsung phones?,can i track my order for samsung phones,"['can', 'i', 'track', 'my', 'order', 'for', 'samsung', 'phones']","['track', 'order', 'samsung', 'phones']","['track', 'order', 'samsung', 'phone']","['track', 'order', 'samsung', 'phone']",track order samsung phone
How long does delivery take in Kandy?,Usually 1-3 working days.,Delivery,how long does delivery take in kandy?,how long does delivery take in kandy,"['how', 'long', 'does', 'delivery', 'take', 'in', 'kandy']","['long', 'delivery', 'take', 'kandy']","['long', 'deliveri', 'take', 'kandi']","['long', 'delivery', 'take', 'kandy']",long delivery take kandy
Can I pay by card please.,"Yes, Visa and Mastercard are accepted.",Payment,can i pay by card please.,can i pay by card please,"['can', 'i', 'pay', 'by', 'card', 'please']","['pay', 'card', 'please']","['pay', 'card', 'pleas']","['pay', 'card', 'please']",pay card please
Do you repair iPhones for iPhones?,"Yes, we repair supported iPhone models.",Repair,do you repair iphones for iphones?,do you repair iphones for iphones,"['do', 'you', 'repair', 'iphones', 'for', 'iphones']","['repair', 'iphones', 'iphones']","['repair', 'iphon', 'iphon']","['repair', 'iphones', 'iphones']",repair iphones iphones
Do you repair iPhones please.,"Yes, we repair supported iPhone models.",Repair,do you repair iphones please.,do you repair iphones please,"['do', 'you', 'repair', 'iphones', 'please']","['repair', 'iphones', 'please']","['repair', 'iphon', 'pleas']","['repair', 'iphones', 'please']",repair iphones please
Do you offer installments?,"Yes, selected banks are supported.",Payment,do you offer installments?,do you offer installments,"['do', 'you', 'offer', 'installments']","['offer', 'installments']","['offer', 'instal']","['offer', 'installment']",offer installment
Do you offer installments for iPhones?,"Yes, selected banks are supported.",Payment,do you offer installments for iphones?,do you offer installments for iphones,"['do', 'you', 'offer', 'installments', 'for', 'iphones']","['offer', 'installments', 'iphones']","['offer', 'instal', 'iphon']","['offer', 'installment', 'iphones']",offer installment iphones
Do you offer installments for Samsung phones?,"Yes, selected banks are supported.",Payment,do you offer installments for samsung phones?,do you offer installments for samsung phones,"['do', 'you', 'offer', 'installments', 'for', 'samsung', 'phones']","['offer', 'installments', 'samsung', 'phones']","['offer', 'instal', 'samsung', 'phone']","['offer', 'installment', 'samsung', 'phone']",offer installment samsung phone
What are your opening hours for Samsung phones?,We are open daily from 9:00 AM to 8:00 PM.,Store,what are your opening hours for samsung phones?,what are your opening hours for samsung phones,"['what', 'are', 'your', 'opening', 'hours', 'for', 'samsung', 'phones']","['opening', 'hours', 'samsung', 'phones']","['open', 'hour', 'samsung', 'phone']","['opening', 'hour', 'samsung', 'phone']",opening hour samsung phone
Do you offer islandwide delivery?,"Yes, we deliver across Sri Lanka.",Delivery,do you offer islandwide delivery?,do you offer islandwide delivery,"['do', 'you', 'offer', 'islandwide', 'delivery']","['offer', 'islandwide', 'delivery']","['offer', 'islandwid', 'deliveri']","['offer', 'islandwide', 'delivery']",offer islandwide delivery
How long is the warranty in Kandy?,Warranty depends on the brand and model.,Warranty,how long is the warranty in kandy?,how long is the warranty in kandy,"['how', 'long', 'is', 'the', 'warranty', 'in', 'kandy']","['long', 'warranty', 'kandy']","['long', 'warranti', 'kandi']","['long', 'warranty', 'kandy']",long warranty kandy
Do you open on Sundays for Samsung phones?,"Yes, we are open every day.",Store,do you open on sundays for samsung phones?,do you open on sundays for samsung phones,"['do', 'you', 'open', 'on', 'sundays', 'for', 'samsung', 'phones']","['open', 'sundays', 'samsung', 'phones']","['open', 'sunday', 'samsung', 'phone']","['open', 'sunday', 'samsung', 'phone']",open sunday samsung phone
Can I pay online for iPhones?,"Yes, online payments are accepted.",Payment,can i pay online for iphones?,can i pay online for iphones,"['can', 'i', 'pay', 'online', 'for', 'iphones']","['pay', 'online', 'iphones']","['pay', 'onlin', 'iphon']","['pay', 'online', 'iphones']",pay online iphones
Do you repair iPhones for iPhones?,"Yes, we repair supported iPhone models.",Repair,do you repair iphones for iphones?,do you repair iphones for iphones,"['do', 'you', 'repair', 'iphones', 'for', 'iphones']","['repair', 'iphones', 'iphones']","['repair', 'iphon', 'iphon']","['repair', 'iphones', 'iphones']",repair iphones iphones
Can I track my order for iPhones?,"Yes, we'll provide a tracking update.",Delivery,can i track my order for iphones?,can i track my order for iphones,"['can', 'i', 'track', 'my', 'order', 'for', 'iphones']","['track', 'order', 'iphones']","['track', 'order', 'iphon']","['track', 'order', 'iphones']",track order iphones
Do you offer installments this weekend?,"Yes, selected banks are supported.",Payment,do you offer installments this weekend?,do you offer installments this weekend,"['do', 'you', 'offer', 'installments', 'this', 'weekend']","['offer', 'installments', 'weekend']","['offer', 'instal', 'weekend']","['offer', 'installment', 'weekend']",offer installment weekend
Do you offer installments for Samsung phones?,"Yes, selected banks are supported.",Payment,do you offer installments for samsung phones?,do you offer installments for samsung phones,"['do', 'you', 'offer', 'installments', 'for', 'samsung', 'phones']","['offer', 'installments', 'samsung', 'phones']","['offer', 'instal', 'samsung', 'phone']","['offer', 'installment', 'samsung', 'phone']",offer installment samsung phone
How much is screen replacement please.,The cost depends on the model.,Repair,how much is screen replacement please.,how much is screen replacement please,"['how', 'much', 'is', 'screen', 'replacement', 'please']","['much', 'screen', 'replacement', 'please']","['much', 'screen', 'replac', 'pleas']","['much', 'screen', 'replacement', 'please']",much screen replacement please
Do you offer islandwide delivery?,"Yes, we deliver across Sri Lanka.",Delivery,do you offer islandwide delivery?,do you offer islandwide delivery,"['do', 'you', 'offer', 'islandwide', 'delivery']","['offer', 'islandwide', 'delivery']","['offer', 'islandwid', 'deliveri']","['offer', 'islandwide', 'delivery']",offer islandwide delivery
Do you offer islandwide delivery in Kandy?,"Yes, we deliver across Sri Lanka.",Delivery,do you offer islandwide delivery in kandy?,do you offer islandwide delivery in kandy,"['do', 'you', 'offer', 'islandwide', 'delivery', 'in', 'kandy']","['offer', 'islandwide', 'delivery', 'kandy']","['offer', 'islandwid', 'deliveri', 'kandi']","['offer', 'islandwide', 'delivery', 'kandy']",offer islandwide delivery kandy
Do phones have a warranty this weekend?,"Yes, all eligible phones include a warranty.",Warranty,do phones have a warranty this weekend?,do phones have a warranty this weekend,"['do', 'phones', 'have', 'a', 'warranty', 'this', 'weekend']","['phones', 'warranty', 'weekend']","['phone', 'warranti', 'weekend']","['phone', 'warranty', 'weekend']",phone warranty weekend
Do you offer installments for Samsung phones?,"Yes, selected banks are supported.",Payment,do you offer installments for samsung phones?,do you offer installments for samsung phones,"['do', 'you', 'offer', 'installments', 'for', 'samsung', 'phones']","['offer', 'installments', 'samsung', 'phones']","['offer', 'instal', 'samsung', 'phone']","['offer', 'installment', 'samsung', 'phone']",offer installment samsung phone
Can I pay by card today?,"Yes, Visa and Mastercard are accepted.",Payment,can i pay by card today?,can i pay by card today,"['can', 'i', 'pay', 'by', 'card', 'today']","['pay', 'card', 'today']","['pay', 'card', 'today']","['pay', 'card', 'today']",pay card today
Can I pay by card in Kandy?,"Yes, Visa and Mastercard are accepted.",Payment,can i pay by card in kandy?,can i pay by card in kandy,"['can', 'i', 'pay', 'by', 'card', 'in', 'kandy']","['pay', 'card', 'kandy']","['pay', 'card', 'kandi']","['pay', 'card', 'kandy']",pay card kandy
What are your opening hours for Samsung phones?,We are open daily from 9:00 AM to 8:00 PM.,Store,what are your opening hours for samsung phones?,what are your opening hours for samsung phones,"['what', 'are', 'your', 'opening', 'hours', 'for', 'samsung', 'phones']","['opening', 'hours', 'samsung', 'phones']","['open', 'hour', 'samsung', 'phone']","['opening', 'hour', 'samsung', 'phone']",opening hour samsung phone
How long is the warranty please.,Warranty depends on the brand and model.,Warranty,how long is the warranty please.,how long is the warranty please,"['how', 'long', 'is', 'the', 'warranty', 'please']","['long', 'warranty', 'please']","['long', 'warranti', 'pleas']","['long', 'warranty', 'please']",long warranty please
Is accidental damage covered for iPhones?,"No, accidental damage is not covered.",Warranty,is accidental damage covered for iphones?,is accidental damage covered for iphones,"['is', 'accidental', 'damage', 'covered', 'for', 'iphones']","['accidental', 'damage', 'covered', 'iphones']","['accident', 'damag', 'cover', 'iphon']","['accidental', 'damage', 'covered', 'iphones']",accidental damage covered iphones
Is accidental damage covered for iPhones?,"No, accidental damage is not covered.",Warranty,is accidental damage covered for iphones?,is accidental damage covered for iphones,"['is', 'accidental', 'damage', 'covered', 'for', 'iphones']","['accidental', 'damage', 'covered', 'iphones']","['accident', 'damag', 'cover', 'iphon']","['accidental', 'damage', 'covered', 'iphones']",accidental damage covered iphones
What are your opening hours in Kandy?,We are open daily from 9:00 AM to 8:00 PM.,Store,what are your opening hours in kandy?,what are your opening hours in kandy,"['what', 'are', 'your', 'opening', 'hours', 'in', 'kandy']","['opening', 'hours', 'kandy']","['open', 'hour', 'kandi']","['opening', 'hour', 'kandy']",opening hour kandy
Can you replace batteries for iPhones?,"Yes, battery replacement is available.",Repair,can you replace batteries for iphones?,can you replace batteries for iphones,"['can', 'you', 'replace', 'batteries', 'for', 'iphones']","['replace', 'batteries', 'iphones']","['replac', 'batteri', 'iphon']","['replace', 'battery', 'iphones']",replace battery iphones
Where is your shop located in Kandy?,We are located in Colombo.,Store,where is your shop located in kandy?,where is your shop located in kandy,"['where', 'is', 'your', 'shop', 'located', 'in', 'kandy']","['shop', 'located', 'kandy']","['shop', 'locat', 'kandi']","['shop', 'located', 'kandy']",shop located kandy
How long does delivery take today?,Usually 1-3 working days.,Delivery,how long does delivery take today?,how long does delivery take today,"['how', 'long', 'does', 'delivery', 'take', 'today']","['long', 'delivery', 'take', 'today']","['long', 'deliveri', 'take', 'today']","['long', 'delivery', 'take', 'today']",long delivery take today
How long is the warranty for iPhones?,Warranty depends on the brand and model.,Warranty,how long is the warranty for iphones?,how long is the warranty for iphones,"['how', 'long', 'is', 'the', 'warranty', 'for', 'iphones']","['long', 'warranty', 'iphones']","['long', 'warranti', 'iphon']","['long', 'warranty', 'iphones']",long warranty iphones
Do you offer installments?,"Yes, selected banks are supported.",Payment,do you offer installments?,do you offer installments,"['do', 'you', 'offer', 'installments']","['offer', 'installments']","['offer', 'instal']","['offer', 'installment']",offer installment
Can I pay by card?,"Yes, Visa and Mastercard are accepted.",Payment,can i pay by card?,can i pay by card,"['can', 'i', 'pay', 'by', 'card']","['pay', 'card']","['pay', 'card']","['pay', 'card']",pay card
Where is your shop located this weekend?,We are located in Colombo.,Store,where is your shop located this weekend?,where is your shop located this weekend,"['where', 'is', 'your', 'shop', 'located', 'this', 'weekend']","['shop', 'located', 'weekend']","['shop', 'locat', 'weekend']","['shop', 'located', 'weekend']",shop located weekend
What are your opening hours this weekend?,We are open daily from 9:00 AM to 8:00 PM.,Store,what are your opening hours this weekend?,what are your opening hours this weekend,"['what', 'are', 'your', 'opening', 'hours', 'this', 'weekend']","['opening', 'hours', 'weekend']","['open', 'hour', 'weekend']","['opening', 'hour', 'weekend']",opening hour weekend
Do you offer installments in Kandy?,"Yes, selected banks are supported.",Payment,do you offer installments in kandy?,do you offer installments in kandy,"['do', 'you', 'offer', 'installments', 'in', 'kandy']","['offer', 'installments', 'kandy']","['offer', 'instal', 'kandi']","['offer', 'installment', 'kandy']",offer installment kandy
Can you replace batteries for iPhones?,"Yes, battery replacement is available.",Repair,can you replace batteries for iphones?,can you replace batteries for iphones,"['can', 'you', 'replace', 'batteries', 'for', 'iphones']","['replace', 'batteries', 'iphones']","['replac', 'batteri', 'iphon']","['replace', 'battery', 'iphones']",replace battery iphones
How long does delivery take this weekend?,Usually 1-3 working days.,Delivery,how long does delivery take this weekend?,how long does delivery take this weekend,"['how', 'long', 'does', 'delivery', 'take', 'this', 'weekend']","['long', 'delivery', 'take', 'weekend']","['long', 'deliveri', 'take', 'weekend']","['long', 'delivery', 'take', 'weekend']",long delivery take weekend
Where is your shop located in Kandy?,We are located in Colombo.,Store,where is your shop located in kandy?,where is your shop located in kandy,"['where', 'is', 'your', 'shop', 'located', 'in', 'kandy']","['shop', 'located', 'kandy']","['shop', 'locat', 'kandi']","['shop', 'located', 'kandy']",shop located kandy
What are your opening hours please.,We are open daily from 9:00 AM to 8:00 PM.,Store,what are your opening hours please.,what are your opening hours please,"['what', 'are', 'your', 'opening', 'hours', 'please']","['opening', 'hours', 'please']","['open', 'hour', 'pleas']","['opening', 'hour', 'please']",opening hour please
Do you offer islandwide delivery this weekend?,"Yes, we deliver across Sri Lanka.",Delivery,do you offer islandwide delivery this weekend?,do you offer islandwide delivery this weekend,"['do', 'you', 'offer', 'islandwide', 'delivery', 'this', 'weekend']","['offer', 'islandwide', 'delivery', 'weekend']","['offer', 'islandwid', 'deliveri', 'weekend']","['offer', 'islandwide', 'delivery', 'weekend']",offer islandwide delivery weekend
Do phones have a warranty?,"Yes, all eligible phones include a warranty.",Warranty,do phones have a warranty?,do phones have a warranty,"['do', 'phones', 'have', 'a', 'warranty']","['phones', 'warranty']","['phone', 'warranti']","['phone', 'warranty']",phone warranty
How long does delivery take please.,Usually 1-3 working days.,Delivery,how long does delivery take please.,how long does delivery take please,"['how', 'long', 'does', 'delivery', 'take', 'please']","['long', 'delivery', 'take', 'please']","['long', 'deliveri', 'take', 'pleas']","['long', 'delivery', 'take', 'please']",long delivery take please
Can you replace batteries in Kandy?,"Yes, battery replacement is available.",Repair,can you replace batteries in kandy?,can you replace batteries in kandy,"['can', 'you', 'replace', 'batteries', 'in', 'kandy']","['replace', 'batteries', 'kandy']","['replac', 'batteri', 'kandi']","['replace', 'battery', 'kandy']",replace battery kandy
Do you open on Sundays today?,"Yes, we are open every day.",Store,do you open on sundays today?,do you open on sundays today,"['do', 'you', 'open', 'on', 'sundays', 'today']","['open', 'sundays', 'today']","['open', 'sunday', 'today']","['open', 'sunday', 'today']",open sunday today
Do you offer installments please.,"Yes, selected banks are supported.",Payment,do you offer installments please.,do you offer installments please,"['do', 'you', 'offer', 'installments', 'please']","['offer', 'installments', 'please']","['offer', 'instal', 'pleas']","['offer', 'installment', 'please']",offer installment please
What are your opening hours today?,We are open daily from 9:00 AM to 8:00 PM.,Store,what are your opening hours today?,what are your opening hours today,"['what', 'are', 'your', 'opening', 'hours', 'today']","['opening', 'hours', 'today']","['open', 'hour', 'today']","['opening', 'hour', 'today']",opening hour today
How long is the warranty?,Warranty depends on the brand and model.,Warranty,how long is the warranty?,how long is the warranty,"['how', 'long', 'is', 'the', 'warranty']","['long', 'warranty']","['long', 'warranti']","['long', 'warranty']",long warranty
How much is screen replacement?,The cost depends on the model.,Repair,how much is screen replacement?,how much is screen replacement,"['how', 'much', 'is', 'screen', 'replacement']","['much', 'screen', 'replacement']","['much', 'screen', 'replac']","['much', 'screen', 'replacement']",much screen replacement
What are your opening hours this weekend?,We are open daily from 9:00 AM to 8:00 PM.,Store,what are your opening hours this weekend?,what are your opening hours this weekend,"['what', 'are', 'your', 'opening', 'hours', 'this', 'weekend']","['opening', 'hours', 'weekend']","['open', 'hour', 'weekend']","['opening', 'hour', 'weekend']",opening hour weekend
Do phones have a warranty this weekend?,"Yes, all eligible phones include a warranty.",Warranty,do phones have a warranty this weekend?,do phones have a warranty this weekend,"['do', 'phones', 'have', 'a', 'warranty', 'this', 'weekend']","['phones', 'warranty', 'weekend']","['phone', 'warranti', 'weekend']","['phone', 'warranty', 'weekend']",phone warranty weekend
Do you offer islandwide delivery for iPhones?,"Yes, we deliver across Sri Lanka.",Delivery,do you offer islandwide delivery for iphones?,do you offer islandwide delivery for iphones,"['do', 'you', 'offer', 'islandwide', 'delivery', 'for', 'iphones']","['offer', 'islandwide', 'delivery', 'iphones']","['offer', 'islandwid', 'deliveri', 'iphon']","['offer', 'islandwide', 'delivery', 'iphones']",offer islandwide delivery iphones
Can I track my order please.,"Yes, we'll provide a tracking update.",Delivery,can i track my order please.,can i track my order please,"['can', 'i', 'track', 'my', 'order', 'please']","['track', 'order', 'please']","['track', 'order', 'pleas']","['track', 'order', 'please']",track order please
Can I pay online for Samsung phones?,"Yes, online payments are accepted.",Payment,can i pay online for samsung phones?,can i pay online for samsung phones,"['can', 'i', 'pay', 'online', 'for', 'samsung', 'phones']","['pay', 'online', 'samsung', 'phones']","['pay', 'onlin', 'samsung', 'phone']","['pay', 'online', 'samsung', 'phone']",pay online samsung phone
Can I track my order for iPhones?,"Yes, we'll provide a tracking update.",Delivery,can i track my order for iphones?,can i track my order for iphones,"['can', 'i', 'track', 'my', 'order', 'for', 'iphones']","['track', 'order', 'iphones']","['track', 'order', 'iphon']","['track', 'order', 'iphones']",track order iphones
Can I pay by card?,"Yes, Visa and Mastercard are accepted.",Payment,can i pay by card?,can i pay by card,"['can', 'i', 'pay', 'by', 'card']","['pay', 'card']","['pay', 'card']","['pay', 'card']",pay card
How long does delivery take for Samsung phones?,Usually 1-3 working days.,Delivery,how long does delivery take for samsung phones?,how long does delivery take for samsung phones,"['how', 'long', 'does', 'delivery', 'take', 'for', 'samsung', 'phones']","['long', 'delivery', 'take', 'samsung', 'phones']","['long', 'deliveri', 'take', 'samsung', 'phone']","['long', 'delivery', 'take', 'samsung', 'phone']",long delivery take samsung phone
Where is your shop located in Kandy?,We are located in Colombo.,Store,where is your shop located in kandy?,where is your shop located in kandy,"['where', 'is', 'your', 'shop', 'located', 'in', 'kandy']","['shop', 'located', 'kandy']","['shop', 'locat', 'kandi']","['shop', 'located', 'kandy']",shop located kandy
Is accidental damage covered today?,"No, accidental damage is not covered.",Warranty,is accidental damage covered today?,is accidental damage covered today,"['is', 'accidental', 'damage', 'covered', 'today']","['accidental', 'damage', 'covered', 'today']","['accident', 'damag', 'cover', 'today']","['accidental', 'damage', 'covered', 'today']",accidental damage covered today
Do you repair iPhones for Samsung phones?,"Yes, we repair supported iPhone models.",Repair,do you repair iphones for samsung phones?,do you repair iphones for samsung phones,"['do', 'you', 'repair', 'iphones', 'for', 'samsung', 'phones']","['repair', 'iphones', 'samsung', 'phones']","['repair', 'iphon', 'samsung', 'phone']","['repair', 'iphones', 'samsung', 'phone']",repair iphones samsung phone
Can I pay by card please.,"Yes, Visa and Mastercard are accepted.",Payment,can i pay by card please.,can i pay by card please,"['can', 'i', 'pay', 'by', 'card', 'please']","['pay', 'card', 'please']","['pay', 'card', 'pleas']","['pay', 'card', 'please']",pay card please
Do you repair iPhones in Kandy?,"Yes, we repair supported iPhone models.",Repair,do you repair iphones in kandy?,do you repair iphones in kandy,"['do', 'you', 'repair', 'iphones', 'in', 'kandy']","['repair', 'iphones', 'kandy']","['repair', 'iphon', 'kandi']","['repair', 'iphones', 'kandy']",repair iphones kandy
Can I track my order for iPhones?,"Yes, we'll provide a tracking update.",Delivery,can i track my order for iphones?,can i track my order for iphones,"['can', 'i', 'track', 'my', 'order', 'for', 'iphones']","['track', 'order', 'iphones']","['track', 'order', 'iphon']","['track', 'order', 'iphones']",track order iphones
What are your opening hours today?,We are open daily from 9:00 AM to 8:00 PM.,Store,what are your opening hours today?,what are your opening hours today,"['what', 'are', 'your', 'opening', 'hours', 'today']","['opening', 'hours', 'today']","['open', 'hour', 'today']","['opening', 'hour', 'today']",opening hour today
Can I track my order?,"Yes, we'll provide a tracking update.",Delivery,can i track my order?,can i track my order,"['can', 'i', 'track', 'my', 'order']","['track', 'order']","['track', 'order']","['track', 'order']",track order
Can I track my order for Samsung phones?,"Yes, we'll provide a tracking update.",Delivery,can i track my order for samsung phones?,can i track my order for samsung phones,"['can', 'i', 'track', 'my', 'order', 'for', 'samsung', 'phones']","['track', 'order', 'samsung', 'phones']","['track', 'order', 'samsung', 'phone']","['track', 'order', 'samsung', 'phone']",track order samsung phone
Can I track my order today?,"Yes, we'll provide a tracking update.",Delivery,can i track my order today?,can i track my order today,"['can', 'i', 'track', 'my', 'order', 'today']","['track', 'order', 'today']","['track', 'order', 'today']","['track', 'order', 'today']",track order today
What are your opening hours for Samsung phones?,We are open daily from 9:00 AM to 8:00 PM.,Store,what are your opening hours for samsung phones?,what are your opening hours for samsung phones,"['what', 'are', 'your', 'opening', 'hours', 'for', 'samsung', 'phones']","['opening', 'hours', 'samsung', 'phones']","['open', 'hour', 'samsung', 'phone']","['opening', 'hour', 'samsung', 'phone']",opening hour samsung phone
Do you offer installments today?,"Yes, selected banks are supported.",Payment,do you offer installments today?,do you offer installments today,"['do', 'you', 'offer', 'installments', 'today']","['offer', 'installments', 'today']","['offer', 'instal', 'today']","['offer', 'installment', 'today']",offer installment today
How long is the warranty for iPhones?,Warranty depends on the brand and model.,Warranty,how long is the warranty for iphones?,how long is the warranty for iphones,"['how', 'long', 'is', 'the', 'warranty', 'for', 'iphones']","['long', 'warranty', 'iphones']","['long', 'warranti', 'iphon']","['long', 'warranty', 'iphones']",long warranty iphones
Can you replace batteries today?,"Yes, battery replacement is available.",Repair,can you replace batteries today?,can you replace batteries today,"['can', 'you', 'replace', 'batteries', 'today']","['replace', 'batteries', 'today']","['replac', 'batteri', 'today']","['replace', 'battery', 'today']",replace battery today
Can I pay by card?,"Yes, Visa and Mastercard are accepted.",Payment,can i pay by card?,can i pay by card,"['can', 'i', 'pay', 'by', 'card']","['pay', 'card']","['pay', 'card']","['pay', 'card']",pay card
Do you offer islandwide delivery?,"Yes, we deliver across Sri Lanka.",Delivery,do you offer islandwide delivery?,do you offer islandwide delivery,"['do', 'you', 'offer', 'islandwide', 'delivery']","['offer', 'islandwide', 'delivery']","['offer', 'islandwid', 'deliveri']","['offer', 'islandwide', 'delivery']",offer islandwide delivery
Do phones have a warranty today?,"Yes, all eligible phones include a warranty.",Warranty,do phones have a warranty today?,do phones have a warranty today,"['do', 'phones', 'have', 'a', 'warranty', 'today']","['phones', 'warranty', 'today']","['phone', 'warranti', 'today']","['phone', 'warranty', 'today']",phone warranty today
What are your opening hours today?,We are open daily from 9:00 AM to 8:00 PM.,Store,what are your opening hours today?,what are your opening hours today,"['what', 'are', 'your', 'opening', 'hours', 'today']","['opening', 'hours', 'today']","['open', 'hour', 'today']","['opening', 'hour', 'today']",opening hour today
Can I track my order this weekend?,"Yes, we'll provide a tracking update.",Delivery,can i track my order this weekend?,can i track my order this weekend,"['can', 'i', 'track', 'my', 'order', 'this', 'weekend']","['track', 'order', 'weekend']","['track', 'order', 'weekend']","['track', 'order', 'weekend']",track order weekend
Can I track my order for iPhones?,"Yes, we'll provide a tracking update.",Delivery,can i track my order for iphones?,can i track my order for iphones,"['can', 'i', 'track', 'my', 'order', 'for', 'iphones']","['track', 'order', 'iphones']","['track', 'order', 'iphon']","['track', 'order', 'iphones']",track order iphones
How long does delivery take today?,Usually 1-3 working days.,Delivery,how long does delivery take today?,how long does delivery take today,"['how', 'long', 'does', 'delivery', 'take', 'today']","['long', 'delivery', 'take', 'today']","['long', 'deliveri', 'take', 'today']","['long', 'delivery', 'take', 'today']",long delivery take today
Can I pay by card for Samsung phones?,"Yes, Visa and Mastercard are accepted.",Payment,can i pay by card for samsung phones?,can i pay by card for samsung phones,"['can', 'i', 'pay', 'by', 'card', 'for', 'samsung', 'phones']","['pay', 'card', 'samsung', 'phones']","['pay', 'card', 'samsung', 'phone']","['pay', 'card', 'samsung', 'phone']",pay card samsung phone
What are your opening hours for Samsung phones?,We are open daily from 9:00 AM to 8:00 PM.,Store,what are your opening hours for samsung phones?,what are your opening hours for samsung phones,"['what', 'are', 'your', 'opening', 'hours', 'for', 'samsung', 'phones']","['opening', 'hours', 'samsung', 'phones']","['open', 'hour', 'samsung', 'phone']","['opening', 'hour', 'samsung', 'phone']",opening hour samsung phone
Do you open on Sundays this weekend?,"Yes, we are open every day.",Store,do you open on sundays this weekend?,do you open on sundays this weekend,"['do', 'you', 'open', 'on', 'sundays', 'this', 'weekend']","['open', 'sundays', 'weekend']","['open', 'sunday', 'weekend']","['open', 'sunday', 'weekend']",open sunday weekend
How long is the warranty today?,Warranty depends on the brand and model.,Warranty,how long is the warranty today?,how long is the warranty today,"['how', 'long', 'is', 'the', 'warranty', 'today']","['long', 'warranty', 'today']","['long', 'warranti', 'today']","['long', 'warranty', 'today']",long warranty today
Is accidental damage covered for iPhones?,"No, accidental damage is not covered.",Warranty,is accidental damage covered for iphones?,is accidental damage covered for iphones,"['is', 'accidental', 'damage', 'covered', 'for', 'iphones']","['accidental', 'damage', 'covered', 'iphones']","['accident', 'damag', 'cover', 'iphon']","['accidental', 'damage', 'covered', 'iphones']",accidental damage covered iphones
Can I pay online?,"Yes, online payments are accepted.",Payment,can i pay online?,can i pay online,"['can', 'i', 'pay', 'online']","['pay', 'online']","['pay', 'onlin']","['pay', 'online']",pay online
Can I pay online in Kandy?,"Yes, online payments are accepted.",Payment,can i pay online in kandy?,can i pay online in kandy,"['can', 'i', 'pay', 'online', 'in', 'kandy']","['pay', 'online', 'kandy']","['pay', 'onlin', 'kandi']","['pay', 'online', 'kandy']",pay online kandy
Can I pay online?,"Yes, online payments are accepted.",Payment,can i pay online?,can i pay online,"['can', 'i', 'pay', 'online']","['pay', 'online']","['pay', 'onlin']","['pay', 'online']",pay online
Do you offer installments for iPhones?,"Yes, selected banks are supported.",Payment,do you offer installments for iphones?,do you offer installments for iphones,"['do', 'you', 'offer', 'installments', 'for', 'iphones']","['offer', 'installments', 'iphones']","['offer', 'instal', 'iphon']","['offer', 'installment', 'iphones']",offer installment iphones
Can you replace batteries in Kandy?,"Yes, battery replacement is available.",Repair,can you replace batteries in kandy?,can you replace batteries in kandy,"['can', 'you', 'replace', 'batteries', 'in', 'kandy']","['replace', 'batteries', 'kandy']","['replac', 'batteri', 'kandi']","['replace', 'battery', 'kandy']",replace battery kandy
Do you offer installments for iPhones?,"Yes, selected banks are supported.",Payment,do you offer installments for iphones?,do you offer installments for iphones,"['do', 'you', 'offer', 'installments', 'for', 'iphones']","['offer', 'installments', 'iphones']","['offer', 'instal', 'iphon']","['offer', 'installment', 'iphones']",offer installment iphones
Can you replace batteries this weekend?,"Yes, battery replacement is available.",Repair,can you replace batteries this weekend?,can you replace batteries this weekend,"['can', 'you', 'replace', 'batteries', 'this', 'weekend']","['replace', 'batteries', 'weekend']","['replac', 'batteri', 'weekend']","['replace', 'battery', 'weekend']",replace battery weekend
Do you repair iPhones for Samsung phones?,"Yes, we repair supported iPhone models.",Repair,do you repair iphones for samsung phones?,do you repair iphones for samsung phones,"['do', 'you', 'repair', 'iphones', 'for', 'samsung', 'phones']","['repair', 'iphones', 'samsung', 'phones']","['repair', 'iphon', 'samsung', 'phone']","['repair', 'iphones', 'samsung', 'phone']",repair iphones samsung phone
How long does delivery take in Kandy?,Usually 1-3 working days.,Delivery,how long does delivery take in kandy?,how long does delivery take in kandy,"['how', 'long', 'does', 'delivery', 'take', 'in', 'kandy']","['long', 'delivery', 'take', 'kandy']","['long', 'deliveri', 'take', 'kandi']","['long', 'delivery', 'take', 'kandy']",long delivery take kandy
How much is screen replacement?,The cost depends on the model.,Repair,how much is screen replacement?,how much is screen replacement,"['how', 'much', 'is', 'screen', 'replacement']","['much', 'screen', 'replacement']","['much', 'screen', 'replac']","['much', 'screen', 'replacement']",much screen replacement
Do you offer islandwide delivery in Kandy?,"Yes, we deliver across Sri Lanka.",Delivery,do you offer islandwide delivery in kandy?,do you offer islandwide delivery in kandy,"['do', 'you', 'offer', 'islandwide', 'delivery', 'in', 'kandy']","['offer', 'islandwide', 'delivery', 'kandy']","['offer', 'islandwid', 'deliveri', 'kandi']","['offer', 'islandwide', 'delivery', 'kandy']",offer islandwide delivery kandy
Can I track my order in Kandy?,"Yes, we'll provide a tracking update.",Delivery,can i track my order in kandy?,can i track my order in kandy,"['can', 'i', 'track', 'my', 'order', 'in', 'kandy']","['track', 'order', 'kandy']","['track', 'order', 'kandi']","['track', 'order', 'kandy']",track order kandy
Can I track my order this weekend?,"Yes, we'll provide a tracking update.",Delivery,can i track my order this weekend?,can i track my order this weekend,"['can', 'i', 'track', 'my', 'order', 'this', 'weekend']","['track', 'order', 'weekend']","['track', 'order', 'weekend']","['track', 'order', 'weekend']",track order weekend
Is accidental damage covered this weekend?,"No, accidental damage is not covered.",Warranty,is accidental damage covered this weekend?,is accidental damage covered this weekend,"['is', 'accidental', 'damage', 'covered', 'this', 'weekend']","['accidental', 'damage', 'covered', 'weekend']","['accident', 'damag', 'cover', 'weekend']","['accidental', 'damage', 'covered', 'weekend']",accidental damage covered weekend
Do you open on Sundays for iPhones?,"Yes, we are open every day.",Store,do you open on sundays for iphones?,do you open on sundays for iphones,"['do', 'you', 'open', 'on', 'sundays', 'for', 'iphones']","['open', 'sundays', 'iphones']","['open', 'sunday', 'iphon']","['open', 'sunday', 'iphones']",open sunday iphones
Do you offer installments for Samsung phones?,"Yes, selected banks are supported.",Payment,do you offer installments for samsung phones?,do you offer installments for samsung phones,"['do', 'you', 'offer', 'installments', 'for', 'samsung', 'phones']","['offer', 'installments', 'samsung', 'phones']","['offer', 'instal', 'samsung', 'phone']","['offer', 'installment', 'samsung', 'phone']",offer installment samsung phone
How much is screen replacement today?,The cost depends on the model.,Repair,how much is screen replacement today?,how much is screen replacement today,"['how', 'much', 'is', 'screen', 'replacement', 'today']","['much', 'screen', 'replacement', 'today']","['much', 'screen', 'replac', 'today']","['much', 'screen', 'replacement', 'today']",much screen replacement today
What are your opening hours for Samsung phones?,We are open daily from 9:00 AM to 8:00 PM.,Store,what are your opening hours for samsung phones?,what are your opening hours for samsung phones,"['what', 'are', 'your', 'opening', 'hours', 'for', 'samsung', 'phones']","['opening', 'hours', 'samsung', 'phones']","['open', 'hour', 'samsung', 'phone']","['opening', 'hour', 'samsung', 'phone']",opening hour samsung phone
How long does delivery take today?,Usually 1-3 working days.,Delivery,how long does delivery take today?,how long does delivery take today,"['how', 'long', 'does', 'delivery', 'take', 'today']","['long', 'delivery', 'take', 'today']","['long', 'deliveri', 'take', 'today']","['long', 'delivery', 'take', 'today']",long delivery take today
How much is screen replacement for iPhones?,The cost depends on the model.,Repair,how much is screen replacement for iphones?,how much is screen replacement for iphones,"['how', 'much', 'is', 'screen', 'replacement', 'for', 'iphones']","['much', 'screen', 'replacement', 'iphones']","['much', 'screen', 'replac', 'iphon']","['much', 'screen', 'replacement', 'iphones']",much screen replacement iphones
How long is the warranty in Kandy?,Warranty depends on the brand and model.,Warranty,how long is the warranty in kandy?,how long is the warranty in kandy,"['how', 'long', 'is', 'the', 'warranty', 'in', 'kandy']","['long', 'warranty', 'kandy']","['long', 'warranti', 'kandi']","['long', 'warranty', 'kandy']",long warranty kandy
Can I pay by card?,"Yes, Visa and Mastercard are accepted.",Payment,can i pay by card?,can i pay by card,"['can', 'i', 'pay', 'by', 'card']","['pay', 'card']","['pay', 'card']","['pay', 'card']",pay card
How much is screen replacement in Kandy?,The cost depends on the model.,Repair,how much is screen replacement in kandy?,how much is screen replacement in kandy,"['how', 'much', 'is', 'screen', 'replacement', 'in', 'kandy']","['much', 'screen', 'replacement', 'kandy']","['much', 'screen', 'replac', 'kandi']","['much', 'screen', 'replacement', 'kandy']",much screen replacement kandy
How long does delivery take for iPhones?,Usually 1-3 working days.,Delivery,how long does delivery take for iphones?,how long does delivery take for iphones,"['how', 'long', 'does', 'delivery', 'take', 'for', 'iphones']","['long', 'delivery', 'take', 'iphones']","['long', 'deliveri', 'take', 'iphon']","['long', 'delivery', 'take', 'iphones']",long delivery take iphones
Is accidental damage covered please.,"No, accidental damage is not covered.",Warranty,is accidental damage covered please.,is accidental damage covered please,"['is', 'accidental', 'damage', 'covered', 'please']","['accidental', 'damage', 'covered', 'please']","['accident', 'damag', 'cover', 'pleas']","['accidental', 'damage', 'covered', 'please']",accidental damage covered please
How much is screen replacement in Kandy?,The cost depends on the model.,Repair,how much is screen replacement in kandy?,how much is screen replacement in kandy,"['how', 'much', 'is', 'screen', 'replacement', 'in', 'kandy']","['much', 'screen', 'replacement', 'kandy']","['much', 'screen', 'replac', 'kandi']","['much', 'screen', 'replacement', 'kandy']",much screen replacement kandy
How much is screen replacement today?,The cost depends on the model.,Repair,how much is screen replacement today?,how much is screen replacement today,"['how', 'much', 'is', 'screen', 'replacement', 'today']","['much', 'screen', 'replacement', 'today']","['much', 'screen', 'replac', 'today']","['much', 'screen', 'replacement', 'today']",much screen replacement today
Is accidental damage covered?,"No, accidental damage is not covered.",Warranty,is accidental damage covered?,is accidental damage covered,"['is', 'accidental', 'damage', 'covered']","['accidental', 'damage', 'covered']","['accident', 'damag', 'cover']","['accidental', 'damage', 'covered']",accidental damage covered
How long is the warranty this weekend?,Warranty depends on the brand and model.,Warranty,how long is the warranty this weekend?,how long is the warranty this weekend,"['how', 'long', 'is', 'the', 'warranty', 'this', 'weekend']","['long', 'warranty', 'weekend']","['long', 'warranti', 'weekend']","['long', 'warranty', 'weekend']",long warranty weekend
How long is the warranty please.,Warranty depends on the brand and model.,Warranty,how long is the warranty please.,how long is the warranty please,"['how', 'long', 'is', 'the', 'warranty', 'please']","['long', 'warranty', 'please']","['long', 'warranti', 'pleas']","['long', 'warranty', 'please']",long warranty please
Do phones have a warranty for Samsung phones?,"Yes, all eligible phones include a warranty.",Warranty,do phones have a warranty for samsung phones?,do phones have a warranty for samsung phones,"['do', 'phones', 'have', 'a', 'warranty', 'for', 'samsung', 'phones']","['phones', 'warranty', 'samsung', 'phones']","['phone', 'warranti', 'samsung', 'phone']","['phone', 'warranty', 'samsung', 'phone']",phone warranty samsung phone
Do you offer islandwide delivery today?,"Yes, we deliver across Sri Lanka.",Delivery,do you offer islandwide delivery today?,do you offer islandwide delivery today,"['do', 'you', 'offer', 'islandwide', 'delivery', 'today']","['offer', 'islandwide', 'delivery', 'today']","['offer', 'islandwid', 'deliveri', 'today']","['offer', 'islandwide', 'delivery', 'today']",offer islandwide delivery today
How long does delivery take today?,Usually 1-3 working days.,Delivery,how long does delivery take today?,how long does delivery take today,"['how', 'long', 'does', 'delivery', 'take', 'today']","['long', 'delivery', 'take', 'today']","['long', 'deliveri', 'take', 'today']","['long', 'delivery', 'take', 'today']",long delivery take today
Can you replace batteries please.,"Yes, battery replacement is available.",Repair,can you replace batteries please.,can you replace batteries please,"['can', 'you', 'replace', 'batteries', 'please']","['replace', 'batteries', 'please']","['replac', 'batteri', 'pleas']","['replace', 'battery', 'please']",replace battery please
How long does delivery take?,Usually 1-3 working days.,Delivery,how long does delivery take?,how long does delivery take,"['how', 'long', 'does', 'delivery', 'take']","['long', 'delivery', 'take']","['long', 'deliveri', 'take']","['long', 'delivery', 'take']",long delivery take
Do you open on Sundays?,"Yes, we are open every day.",Store,do you open on sundays?,do you open on sundays,"['do', 'you', 'open', 'on', 'sundays']","['open', 'sundays']","['open', 'sunday']","['open', 'sunday']",open sunday
How long is the warranty for iPhones?,Warranty depends on the brand and model.,Warranty,how long is the warranty for iphones?,how long is the warranty for iphones,"['how', 'long', 'is', 'the', 'warranty', 'for', 'iphones']","['long', 'warranty', 'iphones']","['long', 'warranti', 'iphon']","['long', 'warranty', 'iphones']",long warranty iphones
Do you offer installments this weekend?,"Yes, selected banks are supported.",Payment,do you offer installments this weekend?,do you offer installments this weekend,"['do', 'you', 'offer', 'installments', 'this', 'weekend']","['offer', 'installments', 'weekend']","['offer', 'instal', 'weekend']","['offer', 'installment', 'weekend']",offer installment weekend
Do you repair iPhones for iPhones?,"Yes, we repair supported iPhone models.",Repair,do you repair iphones for iphones?,do you repair iphones for iphones,"['do', 'you', 'repair', 'iphones', 'for', 'iphones']","['repair', 'iphones', 'iphones']","['repair', 'iphon', 'iphon']","['repair', 'iphones', 'iphones']",repair iphones iphones
Can you replace batteries for iPhones?,"Yes, battery replacement is available.",Repair,can you replace batteries for iphones?,can you replace batteries for iphones,"['can', 'you', 'replace', 'batteries', 'for', 'iphones']","['replace', 'batteries', 'iphones']","['replac', 'batteri', 'iphon']","['replace', 'battery', 'iphones']",replace battery iphones
Can I pay by card today?,"Yes, Visa and Mastercard are accepted.",Payment,can i pay by card today?,can i pay by card today,"['can', 'i', 'pay', 'by', 'card', 'today']","['pay', 'card', 'today']","['pay', 'card', 'today']","['pay', 'card', 'today']",pay card today
Can I pay online please.,"Yes, online payments are accepted.",Payment,can i pay online please.,can i pay online please,"['can', 'i', 'pay', 'online', 'please']","['pay', 'online', 'please']","['pay', 'onlin', 'pleas']","['pay', 'online', 'please']",pay online please
Is accidental damage covered this weekend?,"No, accidental damage is not covered.",Warranty,is accidental damage covered this weekend?,is accidental damage covered this weekend,"['is', 'accidental', 'damage', 'covered', 'this', 'weekend']","['accidental', 'damage', 'covered', 'weekend']","['accident', 'damag', 'cover', 'weekend']","['accidental', 'damage', 'covered', 'weekend']",accidental damage covered weekend
How long is the warranty for Samsung phones?,Warranty depends on the brand and model.,Warranty,how long is the warranty for samsung phones?,how long is the warranty for samsung phones,"['how', 'long', 'is', 'the', 'warranty', 'for', 'samsung', 'phones']","['long', 'warranty', 'samsung', 'phones']","['long', 'warranti', 'samsung', 'phone']","['long', 'warranty', 'samsung', 'phone']",long warranty samsung phone
Can I pay online this weekend?,"Yes, online payments are accepted.",Payment,can i pay online this weekend?,can i pay online this weekend,"['can', 'i', 'pay', 'online', 'this', 'weekend']","['pay', 'online', 'weekend']","['pay', 'onlin', 'weekend']","['pay', 'online', 'weekend']",pay online weekend
Can I track my order in Kandy?,"Yes, we'll provide a tracking update.",Delivery,can i track my order in kandy?,can i track my order in kandy,"['can', 'i', 'track', 'my', 'order', 'in', 'kandy']","['track', 'order', 'kandy']","['track', 'order', 'kandi']","['track', 'order', 'kandy']",track order kandy
How long does delivery take for iPhones?,Usually 1-3 working days.,Delivery,how long does delivery take for iphones?,how long does delivery take for iphones,"['how', 'long', 'does', 'delivery', 'take', 'for', 'iphones']","['long', 'delivery', 'take', 'iphones']","['long', 'deliveri', 'take', 'iphon']","['long', 'delivery', 'take', 'iphones']",long delivery take iphones
Do you repair iPhones for iPhones?,"Yes, we repair supported iPhone models.",Repair,do you repair iphones for iphones?,do you repair iphones for iphones,"['do', 'you', 'repair', 'iphones', 'for', 'iphones']","['repair', 'iphones', 'iphones']","['repair', 'iphon', 'iphon']","['repair', 'iphones', 'iphones']",repair iphones iphones
Where is your shop located?,We are located in Colombo.,Store,where is your shop located?,where is your shop located,"['where', 'is', 'your', 'shop', 'located']","['shop', 'located']","['shop', 'locat']","['shop', 'located']",shop located
How much is screen replacement?,The cost depends on the model.,Repair,how much is screen replacement?,how much is screen replacement,"['how', 'much', 'is', 'screen', 'replacement']","['much', 'screen', 'replacement']","['much', 'screen', 'replac']","['much', 'screen', 'replacement']",much screen replacement
Do you offer islandwide delivery in Kandy?,"Yes, we deliver across Sri Lanka.",Delivery,do you offer islandwide delivery in kandy?,do you offer islandwide delivery in kandy,"['do', 'you', 'offer', 'islandwide', 'delivery', 'in', 'kandy']","['offer', 'islandwide', 'delivery', 'kandy']","['offer', 'islandwid', 'deliveri', 'kandi']","['offer', 'islandwide', 'delivery', 'kandy']",offer islandwide delivery kandy
Can I pay online today?,"Yes, online payments are accepted.",Payment,can i pay online today?,can i pay online today,"['can', 'i', 'pay', 'online', 'today']","['pay', 'online', 'today']","['pay', 'onlin', 'today']","['pay', 'online', 'today']",pay online today
What are your opening hours for Samsung phones?,We are open daily from 9:00 AM to 8:00 PM.,Store,what are your opening hours for samsung phones?,what are your opening hours for samsung phones,"['what', 'are', 'your', 'opening', 'hours', 'for', 'samsung', 'phones']","['opening', 'hours', 'samsung', 'phones']","['open', 'hour', 'samsung', 'phone']","['opening', 'hour', 'samsung', 'phone']",opening hour samsung phone
What are your opening hours?,We are open daily from 9:00 AM to 8:00 PM.,Store,what are your opening hours?,what are your opening hours,"['what', 'are', 'your', 'opening', 'hours']","['opening', 'hours']","['open', 'hour']","['opening', 'hour']",opening hour
Can I pay online this weekend?,"Yes, online payments are accepted.",Payment,can i pay online this weekend?,can i pay online this weekend,"['can', 'i', 'pay', 'online', 'this', 'weekend']","['pay', 'online', 'weekend']","['pay', 'onlin', 'weekend']","['pay', 'online', 'weekend']",pay online weekend
Can I pay by card this weekend?,"Yes, Visa and Mastercard are accepted.",Payment,can i pay by card this weekend?,can i pay by card this weekend,"['can', 'i', 'pay', 'by', 'card', 'this', 'weekend']","['pay', 'card', 'weekend']","['pay', 'card', 'weekend']","['pay', 'card', 'weekend']",pay card weekend
Can you replace batteries this weekend?,"Yes, battery replacement is available.",Repair,can you replace batteries this weekend?,can you replace batteries this weekend,"['can', 'you', 'replace', 'batteries', 'this', 'weekend']","['replace', 'batteries', 'weekend']","['replac', 'batteri', 'weekend']","['replace', 'battery', 'weekend']",replace battery weekend
Can I track my order for Samsung phones?,"Yes, we'll provide a tracking update.",Delivery,can i track my order for samsung phones?,can i track my order for samsung phones,"['can', 'i', 'track', 'my', 'order', 'for', 'samsung', 'phones']","['track', 'order', 'samsung', 'phones']","['track', 'order', 'samsung', 'phone']","['track', 'order', 'samsung', 'phone']",track order samsung phone
Do phones have a warranty for Samsung phones?,"Yes, all eligible phones include a warranty.",Warranty,do phones have a warranty for samsung phones?,do phones have a warranty for samsung phones,"['do', 'phones', 'have', 'a', 'warranty', 'for', 'samsung', 'phones']","['phones', 'warranty', 'samsung', 'phones']","['phone', 'warranti', 'samsung', 'phone']","['phone', 'warranty', 'samsung', 'phone']",phone warranty samsung phone
How much is screen replacement today?,The cost depends on the model.,Repair,how much is screen replacement today?,how much is screen replacement today,"['how', 'much', 'is', 'screen', 'replacement', 'today']","['much', 'screen', 'replacement', 'today']","['much', 'screen', 'replac', 'today']","['much', 'screen', 'replacement', 'today']",much screen replacement today
Can I track my order for iPhones?,"Yes, we'll provide a tracking update.",Delivery,can i track my order for iphones?,can i track my order for iphones,"['can', 'i', 'track', 'my', 'order', 'for', 'iphones']","['track', 'order', 'iphones']","['track', 'order', 'iphon']","['track', 'order', 'iphones']",track order iphones
Is accidental damage covered?,"No, accidental damage is not covered.",Warranty,is accidental damage covered?,is accidental damage covered,"['is', 'accidental', 'damage', 'covered']","['accidental', 'damage', 'covered']","['accident', 'damag', 'cover']","['accidental', 'damage', 'covered']",accidental damage covered
What are your opening hours in Kandy?,We are open daily from 9:00 AM to 8:00 PM.,Store,what are your opening hours in kandy?,what are your opening hours in kandy,"['what', 'are', 'your', 'opening', 'hours', 'in', 'kandy']","['opening', 'hours', 'kandy']","['open', 'hour', 'kandi']","['opening', 'hour', 'kandy']",opening hour kandy
Is accidental damage covered this weekend?,"No, accidental damage is not covered.",Warranty,is accidental damage covered this weekend?,is accidental damage covered this weekend,"['is', 'accidental', 'damage', 'covered', 'this', 'weekend']","['accidental', 'damage', 'covered', 'weekend']","['accident', 'damag', 'cover', 'weekend']","['accidental', 'damage', 'covered', 'weekend']",accidental damage covered weekend
Is accidental damage covered for Samsung phones?,"No, accidental damage is not covered.",Warranty,is accidental damage covered for samsung phones?,is accidental damage covered for samsung phones,"['is', 'accidental', 'damage', 'covered', 'for', 'samsung', 'phones']","['accidental', 'damage', 'covered', 'samsung', 'phones']","['accident', 'damag', 'cover', 'samsung', 'phone']","['accidental', 'damage', 'covered', 'samsung', 'phone']",accidental damage covered samsung phone
Do you offer installments?,"Yes, selected banks are supported.",Payment,do you offer installments?,do you offer installments,"['do', 'you', 'offer', 'installments']","['offer', 'installments']","['offer', 'instal']","['offer', 'installment']",offer installment
Can I track my order this weekend?,"Yes, we'll provide a tracking update.",Delivery,can i track my order this weekend?,can i track my order this weekend,"['can', 'i', 'track', 'my', 'order', 'this', 'weekend']","['track', 'order', 'weekend']","['track', 'order', 'weekend']","['track', 'order', 'weekend']",track order weekend
Is accidental damage covered this weekend?,"No, accidental damage is not covered.",Warranty,is accidental damage covered this weekend?,is accidental damage covered this weekend,"['is', 'accidental', 'damage', 'covered', 'this', 'weekend']","['accidental', 'damage', 'covered', 'weekend']","['accident', 'damag', 'cover', 'weekend']","['accidental', 'damage', 'covered', 'weekend']",accidental damage covered weekend
Can you replace batteries?,"Yes, battery replacement is available.",Repair,can you replace batteries?,can you replace batteries,"['can', 'you', 'replace', 'batteries']","['replace', 'batteries']","['replac', 'batteri']","['replace', 'battery']",replace battery
How long is the warranty for iPhones?,Warranty depends on the brand and model.,Warranty,how long is the warranty for iphones?,how long is the warranty for iphones,"['how', 'long', 'is', 'the', 'warranty', 'for', 'iphones']","['long', 'warranty', 'iphones']","['long', 'warranti', 'iphon']","['long', 'warranty', 'iphones']",long warranty iphones
Do you open on Sundays please.,"Yes, we are open every day.",Store,do you open on sundays please.,do you open on sundays please,"['do', 'you', 'open', 'on', 'sundays', 'please']","['open', 'sundays', 'please']","['open', 'sunday', 'pleas']","['open', 'sunday', 'please']",open sunday please
How much is screen replacement for Samsung phones?,The cost depends on the model.,Repair,how much is screen replacement for samsung phones?,how much is screen replacement for samsung phones,"['how', 'much', 'is', 'screen', 'replacement', 'for', 'samsung', 'phones']","['much', 'screen', 'replacement', 'samsung', 'phones']","['much', 'screen', 'replac', 'samsung', 'phone']","['much', 'screen', 'replacement', 'samsung', 'phone']",much screen replacement samsung phone
Do you offer installments please.,"Yes, selected banks are supported.",Payment,do you offer installments please.,do you offer installments please,"['do', 'you', 'offer', 'installments', 'please']","['offer', 'installments', 'please']","['offer', 'instal', 'pleas']","['offer', 'installment', 'please']",offer installment please
How much is screen replacement for Samsung phones?,The cost depends on the model.,Repair,how much is screen replacement for samsung phones?,how much is screen replacement for samsung phones,"['how', 'much', 'is', 'screen', 'replacement', 'for', 'samsung', 'phones']","['much', 'screen', 'replacement', 'samsung', 'phones']","['much', 'screen', 'replac', 'samsung', 'phone']","['much', 'screen', 'replacement', 'samsung', 'phone']",much screen replacement samsung phone
What are your opening hours today?,We are open daily from 9:00 AM to 8:00 PM.,Store,what are your opening hours today?,what are your opening hours today,"['what', 'are', 'your', 'opening', 'hours', 'today']","['opening', 'hours', 'today']","['open', 'hour', 'today']","['opening', 'hour', 'today']",opening hour today
How much is screen replacement today?,The cost depends on the model.,Repair,how much is screen replacement today?,how much is screen replacement today,"['how', 'much', 'is', 'screen', 'replacement', 'today']","['much', 'screen', 'replacement', 'today']","['much', 'screen', 'replac', 'today']","['much', 'screen', 'replacement', 'today']",much screen replacement today
Can I pay online in Kandy?,"Yes, online payments are accepted.",Payment,can i pay online in kandy?,can i pay online in kandy,"['can', 'i', 'pay', 'online', 'in', 'kandy']","['pay', 'online', 'kandy']","['pay', 'onlin', 'kandi']","['pay', 'online', 'kandy']",pay online kandy
Do you offer installments this weekend?,"Yes, selected banks are supported.",Payment,do you offer installments this weekend?,do you offer installments this weekend,"['do', 'you', 'offer', 'installments', 'this', 'weekend']","['offer', 'installments', 'weekend']","['offer', 'instal', 'weekend']","['offer', 'installment', 'weekend']",offer installment weekend
Can I pay by card for Samsung phones?,"Yes, Visa and Mastercard are accepted.",Payment,can i pay by card for samsung phones?,can i pay by card for samsung phones,"['can', 'i', 'pay', 'by', 'card', 'for', 'samsung', 'phones']","['pay', 'card', 'samsung', 'phones']","['pay', 'card', 'samsung', 'phone']","['pay', 'card', 'samsung', 'phone']",pay card samsung phone
How long is the warranty?,Warranty depends on the brand and model.,Warranty,how long is the warranty?,how long is the warranty,"['how', 'long', 'is', 'the', 'warranty']","['long', 'warranty']","['long', 'warranti']","['long', 'warranty']",long warranty
Is accidental damage covered?,"No, accidental damage is not covered.",Warranty,is accidental damage covered?,is accidental damage covered,"['is', 'accidental', 'damage', 'covered']","['accidental', 'damage', 'covered']","['accident', 'damag', 'cover']","['accidental', 'damage', 'covered']",accidental damage covered
Do you offer installments for iPhones?,"Yes, selected banks are supported.",Payment,do you offer installments for iphones?,do you offer installments for iphones,"['do', 'you', 'offer', 'installments', 'for', 'iphones']","['offer', 'installments', 'iphones']","['offer', 'instal', 'iphon']","['offer', 'installment', 'iphones']",offer installment iphones
Do you offer islandwide delivery for iPhones?,"Yes, we deliver across Sri Lanka.",Delivery,do you offer islandwide delivery for iphones?,do you offer islandwide delivery for iphones,"['do', 'you', 'offer', 'islandwide', 'delivery', 'for', 'iphones']","['offer', 'islandwide', 'delivery', 'iphones']","['offer', 'islandwid', 'deliveri', 'iphon']","['offer', 'islandwide', 'delivery', 'iphones']",offer islandwide delivery iphones
Do you repair iPhones please.,"Yes, we repair supported iPhone models.",Repair,do you repair iphones please.,do you repair iphones please,"['do', 'you', 'repair', 'iphones', 'please']","['repair', 'iphones', 'please']","['repair', 'iphon', 'pleas']","['repair', 'iphones', 'please']",repair iphones please
How much is screen replacement today?,The cost depends on the model.,Repair,how much is screen replacement today?,how much is screen replacement today,"['how', 'much', 'is', 'screen', 'replacement', 'today']","['much', 'screen', 'replacement', 'today']","['much', 'screen', 'replac', 'today']","['much', 'screen', 'replacement', 'today']",much screen replacement today
How much is screen replacement this weekend?,The cost depends on the model.,Repair,how much is screen replacement this weekend?,how much is screen replacement this weekend,"['how', 'much', 'is', 'screen', 'replacement', 'this', 'weekend']","['much', 'screen', 'replacement', 'weekend']","['much', 'screen', 'replac', 'weekend']","['much', 'screen', 'replacement', 'weekend']",much screen replacement weekend
How long does delivery take for iPhones?,Usually 1-3 working days.,Delivery,how long does delivery take for iphones?,how long does delivery take for iphones,"['how', 'long', 'does', 'delivery', 'take', 'for', 'iphones']","['long', 'delivery', 'take', 'iphones']","['long', 'deliveri', 'take', 'iphon']","['long', 'delivery', 'take', 'iphones']",long delivery take iphones
Can I track my order this weekend?,"Yes, we'll provide a tracking update.",Delivery,can i track my order this weekend?,can i track my order this weekend,"['can', 'i', 'track', 'my', 'order', 'this', 'weekend']","['track', 'order', 'weekend']","['track', 'order', 'weekend']","['track', 'order', 'weekend']",track order weekend
Can I pay online today?,"Yes, online payments are accepted.",Payment,can i pay online today?,can i pay online today,"['can', 'i', 'pay', 'online', 'today']","['pay', 'online', 'today']","['pay', 'onlin', 'today']","['pay', 'online', 'today']",pay online today
Do phones have a warranty in Kandy?,"Yes, all eligible phones include a warranty.",Warranty,do phones have a warranty in kandy?,do phones have a warranty in kandy,"['do', 'phones', 'have', 'a', 'warranty', 'in', 'kandy']","['phones', 'warranty', 'kandy']","['phone', 'warranti', 'kandi']","['phone', 'warranty', 'kandy']",phone warranty kandy
How long is the warranty please.,Warranty depends on the brand and model.,Warranty,how long is the warranty please.,how long is the warranty please,"['how', 'long', 'is', 'the', 'warranty', 'please']","['long', 'warranty', 'please']","['long', 'warranti', 'pleas']","['long', 'warranty', 'please']",long warranty please
Do phones have a warranty in Kandy?,"Yes, all eligible phones include a warranty.",Warranty,do phones have a warranty in kandy?,do phones have a warranty in kandy,"['do', 'phones', 'have', 'a', 'warranty', 'in', 'kandy']","['phones', 'warranty', 'kandy']","['phone', 'warranti', 'kandi']","['phone', 'warranty', 'kandy']",phone warranty kandy
Do you offer islandwide delivery for Samsung phones?,"Yes, we deliver across Sri Lanka.",Delivery,do you offer islandwide delivery for samsung phones?,do you offer islandwide delivery for samsung phones,"['do', 'you', 'offer', 'islandwide', 'delivery', 'for', 'samsung', 'phones']","['offer', 'islandwide', 'delivery', 'samsung', 'phones']","['offer', 'islandwid', 'deliveri', 'samsung', 'phone']","['offer', 'islandwide', 'delivery', 'samsung', 'phone']",offer islandwide delivery samsung phone
How long does delivery take?,Usually 1-3 working days.,Delivery,how long does delivery take?,how long does delivery take,"['how', 'long', 'does', 'delivery', 'take']","['long', 'delivery', 'take']","['long', 'deliveri', 'take']","['long', 'delivery', 'take']",long delivery take
How much is screen replacement today?,The cost depends on the model.,Repair,how much is screen replacement today?,how much is screen replacement today,"['how', 'much', 'is', 'screen', 'replacement', 'today']","['much', 'screen', 'replacement', 'today']","['much', 'screen', 'replac', 'today']","['much', 'screen', 'replacement', 'today']",much screen replacement today
How much is screen replacement for iPhones?,The cost depends on the model.,Repair,how much is screen replacement for iphones?,how much is screen replacement for iphones,"['how', 'much', 'is', 'screen', 'replacement', 'for', 'iphones']","['much', 'screen', 'replacement', 'iphones']","['much', 'screen', 'replac', 'iphon']","['much', 'screen', 'replacement', 'iphones']",much screen replacement iphones
Is accidental damage covered today?,"No, accidental damage is not covered.",Warranty,is accidental damage covered today?,is accidental damage covered today,"['is', 'accidental', 'damage', 'covered', 'today']","['accidental', 'damage', 'covered', 'today']","['accident', 'damag', 'cover', 'today']","['accidental', 'damage', 'covered', 'today']",accidental damage covered today
Do you offer installments?,"Yes, selected banks are supported.",Payment,do you offer installments?,do you offer installments,"['do', 'you', 'offer', 'installments']","['offer', 'installments']","['offer', 'instal']","['offer', 'installment']",offer installment
Do you open on Sundays for Samsung phones?,"Yes, we are open every day.",Store,do you open on sundays for samsung phones?,do you open on sundays for samsung phones,"['do', 'you', 'open', 'on', 'sundays', 'for', 'samsung', 'phones']","['open', 'sundays', 'samsung', 'phones']","['open', 'sunday', 'samsung', 'phone']","['open', 'sunday', 'samsung', 'phone']",open sunday samsung phone
Where is your shop located please.,We are located in Colombo.,Store,where is your shop located please.,where is your shop located please,"['where', 'is', 'your', 'shop', 'located', 'please']","['shop', 'located', 'please']","['shop', 'locat', 'pleas']","['shop', 'located', 'please']",shop located please
Can I pay online this weekend?,"Yes, online payments are accepted.",Payment,can i pay online this weekend?,can i pay online this weekend,"['can', 'i', 'pay', 'online', 'this', 'weekend']","['pay', 'online', 'weekend']","['pay', 'onlin', 'weekend']","['pay', 'online', 'weekend']",pay online weekend
Can I pay online in Kandy?,"Yes, online payments are accepted.",Payment,can i pay online in kandy?,can i pay online in kandy,"['can', 'i', 'pay', 'online', 'in', 'kandy']","['pay', 'online', 'kandy']","['pay', 'onlin', 'kandi']","['pay', 'online', 'kandy']",pay online kandy
Do you offer islandwide delivery please.,"Yes, we deliver across Sri Lanka.",Delivery,do you offer islandwide delivery please.,do you offer islandwide delivery please,"['do', 'you', 'offer', 'islandwide', 'delivery', 'please']","['offer', 'islandwide', 'delivery', 'please']","['offer', 'islandwid', 'deliveri', 'pleas']","['offer', 'islandwide', 'delivery', 'please']",offer islandwide delivery please
How long does delivery take this weekend?,Usually 1-3 working days.,Delivery,how long does delivery take this weekend?,how long does delivery take this weekend,"['how', 'long', 'does', 'delivery', 'take', 'this', 'weekend']","['long', 'delivery', 'take', 'weekend']","['long', 'deliveri', 'take', 'weekend']","['long', 'delivery', 'take', 'weekend']",long delivery take weekend
Do you offer installments for iPhones?,"Yes, selected banks are supported.",Payment,do you offer installments for iphones?,do you offer installments for iphones,"['do', 'you', 'offer', 'installments', 'for', 'iphones']","['offer', 'installments', 'iphones']","['offer', 'instal', 'iphon']","['offer', 'installment', 'iphones']",offer installment iphones
How much is screen replacement this weekend?,The cost depends on the model.,Repair,how much is screen replacement this weekend?,how much is screen replacement this weekend,"['how', 'much', 'is', 'screen', 'replacement', 'this', 'weekend']","['much', 'screen', 'replacement', 'weekend']","['much', 'screen', 'replac', 'weekend']","['much', 'screen', 'replacement', 'weekend']",much screen replacement weekend
Is accidental damage covered today?,"No, accidental damage is not covered.",Warranty,is accidental damage covered today?,is accidental damage covered today,"['is', 'accidental', 'damage', 'covered', 'today']","['accidental', 'damage', 'covered', 'today']","['accident', 'damag', 'cover', 'today']","['accidental', 'damage', 'covered', 'today']",accidental damage covered today
Can I track my order today?,"Yes, we'll provide a tracking update.",Delivery,can i track my order today?,can i track my order today,"['can', 'i', 'track', 'my', 'order', 'today']","['track', 'order', 'today']","['track', 'order', 'today']","['track', 'order', 'today']",track order today
Can I pay by card in Kandy?,"Yes, Visa and Mastercard are accepted.",Payment,can i pay by card in kandy?,can i pay by card in kandy,"['can', 'i', 'pay', 'by', 'card', 'in', 'kandy']","['pay', 'card', 'kandy']","['pay', 'card', 'kandi']","['pay', 'card', 'kandy']",pay card kandy
How much is screen replacement in Kandy?,The cost depends on the model.,Repair,how much is screen replacement in kandy?,how much is screen replacement in kandy,"['how', 'much', 'is', 'screen', 'replacement', 'in', 'kandy']","['much', 'screen', 'replacement', 'kandy']","['much', 'screen', 'replac', 'kandi']","['much', 'screen', 'replacement', 'kandy']",much screen replacement kandy
Can you replace batteries please.,"Yes, battery replacement is available.",Repair,can you replace batteries please.,can you replace batteries please,"['can', 'you', 'replace', 'batteries', 'please']","['replace', 'batteries', 'please']","['replac', 'batteri', 'pleas']","['replace', 'battery', 'please']",replace battery please
Can I track my order please.,"Yes, we'll provide a tracking update.",Delivery,can i track my order please.,can i track my order please,"['can', 'i', 'track', 'my', 'order', 'please']","['track', 'order', 'please']","['track', 'order', 'pleas']","['track', 'order', 'please']",track order please
How long is the warranty please.,Warranty depends on the brand and model.,Warranty,how long is the warranty please.,how long is the warranty please,"['how', 'long', 'is', 'the', 'warranty', 'please']","['long', 'warranty', 'please']","['long', 'warranti', 'pleas']","['long', 'warranty', 'please']",long warranty please
Is accidental damage covered please.,"No, accidental damage is not covered.",Warranty,is accidental damage covered please.,is accidental damage covered please,"['is', 'accidental', 'damage', 'covered', 'please']","['accidental', 'damage', 'covered', 'please']","['accident', 'damag', 'cover', 'pleas']","['accidental', 'damage', 'covered', 'please']",accidental damage covered please
How long does delivery take for iPhones?,Usually 1-3 working days.,Delivery,how long does delivery take for iphones?,how long does delivery take for iphones,"['how', 'long', 'does', 'delivery', 'take', 'for', 'iphones']","['long', 'delivery', 'take', 'iphones']","['long', 'deliveri', 'take', 'iphon']","['long', 'delivery', 'take', 'iphones']",long delivery take iphones
What are your opening hours in Kandy?,We are open daily from 9:00 AM to 8:00 PM.,Store,what are your opening hours in kandy?,what are your opening hours in kandy,"['what', 'are', 'your', 'opening', 'hours', 'in', 'kandy']","['opening', 'hours', 'kandy']","['open', 'hour', 'kandi']","['opening', 'hour', 'kandy']",opening hour kandy
Can I pay online?,"Yes, online payments are accepted.",Payment,can i pay online?,can i pay online,"['can', 'i', 'pay', 'online']","['pay', 'online']","['pay', 'onlin']","['pay', 'online']",pay online
Can I track my order this weekend?,"Yes, we'll provide a tracking update.",Delivery,can i track my order this weekend?,can i track my order this weekend,"['can', 'i', 'track', 'my', 'order', 'this', 'weekend']","['track', 'order', 'weekend']","['track', 'order', 'weekend']","['track', 'order', 'weekend']",track order weekend
How much is screen replacement please.,The cost depends on the model.,Repair,how much is screen replacement please.,how much is screen replacement please,"['how', 'much', 'is', 'screen', 'replacement', 'please']","['much', 'screen', 'replacement', 'please']","['much', 'screen', 'replac', 'pleas']","['much', 'screen', 'replacement', 'please']",much screen replacement please
Is accidental damage covered?,"No, accidental damage is not covered.",Warranty,is accidental damage covered?,is accidental damage covered,"['is', 'accidental', 'damage', 'covered']","['accidental', 'damage', 'covered']","['accident', 'damag', 'cover']","['accidental', 'damage', 'covered']",accidental damage covered
Do you repair iPhones in Kandy?,"Yes, we repair supported iPhone models.",Repair,do you repair iphones in kandy?,do you repair iphones in kandy,"['do', 'you', 'repair', 'iphones', 'in', 'kandy']","['repair', 'iphones', 'kandy']","['repair', 'iphon', 'kandi']","['repair', 'iphones', 'kandy']",repair iphones kandy
Can I pay online today?,"Yes, online payments are accepted.",Payment,can i pay online today?,can i pay online today,"['can', 'i', 'pay', 'online', 'today']","['pay', 'online', 'today']","['pay', 'onlin', 'today']","['pay', 'online', 'today']",pay online today
Do you offer installments today?,"Yes, selected banks are supported.",Payment,do you offer installments today?,do you offer installments today,"['do', 'you', 'offer', 'installments', 'today']","['offer', 'installments', 'today']","['offer', 'instal', 'today']","['offer', 'installment', 'today']",offer installment today
Is accidental damage covered this weekend?,"No, accidental damage is not covered.",Warranty,is accidental damage covered this weekend?,is accidental damage covered this weekend,"['is', 'accidental', 'damage', 'covered', 'this', 'weekend']","['accidental', 'damage', 'covered', 'weekend']","['accident', 'damag', 'cover', 'weekend']","['accidental', 'damage', 'covered', 'weekend']",accidental damage covered weekend
How long does delivery take this weekend?,Usually 1-3 working days.,Delivery,how long does delivery take this weekend?,how long does delivery take this weekend,"['how', 'long', 'does', 'delivery', 'take', 'this', 'weekend']","['long', 'delivery', 'take', 'weekend']","['long', 'deliveri', 'take', 'weekend']","['long', 'delivery', 'take', 'weekend']",long delivery take weekend
Where is your shop located please.,We are located in Colombo.,Store,where is your shop located please.,where is your shop located please,"['where', 'is', 'your', 'shop', 'located', 'please']","['shop', 'located', 'please']","['shop', 'locat', 'pleas']","['shop', 'located', 'please']",shop located please
Do you offer installments?,"Yes, selected banks are supported.",Payment,do you offer installments?,do you offer installments,"['do', 'you', 'offer', 'installments']","['offer', 'installments']","['offer', 'instal']","['offer', 'installment']",offer installment
How long does delivery take for iPhones?,Usually 1-3 working days.,Delivery,how long does delivery take for iphones?,how long does delivery take for iphones,"['how', 'long', 'does', 'delivery', 'take', 'for', 'iphones']","['long', 'delivery', 'take', 'iphones']","['long', 'deliveri', 'take', 'iphon']","['long', 'delivery', 'take', 'iphones']",long delivery take iphones
How much is screen replacement?,The cost depends on the model.,Repair,how much is screen replacement?,how much is screen replacement,"['how', 'much', 'is', 'screen', 'replacement']","['much', 'screen', 'replacement']","['much', 'screen', 'replac']","['much', 'screen', 'replacement']",much screen replacement
How long is the warranty in Kandy?,Warranty depends on the brand and model.,Warranty,how long is the warranty in kandy?,how long is the warranty in kandy,"['how', 'long', 'is', 'the', 'warranty', 'in', 'kandy']","['long', 'warranty', 'kandy']","['long', 'warranti', 'kandi']","['long', 'warranty', 'kandy']",long warranty kandy
Do you offer islandwide delivery?,"Yes, we deliver across Sri Lanka.",Delivery,do you offer islandwide delivery?,do you offer islandwide delivery,"['do', 'you', 'offer', 'islandwide', 'delivery']","['offer', 'islandwide', 'delivery']","['offer', 'islandwid', 'deliveri']","['offer', 'islandwide', 'delivery']",offer islandwide delivery
Can I pay online please.,"Yes, online payments are accepted.",Payment,can i pay online please.,can i pay online please,"['can', 'i', 'pay', 'online', 'please']","['pay', 'online', 'please']","['pay', 'onlin', 'pleas']","['pay', 'online', 'please']",pay online please
How much is screen replacement this weekend?,The cost depends on the model.,Repair,how much is screen replacement this weekend?,how much is screen replacement this weekend,"['how', 'much', 'is', 'screen', 'replacement', 'this', 'weekend']","['much', 'screen', 'replacement', 'weekend']","['much', 'screen', 'replac', 'weekend']","['much', 'screen', 'replacement', 'weekend']",much screen replacement weekend
Do you offer installments for iPhones?,"Yes, selected banks are supported.",Payment,do you offer installments for iphones?,do you offer installments for iphones,"['do', 'you', 'offer', 'installments', 'for', 'iphones']","['offer', 'installments', 'iphones']","['offer', 'instal', 'iphon']","['offer', 'installment', 'iphones']",offer installment iphones
Do phones have a warranty please.,"Yes, all eligible phones include a warranty.",Warranty,do phones have a warranty please.,do phones have a warranty please,"['do', 'phones', 'have', 'a', 'warranty', 'please']","['phones', 'warranty', 'please']","['phone', 'warranti', 'pleas']","['phone', 'warranty', 'please']",phone warranty please
Do you offer installments for Samsung phones?,"Yes, selected banks are supported.",Payment,do you offer installments for samsung phones?,do you offer installments for samsung phones,"['do', 'you', 'offer', 'installments', 'for', 'samsung', 'phones']","['offer', 'installments', 'samsung', 'phones']","['offer', 'instal', 'samsung', 'phone']","['offer', 'installment', 'samsung', 'phone']",offer installment samsung phone
Can I pay by card please.,"Yes, Visa and Mastercard are accepted.",Payment,can i pay by card please.,can i pay by card please,"['can', 'i', 'pay', 'by', 'card', 'please']","['pay', 'card', 'please']","['pay', 'card', 'pleas']","['pay', 'card', 'please']",pay card please
Can I pay by card for iPhones?,"Yes, Visa and Mastercard are accepted.",Payment,can i pay by card for iphones?,can i pay by card for iphones,"['can', 'i', 'pay', 'by', 'card', 'for', 'iphones']","['pay', 'card', 'iphones']","['pay', 'card', 'iphon']","['pay', 'card', 'iphones']",pay card iphones
Do you offer installments for Samsung phones?,"Yes, selected banks are supported.",Payment,do you offer installments for samsung phones?,do you offer installments for samsung phones,"['do', 'you', 'offer', 'installments', 'for', 'samsung', 'phones']","['offer', 'installments', 'samsung', 'phones']","['offer', 'instal', 'samsung', 'phone']","['offer', 'installment', 'samsung', 'phone']",offer installment samsung phone
Do you offer installments please.,"Yes, selected banks are supported.",Payment,do you offer installments please.,do you offer installments please,"['do', 'you', 'offer', 'installments', 'please']","['offer', 'installments', 'please']","['offer', 'instal', 'pleas']","['offer', 'installment', 'please']",offer installment please
How long is the warranty for iPhones?,Warranty depends on the brand and model.,Warranty,how long is the warranty for iphones?,how long is the warranty for iphones,"['how', 'long', 'is', 'the', 'warranty', 'for', 'iphones']","['long', 'warranty', 'iphones']","['long', 'warranti', 'iphon']","['long', 'warranty', 'iphones']",long warranty iphones
Can I track my order?,"Yes, we'll provide a tracking update.",Delivery,can i track my order?,can i track my order,"['can', 'i', 'track', 'my', 'order']","['track', 'order']","['track', 'order']","['track', 'order']",track order
How long is the warranty in Kandy?,Warranty depends on the brand and model.,Warranty,how long is the warranty in kandy?,how long is the warranty in kandy,"['how', 'long', 'is', 'the', 'warranty', 'in', 'kandy']","['long', 'warranty', 'kandy']","['long', 'warranti', 'kandi']","['long', 'warranty', 'kandy']",long warranty kandy
How much is screen replacement for iPhones?,The cost depends on the model.,Repair,how much is screen replacement for iphones?,how much is screen replacement for iphones,"['how', 'much', 'is', 'screen', 'replacement', 'for', 'iphones']","['much', 'screen', 'replacement', 'iphones']","['much', 'screen', 'replac', 'iphon']","['much', 'screen', 'replacement', 'iphones']",much screen replacement iphones
How much is screen replacement for Samsung phones?,The cost depends on the model.,Repair,how much is screen replacement for samsung phones?,how much is screen replacement for samsung phones,"['how', 'much', 'is', 'screen', 'replacement', 'for', 'samsung', 'phones']","['much', 'screen', 'replacement', 'samsung', 'phones']","['much', 'screen', 'replac', 'samsung', 'phone']","['much', 'screen', 'replacement', 'samsung', 'phone']",much screen replacement samsung phone
Do you open on Sundays?,"Yes, we are open every day.",Store,do you open on sundays?,do you open on sundays,"['do', 'you', 'open', 'on', 'sundays']","['open', 'sundays']","['open', 'sunday']","['open', 'sunday']",open sunday
Where is your shop located?,We are located in Colombo.,Store,where is your shop located?,where is your shop located,"['where', 'is', 'your', 'shop', 'located']","['shop', 'located']","['shop', 'locat']","['shop', 'located']",shop located
What are your opening hours in Kandy?,We are open daily from 9:00 AM to 8:00 PM.,Store,what are your opening hours in kandy?,what are your opening hours in kandy,"['what', 'are', 'your', 'opening', 'hours', 'in', 'kandy']","['opening', 'hours', 'kandy']","['open', 'hour', 'kandi']","['opening', 'hour', 'kandy']",opening hour kandy
Do you offer installments please.,"Yes, selected banks are supported.",Payment,do you offer installments please.,do you offer installments please,"['do', 'you', 'offer', 'installments', 'please']","['offer', 'installments', 'please']","['offer', 'instal', 'pleas']","['offer', 'installment', 'please']",offer installment please
Is accidental damage covered for iPhones?,"No, accidental damage is not covered.",Warranty,is accidental damage covered for iphones?,is accidental damage covered for iphones,"['is', 'accidental', 'damage', 'covered', 'for', 'iphones']","['accidental', 'damage', 'covered', 'iphones']","['accident', 'damag', 'cover', 'iphon']","['accidental', 'damage', 'covered', 'iphones']",accidental damage covered iphones
Do you offer installments please.,"Yes, selected banks are supported.",Payment,do you offer installments please.,do you offer installments please,"['do', 'you', 'offer', 'installments', 'please']","['offer', 'installments', 'please']","['offer', 'instal', 'pleas']","['offer', 'installment', 'please']",offer installment please
How long does delivery take?,Usually 1-3 working days.,Delivery,how long does delivery take?,how long does delivery take,"['how', 'long', 'does', 'delivery', 'take']","['long', 'delivery', 'take']","['long', 'deliveri', 'take']","['long', 'delivery', 'take']",long delivery take
Do you offer islandwide delivery this weekend?,"Yes, we deliver across Sri Lanka.",Delivery,do you offer islandwide delivery this weekend?,do you offer islandwide delivery this weekend,"['do', 'you', 'offer', 'islandwide', 'delivery', 'this', 'weekend']","['offer', 'islandwide', 'delivery', 'weekend']","['offer', 'islandwid', 'deliveri', 'weekend']","['offer', 'islandwide', 'delivery', 'weekend']",offer islandwide delivery weekend
Do you offer installments in Kandy?,"Yes, selected banks are supported.",Payment,do you offer installments in kandy?,do you offer installments in kandy,"['do', 'you', 'offer', 'installments', 'in', 'kandy']","['offer', 'installments', 'kandy']","['offer', 'instal', 'kandi']","['offer', 'installment', 'kandy']",offer installment kandy
Can I pay by card this weekend?,"Yes, Visa and Mastercard are accepted.",Payment,can i pay by card this weekend?,can i pay by card this weekend,"['can', 'i', 'pay', 'by', 'card', 'this', 'weekend']","['pay', 'card', 'weekend']","['pay', 'card', 'weekend']","['pay', 'card', 'weekend']",pay card weekend
Is accidental damage covered for iPhones?,"No, accidental damage is not covered.",Warranty,is accidental damage covered for iphones?,is accidental damage covered for iphones,"['is', 'accidental', 'damage', 'covered', 'for', 'iphones']","['accidental', 'damage', 'covered', 'iphones']","['accident', 'damag', 'cover', 'iphon']","['accidental', 'damage', 'covered', 'iphones']",accidental damage covered iphones
How long is the warranty this weekend?,Warranty depends on the brand and model.,Warranty,how long is the warranty this weekend?,how long is the warranty this weekend,"['how', 'long', 'is', 'the', 'warranty', 'this', 'weekend']","['long', 'warranty', 'weekend']","['long', 'warranti', 'weekend']","['long', 'warranty', 'weekend']",long warranty weekend
Where is your shop located this weekend?,We are located in Colombo.,Store,where is your shop located this weekend?,where is your shop located this weekend,"['where', 'is', 'your', 'shop', 'located', 'this', 'weekend']","['shop', 'located', 'weekend']","['shop', 'locat', 'weekend']","['shop', 'located', 'weekend']",shop located weekend
Can I pay online today?,"Yes, online payments are accepted.",Payment,can i pay online today?,can i pay online today,"['can', 'i', 'pay', 'online', 'today']","['pay', 'online', 'today']","['pay', 'onlin', 'today']","['pay', 'online', 'today']",pay online today
Do you open on Sundays for iPhones?,"Yes, we are open every day.",Store,do you open on sundays for iphones?,do you open on sundays for iphones,"['do', 'you', 'open', 'on', 'sundays', 'for', 'iphones']","['open', 'sundays', 'iphones']","['open', 'sunday', 'iphon']","['open', 'sunday', 'iphones']",open sunday iphones
What are your opening hours please.,We are open daily from 9:00 AM to 8:00 PM.,Store,what are your opening hours please.,what are your opening hours please,"['what', 'are', 'your', 'opening', 'hours', 'please']","['opening', 'hours', 'please']","['open', 'hour', 'pleas']","['opening', 'hour', 'please']",opening hour please
How long does delivery take for iPhones?,Usually 1-3 working days.,Delivery,how long does delivery take for iphones?,how long does delivery take for iphones,"['how', 'long', 'does', 'delivery', 'take', 'for', 'iphones']","['long', 'delivery', 'take', 'iphones']","['long', 'deliveri', 'take', 'iphon']","['long', 'delivery', 'take', 'iphones']",long delivery take iphones
Is accidental damage covered in Kandy?,"No, accidental damage is not covered.",Warranty,is accidental damage covered in kandy?,is accidental damage covered in kandy,"['is', 'accidental', 'damage', 'covered', 'in', 'kandy']","['accidental', 'damage', 'covered', 'kandy']","['accident', 'damag', 'cover', 'kandi']","['accidental', 'damage', 'covered', 'kandy']",accidental damage covered kandy
Do you open on Sundays please.,"Yes, we are open every day.",Store,do you open on sundays please.,do you open on sundays please,"['do', 'you', 'open', 'on', 'sundays', 'please']","['open', 'sundays', 'please']","['open', 'sunday', 'pleas']","['open', 'sunday', 'please']",open sunday please
Do you offer islandwide delivery please.,"Yes, we deliver across Sri Lanka.",Delivery,do you offer islandwide delivery please.,do you offer islandwide delivery please,"['do', 'you', 'offer', 'islandwide', 'delivery', 'please']","['offer', 'islandwide', 'delivery', 'please']","['offer', 'islandwid', 'deliveri', 'pleas']","['offer', 'islandwide', 'delivery', 'please']",offer islandwide delivery please
What are your opening hours today?,We are open daily from 9:00 AM to 8:00 PM.,Store,what are your opening hours today?,what are your opening hours today,"['what', 'are', 'your', 'opening', 'hours', 'today']","['opening', 'hours', 'today']","['open', 'hour', 'today']","['opening', 'hour', 'today']",opening hour today
How long does delivery take for iPhones?,Usually 1-3 working days.,Delivery,how long does delivery take for iphones?,how long does delivery take for iphones,"['how', 'long', 'does', 'delivery', 'take', 'for', 'iphones']","['long', 'delivery', 'take', 'iphones']","['long', 'deliveri', 'take', 'iphon']","['long', 'delivery', 'take', 'iphones']",long delivery take iphones
Do you offer installments please.,"Yes, selected banks are supported.",Payment,do you offer installments please.,do you offer installments please,"['do', 'you', 'offer', 'installments', 'please']","['offer', 'installments', 'please']","['offer', 'instal', 'pleas']","['offer', 'installment', 'please']",offer installment please
Do you offer islandwide delivery?,"Yes, we deliver across Sri Lanka.",Delivery,do you offer islandwide delivery?,do you offer islandwide delivery,"['do', 'you', 'offer', 'islandwide', 'delivery']","['offer', 'islandwide', 'delivery']","['offer', 'islandwid', 'deliveri']","['offer', 'islandwide', 'delivery']",offer islandwide delivery
Do you open on Sundays?,"Yes, we are open every day.",Store,do you open on sundays?,do you open on sundays,"['do', 'you', 'open', 'on', 'sundays']","['open', 'sundays']","['open', 'sunday']","['open', 'sunday']",open sunday
How long is the warranty in Kandy?,Warranty depends on the brand and model.,Warranty,how long is the warranty in kandy?,how long is the warranty in kandy,"['how', 'long', 'is', 'the', 'warranty', 'in', 'kandy']","['long', 'warranty', 'kandy']","['long', 'warranti', 'kandi']","['long', 'warranty', 'kandy']",long warranty kandy
Can I track my order in Kandy?,"Yes, we'll provide a tracking update.",Delivery,can i track my order in kandy?,can i track my order in kandy,"['can', 'i', 'track', 'my', 'order', 'in', 'kandy']","['track', 'order', 'kandy']","['track', 'order', 'kandi']","['track', 'order', 'kandy']",track order kandy
How long is the warranty please.,Warranty depends on the brand and model.,Warranty,how long is the warranty please.,how long is the warranty please,"['how', 'long', 'is', 'the', 'warranty', 'please']","['long', 'warranty', 'please']","['long', 'warranti', 'pleas']","['long', 'warranty', 'please']",long warranty please
Can you replace batteries for Samsung phones?,"Yes, battery replacement is available.",Repair,can you replace batteries for samsung phones?,can you replace batteries for samsung phones,"['can', 'you', 'replace', 'batteries', 'for', 'samsung', 'phones']","['replace', 'batteries', 'samsung', 'phones']","['replac', 'batteri', 'samsung', 'phone']","['replace', 'battery', 'samsung', 'phone']",replace battery samsung phone
How much is screen replacement please.,The cost depends on the model.,Repair,how much is screen replacement please.,how much is screen replacement please,"['how', 'much', 'is', 'screen', 'replacement', 'please']","['much', 'screen', 'replacement', 'please']","['much', 'screen', 'replac', 'pleas']","['much', 'screen', 'replacement', 'please']",much screen replacement please
Is accidental damage covered this weekend?,"No, accidental damage is not covered.",Warranty,is accidental damage covered this weekend?,is accidental damage covered this weekend,"['is', 'accidental', 'damage', 'covered', 'this', 'weekend']","['accidental', 'damage', 'covered', 'weekend']","['accident', 'damag', 'cover', 'weekend']","['accidental', 'damage', 'covered', 'weekend']",accidental damage covered weekend
Can I track my order for Samsung phones?,"Yes, we'll provide a tracking update.",Delivery,can i track my order for samsung phones?,can i track my order for samsung phones,"['can', 'i', 'track', 'my', 'order', 'for', 'samsung', 'phones']","['track', 'order', 'samsung', 'phones']","['track', 'order', 'samsung', 'phone']","['track', 'order', 'samsung', 'phone']",track order samsung phone
Can you replace batteries today?,"Yes, battery replacement is available.",Repair,can you replace batteries today?,can you replace batteries today,"['can', 'you', 'replace', 'batteries', 'today']","['replace', 'batteries', 'today']","['replac', 'batteri', 'today']","['replace', 'battery', 'today']",replace battery today
Is accidental damage covered for Samsung phones?,"No, accidental damage is not covered.",Warranty,is accidental damage covered for samsung phones?,is accidental damage covered for samsung phones,"['is', 'accidental', 'damage', 'covered', 'for', 'samsung', 'phones']","['accidental', 'damage', 'covered', 'samsung', 'phones']","['accident', 'damag', 'cover', 'samsung', 'phone']","['accidental', 'damage', 'covered', 'samsung', 'phone']",accidental damage covered samsung phone
Do phones have a warranty in Kandy?,"Yes, all eligible phones include a warranty.",Warranty,do phones have a warranty in kandy?,do phones have a warranty in kandy,"['do', 'phones', 'have', 'a', 'warranty', 'in', 'kandy']","['phones', 'warranty', 'kandy']","['phone', 'warranti', 'kandi']","['phone', 'warranty', 'kandy']",phone warranty kandy
Where is your shop located?,We are located in Colombo.,Store,where is your shop located?,where is your shop located,"['where', 'is', 'your', 'shop', 'located']","['shop', 'located']","['shop', 'locat']","['shop', 'located']",shop located
Do you offer islandwide delivery please.,"Yes, we deliver across Sri Lanka.",Delivery,do you offer islandwide delivery please.,do you offer islandwide delivery please,"['do', 'you', 'offer', 'islandwide', 'delivery', 'please']","['offer', 'islandwide', 'delivery', 'please']","['offer', 'islandwid', 'deliveri', 'pleas']","['offer', 'islandwide', 'delivery', 'please']",offer islandwide delivery please
Can I pay by card in Kandy?,"Yes, Visa and Mastercard are accepted.",Payment,can i pay by card in kandy?,can i pay by card in kandy,"['can', 'i', 'pay', 'by', 'card', 'in', 'kandy']","['pay', 'card', 'kandy']","['pay', 'card', 'kandi']","['pay', 'card', 'kandy']",pay card kandy
Where is your shop located for iPhones?,We are located in Colombo.,Store,where is your shop located for iphones?,where is your shop located for iphones,"['where', 'is', 'your', 'shop', 'located', 'for', 'iphones']","['shop', 'located', 'iphones']","['shop', 'locat', 'iphon']","['shop', 'located', 'iphones']",shop located iphones
Do you repair iPhones today?,"Yes, we repair supported iPhone models.",Repair,do you repair iphones today?,do you repair iphones today,"['do', 'you', 'repair', 'iphones', 'today']","['repair', 'iphones', 'today']","['repair', 'iphon', 'today']","['repair', 'iphones', 'today']",repair iphones today
How long is the warranty please.,Warranty depends on the brand and model.,Warranty,how long is the warranty please.,how long is the warranty please,"['how', 'long', 'is', 'the', 'warranty', 'please']","['long', 'warranty', 'please']","['long', 'warranti', 'pleas']","['long', 'warranty', 'please']",long warranty please
Do you open on Sundays please.,"Yes, we are open every day.",Store,do you open on sundays please.,do you open on sundays please,"['do', 'you', 'open', 'on', 'sundays', 'please']","['open', 'sundays', 'please']","['open', 'sunday', 'pleas']","['open', 'sunday', 'please']",open sunday please
Do you open on Sundays today?,"Yes, we are open every day.",Store,do you open on sundays today?,do you open on sundays today,"['do', 'you', 'open', 'on', 'sundays', 'today']","['open', 'sundays', 'today']","['open', 'sunday', 'today']","['open', 'sunday', 'today']",open sunday today
Do you offer islandwide delivery?,"Yes, we deliver across Sri Lanka.",Delivery,do you offer islandwide delivery?,do you offer islandwide delivery,"['do', 'you', 'offer', 'islandwide', 'delivery']","['offer', 'islandwide', 'delivery']","['offer', 'islandwid', 'deliveri']","['offer', 'islandwide', 'delivery']",offer islandwide delivery
Do you offer installments today?,"Yes, selected banks are supported.",Payment,do you offer installments today?,do you offer installments today,"['do', 'you', 'offer', 'installments', 'today']","['offer', 'installments', 'today']","['offer', 'instal', 'today']","['offer', 'installment', 'today']",offer installment today
Can I track my order for Samsung phones?,"Yes, we'll provide a tracking update.",Delivery,can i track my order for samsung phones?,can i track my order for samsung phones,"['can', 'i', 'track', 'my', 'order', 'for', 'samsung', 'phones']","['track', 'order', 'samsung', 'phones']","['track', 'order', 'samsung', 'phone']","['track', 'order', 'samsung', 'phone']",track order samsung phone
Can you replace batteries please.,"Yes, battery replacement is available.",Repair,can you replace batteries please.,can you replace batteries please,"['can', 'you', 'replace', 'batteries', 'please']","['replace', 'batteries', 'please']","['replac', 'batteri', 'pleas']","['replace', 'battery', 'please']",replace battery please
Is accidental damage covered for Samsung phones?,"No, accidental damage is not covered.",Warranty,is accidental damage covered for samsung phones?,is accidental damage covered for samsung phones,"['is', 'accidental', 'damage', 'covered', 'for', 'samsung', 'phones']","['accidental', 'damage', 'covered', 'samsung', 'phones']","['accident', 'damag', 'cover', 'samsung', 'phone']","['accidental', 'damage', 'covered', 'samsung', 'phone']",accidental damage covered samsung phone
What are your opening hours please.,We are open daily from 9:00 AM to 8:00 PM.,Store,what are your opening hours please.,what are your opening hours please,"['what', 'are', 'your', 'opening', 'hours', 'please']","['opening', 'hours', 'please']","['open', 'hour', 'pleas']","['opening', 'hour', 'please']",opening hour please
How long does delivery take for iPhones?,Usually 1-3 working days.,Delivery,how long does delivery take for iphones?,how long does delivery take for iphones,"['how', 'long', 'does', 'delivery', 'take', 'for', 'iphones']","['long', 'delivery', 'take', 'iphones']","['long', 'deliveri', 'take', 'iphon']","['long', 'delivery', 'take', 'iphones']",long delivery take iphones
Do you repair iPhones for Samsung phones?,"Yes, we repair supported iPhone models.",Repair,do you repair iphones for samsung phones?,do you repair iphones for samsung phones,"['do', 'you', 'repair', 'iphones', 'for', 'samsung', 'phones']","['repair', 'iphones', 'samsung', 'phones']","['repair', 'iphon', 'samsung', 'phone']","['repair', 'iphones', 'samsung', 'phone']",repair iphones samsung phone
What are your opening hours today?,We are open daily from 9:00 AM to 8:00 PM.,Store,what are your opening hours today?,what are your opening hours today,"['what', 'are', 'your', 'opening', 'hours', 'today']","['opening', 'hours', 'today']","['open', 'hour', 'today']","['opening', 'hour', 'today']",opening hour today
Do phones have a warranty this weekend?,"Yes, all eligible phones include a warranty.",Warranty,do phones have a warranty this weekend?,do phones have a warranty this weekend,"['do', 'phones', 'have', 'a', 'warranty', 'this', 'weekend']","['phones', 'warranty', 'weekend']","['phone', 'warranti', 'weekend']","['phone', 'warranty', 'weekend']",phone warranty weekend
Do you offer islandwide delivery?,"Yes, we deliver across Sri Lanka.",Delivery,do you offer islandwide delivery?,do you offer islandwide delivery,"['do', 'you', 'offer', 'islandwide', 'delivery']","['offer', 'islandwide', 'delivery']","['offer', 'islandwid', 'deliveri']","['offer', 'islandwide', 'delivery']",offer islandwide delivery
Do you offer islandwide delivery for iPhones?,"Yes, we deliver across Sri Lanka.",Delivery,do you offer islandwide delivery for iphones?,do you offer islandwide delivery for iphones,"['do', 'you', 'offer', 'islandwide', 'delivery', 'for', 'iphones']","['offer', 'islandwide', 'delivery', 'iphones']","['offer', 'islandwid', 'deliveri', 'iphon']","['offer', 'islandwide', 'delivery', 'iphones']",offer islandwide delivery iphones
Do you offer islandwide delivery today?,"Yes, we deliver across Sri Lanka.",Delivery,do you offer islandwide delivery today?,do you offer islandwide delivery today,"['do', 'you', 'offer', 'islandwide', 'delivery', 'today']","['offer', 'islandwide', 'delivery', 'today']","['offer', 'islandwid', 'deliveri', 'today']","['offer', 'islandwide', 'delivery', 'today']",offer islandwide delivery today
What are your opening hours?,We are open daily from 9:00 AM to 8:00 PM.,Store,what are your opening hours?,what are your opening hours,"['what', 'are', 'your', 'opening', 'hours']","['opening', 'hours']","['open', 'hour']","['opening', 'hour']",opening hour
Do phones have a warranty in Kandy?,"Yes, all eligible phones include a warranty.",Warranty,do phones have a warranty in kandy?,do phones have a warranty in kandy,"['do', 'phones', 'have', 'a', 'warranty', 'in', 'kandy']","['phones', 'warranty', 'kandy']","['phone', 'warranti', 'kandi']","['phone', 'warranty', 'kandy']",phone warranty kandy
Do you offer islandwide delivery this weekend?,"Yes, we deliver across Sri Lanka.",Delivery,do you offer islandwide delivery this weekend?,do you offer islandwide delivery this weekend,"['do', 'you', 'offer', 'islandwide', 'delivery', 'this', 'weekend']","['offer', 'islandwide', 'delivery', 'weekend']","['offer', 'islandwid', 'deliveri', 'weekend']","['offer', 'islandwide', 'delivery', 'weekend']",offer islandwide delivery weekend
Where is your shop located today?,We are located in Colombo.,Store,where is your shop located today?,where is your shop located today,"['where', 'is', 'your', 'shop', 'located', 'today']","['shop', 'located', 'today']","['shop', 'locat', 'today']","['shop', 'located', 'today']",shop located today
Do you offer installments in Kandy?,"Yes, selected banks are supported.",Payment,do you offer installments in kandy?,do you offer installments in kandy,"['do', 'you', 'offer', 'installments', 'in', 'kandy']","['offer', 'installments', 'kandy']","['offer', 'instal', 'kandi']","['offer', 'installment', 'kandy']",offer installment kandy
How much is screen replacement today?,The cost depends on the model.,Repair,how much is screen replacement today?,how much is screen replacement today,"['how', 'much', 'is', 'screen', 'replacement', 'today']","['much', 'screen', 'replacement', 'today']","['much', 'screen', 'replac', 'today']","['much', 'screen', 'replacement', 'today']",much screen replacement today
How long is the warranty for iPhones?,Warranty depends on the brand and model.,Warranty,how long is the warranty for iphones?,how long is the warranty for iphones,"['how', 'long', 'is', 'the', 'warranty', 'for', 'iphones']","['long', 'warranty', 'iphones']","['long', 'warranti', 'iphon']","['long', 'warranty', 'iphones']",long warranty iphones
How much is screen replacement for iPhones?,The cost depends on the model.,Repair,how much is screen replacement for iphones?,how much is screen replacement for iphones,"['how', 'much', 'is', 'screen', 'replacement', 'for', 'iphones']","['much', 'screen', 'replacement', 'iphones']","['much', 'screen', 'replac', 'iphon']","['much', 'screen', 'replacement', 'iphones']",much screen replacement iphones
Do phones have a warranty for iPhones?,"Yes, all eligible phones include a warranty.",Warranty,do phones have a warranty for iphones?,do phones have a warranty for iphones,"['do', 'phones', 'have', 'a', 'warranty', 'for', 'iphones']","['phones', 'warranty', 'iphones']","['phone', 'warranti', 'iphon']","['phone', 'warranty', 'iphones']",phone warranty iphones
How much is screen replacement?,The cost depends on the model.,Repair,how much is screen replacement?,how much is screen replacement,"['how', 'much', 'is', 'screen', 'replacement']","['much', 'screen', 'replacement']","['much', 'screen', 'replac']","['much', 'screen', 'replacement']",much screen replacement
How long is the warranty for iPhones?,Warranty depends on the brand and model.,Warranty,how long is the warranty for iphones?,how long is the warranty for iphones,"['how', 'long', 'is', 'the', 'warranty', 'for', 'iphones']","['long', 'warranty', 'iphones']","['long', 'warranti', 'iphon']","['long', 'warranty', 'iphones']",long warranty iphones
How much is screen replacement for iPhones?,The cost depends on the model.,Repair,how much is screen replacement for iphones?,how much is screen replacement for iphones,"['how', 'much', 'is', 'screen', 'replacement', 'for', 'iphones']","['much', 'screen', 'replacement', 'iphones']","['much', 'screen', 'replac', 'iphon']","['much', 'screen', 'replacement', 'iphones']",much screen replacement iphones
Where is your shop located this weekend?,We are located in Colombo.,Store,where is your shop located this weekend?,where is your shop located this weekend,"['where', 'is', 'your', 'shop', 'located', 'this', 'weekend']","['shop', 'located', 'weekend']","['shop', 'locat', 'weekend']","['shop', 'located', 'weekend']",shop located weekend
How long does delivery take today?,Usually 1-3 working days.,Delivery,how long does delivery take today?,how long does delivery take today,"['how', 'long', 'does', 'delivery', 'take', 'today']","['long', 'delivery', 'take', 'today']","['long', 'deliveri', 'take', 'today']","['long', 'delivery', 'take', 'today']",long delivery take today
Do you repair iPhones please.,"Yes, we repair supported iPhone models.",Repair,do you repair iphones please.,do you repair iphones please,"['do', 'you', 'repair', 'iphones', 'please']","['repair', 'iphones', 'please']","['repair', 'iphon', 'pleas']","['repair', 'iphones', 'please']",repair iphones please
Do phones have a warranty for iPhones?,"Yes, all eligible phones include a warranty.",Warranty,do phones have a warranty for iphones?,do phones have a warranty for iphones,"['do', 'phones', 'have', 'a', 'warranty', 'for', 'iphones']","['phones', 'warranty', 'iphones']","['phone', 'warranti', 'iphon']","['phone', 'warranty', 'iphones']",phone warranty iphones
How long is the warranty today?,Warranty depends on the brand and model.,Warranty,how long is the warranty today?,how long is the warranty today,"['how', 'long', 'is', 'the', 'warranty', 'today']","['long', 'warranty', 'today']","['long', 'warranti', 'today']","['long', 'warranty', 'today']",long warranty today
Can I pay online this weekend?,"Yes, online payments are accepted.",Payment,can i pay online this weekend?,can i pay online this weekend,"['can', 'i', 'pay', 'online', 'this', 'weekend']","['pay', 'online', 'weekend']","['pay', 'onlin', 'weekend']","['pay', 'online', 'weekend']",pay online weekend
How long does delivery take please.,Usually 1-3 working days.,Delivery,how long does delivery take please.,how long does delivery take please,"['how', 'long', 'does', 'delivery', 'take', 'please']","['long', 'delivery', 'take', 'please']","['long', 'deliveri', 'take', 'pleas']","['long', 'delivery', 'take', 'please']",long delivery take please
Can I pay by card today?,"Yes, Visa and Mastercard are accepted.",Payment,can i pay by card today?,can i pay by card today,"['can', 'i', 'pay', 'by', 'card', 'today']","['pay', 'card', 'today']","['pay', 'card', 'today']","['pay', 'card', 'today']",pay card today
Can I track my order today?,"Yes, we'll provide a tracking update.",Delivery,can i track my order today?,can i track my order today,"['can', 'i', 'track', 'my', 'order', 'today']","['track', 'order', 'today']","['track', 'order', 'today']","['track', 'order', 'today']",track order today
How long does delivery take this weekend?,Usually 1-3 working days.,Delivery,how long does delivery take this weekend?,how long does delivery take this weekend,"['how', 'long', 'does', 'delivery', 'take', 'this', 'weekend']","['long', 'delivery', 'take', 'weekend']","['long', 'deliveri', 'take', 'weekend']","['long', 'delivery', 'take', 'weekend']",long delivery take weekend
Do phones have a warranty in Kandy?,"Yes, all eligible phones include a warranty.",Warranty,do phones have a warranty in kandy?,do phones have a warranty in kandy,"['do', 'phones', 'have', 'a', 'warranty', 'in', 'kandy']","['phones', 'warranty', 'kandy']","['phone', 'warranti', 'kandi']","['phone', 'warranty', 'kandy']",phone warranty kandy
Do you offer installments this weekend?,"Yes, selected banks are supported.",Payment,do you offer installments this weekend?,do you offer installments this weekend,"['do', 'you', 'offer', 'installments', 'this', 'weekend']","['offer', 'installments', 'weekend']","['offer', 'instal', 'weekend']","['offer', 'installment', 'weekend']",offer installment weekend
How much is screen replacement for iPhones?,The cost depends on the model.,Repair,how much is screen replacement for iphones?,how much is screen replacement for iphones,"['how', 'much', 'is', 'screen', 'replacement', 'for', 'iphones']","['much', 'screen', 'replacement', 'iphones']","['much', 'screen', 'replac', 'iphon']","['much', 'screen', 'replacement', 'iphones']",much screen replacement iphones
Where is your shop located in Kandy?,We are located in Colombo.,Store,where is your shop located in kandy?,where is your shop located in kandy,"['where', 'is', 'your', 'shop', 'located', 'in', 'kandy']","['shop', 'located', 'kandy']","['shop', 'locat', 'kandi']","['shop', 'located', 'kandy']",shop located kandy
How much is screen replacement today?,The cost depends on the model.,Repair,how much is screen replacement today?,how much is screen replacement today,"['how', 'much', 'is', 'screen', 'replacement', 'today']","['much', 'screen', 'replacement', 'today']","['much', 'screen', 'replac', 'today']","['much', 'screen', 'replacement', 'today']",much screen replacement today
Do phones have a warranty please.,"Yes, all eligible phones include a warranty.",Warranty,do phones have a warranty please.,do phones have a warranty please,"['do', 'phones', 'have', 'a', 'warranty', 'please']","['phones', 'warranty', 'please']","['phone', 'warranti', 'pleas']","['phone', 'warranty', 'please']",phone warranty please
How much is screen replacement?,The cost depends on the model.,Repair,how much is screen replacement?,how much is screen replacement,"['how', 'much', 'is', 'screen', 'replacement']","['much', 'screen', 'replacement']","['much', 'screen', 'replac']","['much', 'screen', 'replacement']",much screen replacement
Do you open on Sundays please.,"Yes, we are open every day.",Store,do you open on sundays please.,do you open on sundays please,"['do', 'you', 'open', 'on', 'sundays', 'please']","['open', 'sundays', 'please']","['open', 'sunday', 'pleas']","['open', 'sunday', 'please']",open sunday please
Can I pay online please.,"Yes, online payments are accepted.",Payment,can i pay online please.,can i pay online please,"['can', 'i', 'pay', 'online', 'please']","['pay', 'online', 'please']","['pay', 'onlin', 'pleas']","['pay', 'online', 'please']",pay online please
Do you offer islandwide delivery today?,"Yes, we deliver across Sri Lanka.",Delivery,do you offer islandwide delivery today?,do you offer islandwide delivery today,"['do', 'you', 'offer', 'islandwide', 'delivery', 'today']","['offer', 'islandwide', 'delivery', 'today']","['offer', 'islandwid', 'deliveri', 'today']","['offer', 'islandwide', 'delivery', 'today']",offer islandwide delivery today
What are your opening hours please.,We are open daily from 9:00 AM to 8:00 PM.,Store,what are your opening hours please.,what are your opening hours please,"['what', 'are', 'your', 'opening', 'hours', 'please']","['opening', 'hours', 'please']","['open', 'hour', 'pleas']","['opening', 'hour', 'please']",opening hour please
Where is your shop located in Kandy?,We are located in Colombo.,Store,where is your shop located in kandy?,where is your shop located in kandy,"['where', 'is', 'your', 'shop', 'located', 'in', 'kandy']","['shop', 'located', 'kandy']","['shop', 'locat', 'kandi']","['shop', 'located', 'kandy']",shop located kandy
Can I track my order?,"Yes, we'll provide a tracking update.",Delivery,can i track my order?,can i track my order,"['can', 'i', 'track', 'my', 'order']","['track', 'order']","['track', 'order']","['track', 'order']",track order
Can you replace batteries please.,"Yes, battery replacement is available.",Repair,can you replace batteries please.,can you replace batteries please,"['can', 'you', 'replace', 'batteries', 'please']","['replace', 'batteries', 'please']","['replac', 'batteri', 'pleas']","['replace', 'battery', 'please']",replace battery please
Can I pay online?,"Yes, online payments are accepted.",Payment,can i pay online?,can i pay online,"['can', 'i', 'pay', 'online']","['pay', 'online']","['pay', 'onlin']","['pay', 'online']",pay online
Can I pay by card please.,"Yes, Visa and Mastercard are accepted.",Payment,can i pay by card please.,can i pay by card please,"['can', 'i', 'pay', 'by', 'card', 'please']","['pay', 'card', 'please']","['pay', 'card', 'pleas']","['pay', 'card', 'please']",pay card please
Can I track my order for iPhones?,"Yes, we'll provide a tracking update.",Delivery,can i track my order for iphones?,can i track my order for iphones,"['can', 'i', 'track', 'my', 'order', 'for', 'iphones']","['track', 'order', 'iphones']","['track', 'order', 'iphon']","['track', 'order', 'iphones']",track order iphones
How long does delivery take for Samsung phones?,Usually 1-3 working days.,Delivery,how long does delivery take for samsung phones?,how long does delivery take for samsung phones,"['how', 'long', 'does', 'delivery', 'take', 'for', 'samsung', 'phones']","['long', 'delivery', 'take', 'samsung', 'phones']","['long', 'deliveri', 'take', 'samsung', 'phone']","['long', 'delivery', 'take', 'samsung', 'phone']",long delivery take samsung phone
Do phones have a warranty today?,"Yes, all eligible phones include a warranty.",Warranty,do phones have a warranty today?,do phones have a warranty today,"['do', 'phones', 'have', 'a', 'warranty', 'today']","['phones', 'warranty', 'today']","['phone', 'warranti', 'today']","['phone', 'warranty', 'today']",phone warranty today
How long is the warranty this weekend?,Warranty depends on the brand and model.,Warranty,how long is the warranty this weekend?,how long is the warranty this weekend,"['how', 'long', 'is', 'the', 'warranty', 'this', 'weekend']","['long', 'warranty', 'weekend']","['long', 'warranti', 'weekend']","['long', 'warranty', 'weekend']",long warranty weekend
Can I track my order this weekend?,"Yes, we'll provide a tracking update.",Delivery,can i track my order this weekend?,can i track my order this weekend,"['can', 'i', 'track', 'my', 'order', 'this', 'weekend']","['track', 'order', 'weekend']","['track', 'order', 'weekend']","['track', 'order', 'weekend']",track order weekend
Is accidental damage covered for Samsung phones?,"No, accidental damage is not covered.",Warranty,is accidental damage covered for samsung phones?,is accidental damage covered for samsung phones,"['is', 'accidental', 'damage', 'covered', 'for', 'samsung', 'phones']","['accidental', 'damage', 'covered', 'samsung', 'phones']","['accident', 'damag', 'cover', 'samsung', 'phone']","['accidental', 'damage', 'covered', 'samsung', 'phone']",accidental damage covered samsung phone
How long does delivery take for Samsung phones?,Usually 1-3 working days.,Delivery,how long does delivery take for samsung phones?,how long does delivery take for samsung phones,"['how', 'long', 'does', 'delivery', 'take', 'for', 'samsung', 'phones']","['long', 'delivery', 'take', 'samsung', 'phones']","['long', 'deliveri', 'take', 'samsung', 'phone']","['long', 'delivery', 'take', 'samsung', 'phone']",long delivery take samsung phone
Do you offer installments for iPhones?,"Yes, selected banks are supported.",Payment,do you offer installments for iphones?,do you offer installments for iphones,"['do', 'you', 'offer', 'installments', 'for', 'iphones']","['offer', 'installments', 'iphones']","['offer', 'instal', 'iphon']","['offer', 'installment', 'iphones']",offer installment iphones
How long is the warranty for Samsung phones?,Warranty depends on the brand and model.,Warranty,how long is the warranty for samsung phones?,how long is the warranty for samsung phones,"['how', 'long', 'is', 'the', 'warranty', 'for', 'samsung', 'phones']","['long', 'warranty', 'samsung', 'phones']","['long', 'warranti', 'samsung', 'phone']","['long', 'warranty', 'samsung', 'phone']",long warranty samsung phone
Do you offer islandwide delivery please.,"Yes, we deliver across Sri Lanka.",Delivery,do you offer islandwide delivery please.,do you offer islandwide delivery please,"['do', 'you', 'offer', 'islandwide', 'delivery', 'please']","['offer', 'islandwide', 'delivery', 'please']","['offer', 'islandwid', 'deliveri', 'pleas']","['offer', 'islandwide', 'delivery', 'please']",offer islandwide delivery please
How long is the warranty today?,Warranty depends on the brand and model.,Warranty,how long is the warranty today?,how long is the warranty today,"['how', 'long', 'is', 'the', 'warranty', 'today']","['long', 'warranty', 'today']","['long', 'warranti', 'today']","['long', 'warranty', 'today']",long warranty today
Can I track my order this weekend?,"Yes, we'll provide a tracking update.",Delivery,can i track my order this weekend?,can i track my order this weekend,"['can', 'i', 'track', 'my', 'order', 'this', 'weekend']","['track', 'order', 'weekend']","['track', 'order', 'weekend']","['track', 'order', 'weekend']",track order weekend
How long is the warranty for iPhones?,Warranty depends on the brand and model.,Warranty,how long is the warranty for iphones?,how long is the warranty for iphones,"['how', 'long', 'is', 'the', 'warranty', 'for', 'iphones']","['long', 'warranty', 'iphones']","['long', 'warranti', 'iphon']","['long', 'warranty', 'iphones']",long warranty iphones
Where is your shop located?,We are located in Colombo.,Store,where is your shop located?,where is your shop located,"['where', 'is', 'your', 'shop', 'located']","['shop', 'located']","['shop', 'locat']","['shop', 'located']",shop located
Do you repair iPhones today?,"Yes, we repair supported iPhone models.",Repair,do you repair iphones today?,do you repair iphones today,"['do', 'you', 'repair', 'iphones', 'today']","['repair', 'iphones', 'today']","['repair', 'iphon', 'today']","['repair', 'iphones', 'today']",repair iphones today
Do you offer islandwide delivery in Kandy?,"Yes, we deliver across Sri Lanka.",Delivery,do you offer islandwide delivery in kandy?,do you offer islandwide delivery in kandy,"['do', 'you', 'offer', 'islandwide', 'delivery', 'in', 'kandy']","['offer', 'islandwide', 'delivery', 'kandy']","['offer', 'islandwid', 'deliveri', 'kandi']","['offer', 'islandwide', 'delivery', 'kandy']",offer islandwide delivery kandy
Can I pay by card this weekend?,"Yes, Visa and Mastercard are accepted.",Payment,can i pay by card this weekend?,can i pay by card this weekend,"['can', 'i', 'pay', 'by', 'card', 'this', 'weekend']","['pay', 'card', 'weekend']","['pay', 'card', 'weekend']","['pay', 'card', 'weekend']",pay card weekend
Do you offer installments in Kandy?,"Yes, selected banks are supported.",Payment,do you offer installments in kandy?,do you offer installments in kandy,"['do', 'you', 'offer', 'installments', 'in', 'kandy']","['offer', 'installments', 'kandy']","['offer', 'instal', 'kandi']","['offer', 'installment', 'kandy']",offer installment kandy
Can I pay by card this weekend?,"Yes, Visa and Mastercard are accepted.",Payment,can i pay by card this weekend?,can i pay by card this weekend,"['can', 'i', 'pay', 'by', 'card', 'this', 'weekend']","['pay', 'card', 'weekend']","['pay', 'card', 'weekend']","['pay', 'card', 'weekend']",pay card weekend
Do you offer islandwide delivery for iPhones?,"Yes, we deliver across Sri Lanka.",Delivery,do you offer islandwide delivery for iphones?,do you offer islandwide delivery for iphones,"['do', 'you', 'offer', 'islandwide', 'delivery', 'for', 'iphones']","['offer', 'islandwide', 'delivery', 'iphones']","['offer', 'islandwid', 'deliveri', 'iphon']","['offer', 'islandwide', 'delivery', 'iphones']",offer islandwide delivery iphones
How long is the warranty please.,Warranty depends on the brand and model.,Warranty,how long is the warranty please.,how long is the warranty please,"['how', 'long', 'is', 'the', 'warranty', 'please']","['long', 'warranty', 'please']","['long', 'warranti', 'pleas']","['long', 'warranty', 'please']",long warranty please
Can you replace batteries this weekend?,"Yes, battery replacement is available.",Repair,can you replace batteries this weekend?,can you replace batteries this weekend,"['can', 'you', 'replace', 'batteries', 'this', 'weekend']","['replace', 'batteries', 'weekend']","['replac', 'batteri', 'weekend']","['replace', 'battery', 'weekend']",replace battery weekend
Can I pay online please.,"Yes, online payments are accepted.",Payment,can i pay online please.,can i pay online please,"['can', 'i', 'pay', 'online', 'please']","['pay', 'online', 'please']","['pay', 'onlin', 'pleas']","['pay', 'online', 'please']",pay online please
Where is your shop located in Kandy?,We are located in Colombo.,Store,where is your shop located in kandy?,where is your shop located in kandy,"['where', 'is', 'your', 'shop', 'located', 'in', 'kandy']","['shop', 'located', 'kandy']","['shop', 'locat', 'kandi']","['shop', 'located', 'kandy']",shop located kandy
How much is screen replacement in Kandy?,The cost depends on the model.,Repair,how much is screen replacement in kandy?,how much is screen replacement in kandy,"['how', 'much', 'is', 'screen', 'replacement', 'in', 'kandy']","['much', 'screen', 'replacement', 'kandy']","['much', 'screen', 'replac', 'kandi']","['much', 'screen', 'replacement', 'kandy']",much screen replacement kandy
Do you offer islandwide delivery for iPhones?,"Yes, we deliver across Sri Lanka.",Delivery,do you offer islandwide delivery for iphones?,do you offer islandwide delivery for iphones,"['do', 'you', 'offer', 'islandwide', 'delivery', 'for', 'iphones']","['offer', 'islandwide', 'delivery', 'iphones']","['offer', 'islandwid', 'deliveri', 'iphon']","['offer', 'islandwide', 'delivery', 'iphones']",offer islandwide delivery iphones
How long is the warranty please.,Warranty depends on the brand and model.,Warranty,how long is the warranty please.,how long is the warranty please,"['how', 'long', 'is', 'the', 'warranty', 'please']","['long', 'warranty', 'please']","['long', 'warranti', 'pleas']","['long', 'warranty', 'please']",long warranty please
Do you open on Sundays this weekend?,"Yes, we are open every day.",Store,do you open on sundays this weekend?,do you open on sundays this weekend,"['do', 'you', 'open', 'on', 'sundays', 'this', 'weekend']","['open', 'sundays', 'weekend']","['open', 'sunday', 'weekend']","['open', 'sunday', 'weekend']",open sunday weekend
How much is screen replacement this weekend?,The cost depends on the model.,Repair,how much is screen replacement this weekend?,how much is screen replacement this weekend,"['how', 'much', 'is', 'screen', 'replacement', 'this', 'weekend']","['much', 'screen', 'replacement', 'weekend']","['much', 'screen', 'replac', 'weekend']","['much', 'screen', 'replacement', 'weekend']",much screen replacement weekend
What are your opening hours today?,We are open daily from 9:00 AM to 8:00 PM.,Store,what are your opening hours today?,what are your opening hours today,"['what', 'are', 'your', 'opening', 'hours', 'today']","['opening', 'hours', 'today']","['open', 'hour', 'today']","['opening', 'hour', 'today']",opening hour today
Where is your shop located please.,We are located in Colombo.,Store,where is your shop located please.,where is your shop located please,"['where', 'is', 'your', 'shop', 'located', 'please']","['shop', 'located', 'please']","['shop', 'locat', 'pleas']","['shop', 'located', 'please']",shop located please
Do you offer installments this weekend?,"Yes, selected banks are supported.",Payment,do you offer installments this weekend?,do you offer installments this weekend,"['do', 'you', 'offer', 'installments', 'this', 'weekend']","['offer', 'installments', 'weekend']","['offer', 'instal', 'weekend']","['offer', 'installment', 'weekend']",offer installment weekend
Do you open on Sundays?,"Yes, we are open every day.",Store,do you open on sundays?,do you open on sundays,"['do', 'you', 'open', 'on', 'sundays']","['open', 'sundays']","['open', 'sunday']","['open', 'sunday']",open sunday
Do you offer islandwide delivery this weekend?,"Yes, we deliver across Sri Lanka.",Delivery,do you offer islandwide delivery this weekend?,do you offer islandwide delivery this weekend,"['do', 'you', 'offer', 'islandwide', 'delivery', 'this', 'weekend']","['offer', 'islandwide', 'delivery', 'weekend']","['offer', 'islandwid', 'deliveri', 'weekend']","['offer', 'islandwide', 'delivery', 'weekend']",offer islandwide delivery weekend
How long does delivery take?,Usually 1-3 working days.,Delivery,how long does delivery take?,how long does delivery take,"['how', 'long', 'does', 'delivery', 'take']","['long', 'delivery', 'take']","['long', 'deliveri', 'take']","['long', 'delivery', 'take']",long delivery take
Do you offer installments in Kandy?,"Yes, selected banks are supported.",Payment,do you offer installments in kandy?,do you offer installments in kandy,"['do', 'you', 'offer', 'installments', 'in', 'kandy']","['offer', 'installments', 'kandy']","['offer', 'instal', 'kandi']","['offer', 'installment', 'kandy']",offer installment kandy
Do phones have a warranty please.,"Yes, all eligible phones include a warranty.",Warranty,do phones have a warranty please.,do phones have a warranty please,"['do', 'phones', 'have', 'a', 'warranty', 'please']","['phones', 'warranty', 'please']","['phone', 'warranti', 'pleas']","['phone', 'warranty', 'please']",phone warranty please
Is accidental damage covered in Kandy?,"No, accidental damage is not covered.",Warranty,is accidental damage covered in kandy?,is accidental damage covered in kandy,"['is', 'accidental', 'damage', 'covered', 'in', 'kandy']","['accidental', 'damage', 'covered', 'kandy']","['accident', 'damag', 'cover', 'kandi']","['accidental', 'damage', 'covered', 'kandy']",accidental damage covered kandy
Do you repair iPhones for Samsung phones?,"Yes, we repair supported iPhone models.",Repair,do you repair iphones for samsung phones?,do you repair iphones for samsung phones,"['do', 'you', 'repair', 'iphones', 'for', 'samsung', 'phones']","['repair', 'iphones', 'samsung', 'phones']","['repair', 'iphon', 'samsung', 'phone']","['repair', 'iphones', 'samsung', 'phone']",repair iphones samsung phone
Where is your shop located this weekend?,We are located in Colombo.,Store,where is your shop located this weekend?,where is your shop located this weekend,"['where', 'is', 'your', 'shop', 'located', 'this', 'weekend']","['shop', 'located', 'weekend']","['shop', 'locat', 'weekend']","['shop', 'located', 'weekend']",shop located weekend
Is accidental damage covered for Samsung phones?,"No, accidental damage is not covered.",Warranty,is accidental damage covered for samsung phones?,is accidental damage covered for samsung phones,"['is', 'accidental', 'damage', 'covered', 'for', 'samsung', 'phones']","['accidental', 'damage', 'covered', 'samsung', 'phones']","['accident', 'damag', 'cover', 'samsung', 'phone']","['accidental', 'damage', 'covered', 'samsung', 'phone']",accidental damage covered samsung phone
Is accidental damage covered for iPhones?,"No, accidental damage is not covered.",Warranty,is accidental damage covered for iphones?,is accidental damage covered for iphones,"['is', 'accidental', 'damage', 'covered', 'for', 'iphones']","['accidental', 'damage', 'covered', 'iphones']","['accident', 'damag', 'cover', 'iphon']","['accidental', 'damage', 'covered', 'iphones']",accidental damage covered iphones
Can you replace batteries this weekend?,"Yes, battery replacement is available.",Repair,can you replace batteries this weekend?,can you replace batteries this weekend,"['can', 'you', 'replace', 'batteries', 'this', 'weekend']","['replace', 'batteries', 'weekend']","['replac', 'batteri', 'weekend']","['replace', 'battery', 'weekend']",replace battery weekend
Can I pay by card this weekend?,"Yes, Visa and Mastercard are accepted.",Payment,can i pay by card this weekend?,can i pay by card this weekend,"['can', 'i', 'pay', 'by', 'card', 'this', 'weekend']","['pay', 'card', 'weekend']","['pay', 'card', 'weekend']","['pay', 'card', 'weekend']",pay card weekend
Where is your shop located for Samsung phones?,We are located in Colombo.,Store,where is your shop located for samsung phones?,where is your shop located for samsung phones,"['where', 'is', 'your', 'shop', 'located', 'for', 'samsung', 'phones']","['shop', 'located', 'samsung', 'phones']","['shop', 'locat', 'samsung', 'phone']","['shop', 'located', 'samsung', 'phone']",shop located samsung phone
Where is your shop located in Kandy?,We are located in Colombo.,Store,where is your shop located in kandy?,where is your shop located in kandy,"['where', 'is', 'your', 'shop', 'located', 'in', 'kandy']","['shop', 'located', 'kandy']","['shop', 'locat', 'kandi']","['shop', 'located', 'kandy']",shop located kandy
Do you offer islandwide delivery for iPhones?,"Yes, we deliver across Sri Lanka.",Delivery,do you offer islandwide delivery for iphones?,do you offer islandwide delivery for iphones,"['do', 'you', 'offer', 'islandwide', 'delivery', 'for', 'iphones']","['offer', 'islandwide', 'delivery', 'iphones']","['offer', 'islandwid', 'deliveri', 'iphon']","['offer', 'islandwide', 'delivery', 'iphones']",offer islandwide delivery iphones
What are your opening hours in Kandy?,We are open daily from 9:00 AM to 8:00 PM.,Store,what are your opening hours in kandy?,what are your opening hours in kandy,"['what', 'are', 'your', 'opening', 'hours', 'in', 'kandy']","['opening', 'hours', 'kandy']","['open', 'hour', 'kandi']","['opening', 'hour', 'kandy']",opening hour kandy
Do you repair iPhones?,"Yes, we repair supported iPhone models.",Repair,do you repair iphones?,do you repair iphones,"['do', 'you', 'repair', 'iphones']","['repair', 'iphones']","['repair', 'iphon']","['repair', 'iphones']",repair iphones
What are your opening hours?,We are open daily from 9:00 AM to 8:00 PM.,Store,what are your opening hours?,what are your opening hours,"['what', 'are', 'your', 'opening', 'hours']","['opening', 'hours']","['open', 'hour']","['opening', 'hour']",opening hour
Can I pay online in Kandy?,"Yes, online payments are accepted.",Payment,can i pay online in kandy?,can i pay online in kandy,"['can', 'i', 'pay', 'online', 'in', 'kandy']","['pay', 'online', 'kandy']","['pay', 'onlin', 'kandi']","['pay', 'online', 'kandy']",pay online kandy
Where is your shop located please.,We are located in Colombo.,Store,where is your shop located please.,where is your shop located please,"['where', 'is', 'your', 'shop', 'located', 'please']","['shop', 'located', 'please']","['shop', 'locat', 'pleas']","['shop', 'located', 'please']",shop located please
Do you offer installments in Kandy?,"Yes, selected banks are supported.",Payment,do you offer installments in kandy?,do you offer installments in kandy,"['do', 'you', 'offer', 'installments', 'in', 'kandy']","['offer', 'installments', 'kandy']","['offer', 'instal', 'kandi']","['offer', 'installment', 'kandy']",offer installment kandy
Can I pay online in Kandy?,"Yes, online payments are accepted.",Payment,can i pay online in kandy?,can i pay online in kandy,"['can', 'i', 'pay', 'online', 'in', 'kandy']","['pay', 'online', 'kandy']","['pay', 'onlin', 'kandi']","['pay', 'online', 'kandy']",pay online kandy
What are your opening hours today?,We are open daily from 9:00 AM to 8:00 PM.,Store,what are your opening hours today?,what are your opening hours today,"['what', 'are', 'your', 'opening', 'hours', 'today']","['opening', 'hours', 'today']","['open', 'hour', 'today']","['opening', 'hour', 'today']",opening hour today
Can you replace batteries please.,"Yes, battery replacement is available.",Repair,can you replace batteries please.,can you replace batteries please,"['can', 'you', 'replace', 'batteries', 'please']","['replace', 'batteries', 'please']","['replac', 'batteri', 'pleas']","['replace', 'battery', 'please']",replace battery please
How much is screen replacement this weekend?,The cost depends on the model.,Repair,how much is screen replacement this weekend?,how much is screen replacement this weekend,"['how', 'much', 'is', 'screen', 'replacement', 'this', 'weekend']","['much', 'screen', 'replacement', 'weekend']","['much', 'screen', 'replac', 'weekend']","['much', 'screen', 'replacement', 'weekend']",much screen replacement weekend
Can I pay online for iPhones?,"Yes, online payments are accepted.",Payment,can i pay online for iphones?,can i pay online for iphones,"['can', 'i', 'pay', 'online', 'for', 'iphones']","['pay', 'online', 'iphones']","['pay', 'onlin', 'iphon']","['pay', 'online', 'iphones']",pay online iphones
How long does delivery take this weekend?,Usually 1-3 working days.,Delivery,how long does delivery take this weekend?,how long does delivery take this weekend,"['how', 'long', 'does', 'delivery', 'take', 'this', 'weekend']","['long', 'delivery', 'take', 'weekend']","['long', 'deliveri', 'take', 'weekend']","['long', 'delivery', 'take', 'weekend']",long delivery take weekend
What are your opening hours this weekend?,We are open daily from 9:00 AM to 8:00 PM.,Store,what are your opening hours this weekend?,what are your opening hours this weekend,"['what', 'are', 'your', 'opening', 'hours', 'this', 'weekend']","['opening', 'hours', 'weekend']","['open', 'hour', 'weekend']","['opening', 'hour', 'weekend']",opening hour weekend
Do you offer installments today?,"Yes, selected banks are supported.",Payment,do you offer installments today?,do you offer installments today,"['do', 'you', 'offer', 'installments', 'today']","['offer', 'installments', 'today']","['offer', 'instal', 'today']","['offer', 'installment', 'today']",offer installment today
Do phones have a warranty for iPhones?,"Yes, all eligible phones include a warranty.",Warranty,do phones have a warranty for iphones?,do phones have a warranty for iphones,"['do', 'phones', 'have', 'a', 'warranty', 'for', 'iphones']","['phones', 'warranty', 'iphones']","['phone', 'warranti', 'iphon']","['phone', 'warranty', 'iphones']",phone warranty iphones
Do you offer installments?,"Yes, selected banks are supported.",Payment,do you offer installments?,do you offer installments,"['do', 'you', 'offer', 'installments']","['offer', 'installments']","['offer', 'instal']","['offer', 'installment']",offer installment
Do you offer installments today?,"Yes, selected banks are supported.",Payment,do you offer installments today?,do you offer installments today,"['do', 'you', 'offer', 'installments', 'today']","['offer', 'installments', 'today']","['offer', 'instal', 'today']","['offer', 'installment', 'today']",offer installment today
Do you open on Sundays this weekend?,"Yes, we are open every day.",Store,do you open on sundays this weekend?,do you open on sundays this weekend,"['do', 'you', 'open', 'on', 'sundays', 'this', 'weekend']","['open', 'sundays', 'weekend']","['open', 'sunday', 'weekend']","['open', 'sunday', 'weekend']",open sunday weekend
Can you replace batteries for iPhones?,"Yes, battery replacement is available.",Repair,can you replace batteries for iphones?,can you replace batteries for iphones,"['can', 'you', 'replace', 'batteries', 'for', 'iphones']","['replace', 'batteries', 'iphones']","['replac', 'batteri', 'iphon']","['replace', 'battery', 'iphones']",replace battery iphones
Can I pay by card?,"Yes, Visa and Mastercard are accepted.",Payment,can i pay by card?,can i pay by card,"['can', 'i', 'pay', 'by', 'card']","['pay', 'card']","['pay', 'card']","['pay', 'card']",pay card
Where is your shop located please.,We are located in Colombo.,Store,where is your shop located please.,where is your shop located please,"['where', 'is', 'your', 'shop', 'located', 'please']","['shop', 'located', 'please']","['shop', 'locat', 'pleas']","['shop', 'located', 'please']",shop located please
Do you offer installments?,"Yes, selected banks are supported.",Payment,do you offer installments?,do you offer installments,"['do', 'you', 'offer', 'installments']","['offer', 'installments']","['offer', 'instal']","['offer', 'installment']",offer installment
Do you offer installments?,"Yes, selected banks are supported.",Payment,do you offer installments?,do you offer installments,"['do', 'you', 'offer', 'installments']","['offer', 'installments']","['offer', 'instal']","['offer', 'installment']",offer installment
Do you offer installments today?,"Yes, selected banks are supported.",Payment,do you offer installments today?,do you offer installments today,"['do', 'you', 'offer', 'installments', 'today']","['offer', 'installments', 'today']","['offer', 'instal', 'today']","['offer', 'installment', 'today']",offer installment today
Do you open on Sundays?,"Yes, we are open every day.",Store,do you open on sundays?,do you open on sundays,"['do', 'you', 'open', 'on', 'sundays']","['open', 'sundays']","['open', 'sunday']","['open', 'sunday']",open sunday
Can I pay by card for Samsung phones?,"Yes, Visa and Mastercard are accepted.",Payment,can i pay by card for samsung phones?,can i pay by card for samsung phones,"['can', 'i', 'pay', 'by', 'card', 'for', 'samsung', 'phones']","['pay', 'card', 'samsung', 'phones']","['pay', 'card', 'samsung', 'phone']","['pay', 'card', 'samsung', 'phone']",pay card samsung phone
How much is screen replacement today?,The cost depends on the model.,Repair,how much is screen replacement today?,how much is screen replacement today,"['how', 'much', 'is', 'screen', 'replacement', 'today']","['much', 'screen', 'replacement', 'today']","['much', 'screen', 'replac', 'today']","['much', 'screen', 'replacement', 'today']",much screen replacement today
Do you offer islandwide delivery this weekend?,"Yes, we deliver across Sri Lanka.",Delivery,do you offer islandwide delivery this weekend?,do you offer islandwide delivery this weekend,"['do', 'you', 'offer', 'islandwide', 'delivery', 'this', 'weekend']","['offer', 'islandwide', 'delivery', 'weekend']","['offer', 'islandwid', 'deliveri', 'weekend']","['offer', 'islandwide', 'delivery', 'weekend']",offer islandwide delivery weekend
Is accidental damage covered in Kandy?,"No, accidental damage is not covered.",Warranty,is accidental damage covered in kandy?,is accidental damage covered in kandy,"['is', 'accidental', 'damage', 'covered', 'in', 'kandy']","['accidental', 'damage', 'covered', 'kandy']","['accident', 'damag', 'cover', 'kandi']","['accidental', 'damage', 'covered', 'kandy']",accidental damage covered kandy
Is accidental damage covered for Samsung phones?,"No, accidental damage is not covered.",Warranty,is accidental damage covered for samsung phones?,is accidental damage covered for samsung phones,"['is', 'accidental', 'damage', 'covered', 'for', 'samsung', 'phones']","['accidental', 'damage', 'covered', 'samsung', 'phones']","['accident', 'damag', 'cover', 'samsung', 'phone']","['accidental', 'damage', 'covered', 'samsung', 'phone']",accidental damage covered samsung phone
Do you offer installments in Kandy?,"Yes, selected banks are supported.",Payment,do you offer installments in kandy?,do you offer installments in kandy,"['do', 'you', 'offer', 'installments', 'in', 'kandy']","['offer', 'installments', 'kandy']","['offer', 'instal', 'kandi']","['offer', 'installment', 'kandy']",offer installment kandy
Do you repair iPhones?,"Yes, we repair supported iPhone models.",Repair,do you repair iphones?,do you repair iphones,"['do', 'you', 'repair', 'iphones']","['repair', 'iphones']","['repair', 'iphon']","['repair', 'iphones']",repair iphones
Where is your shop located please.,We are located in Colombo.,Store,where is your shop located please.,where is your shop located please,"['where', 'is', 'your', 'shop', 'located', 'please']","['shop', 'located', 'please']","['shop', 'locat', 'pleas']","['shop', 'located', 'please']",shop located please
Do you offer islandwide delivery?,"Yes, we deliver across Sri Lanka.",Delivery,do you offer islandwide delivery?,do you offer islandwide delivery,"['do', 'you', 'offer', 'islandwide', 'delivery']","['offer', 'islandwide', 'delivery']","['offer', 'islandwid', 'deliveri']","['offer', 'islandwide', 'delivery']",offer islandwide delivery
Do you offer installments?,"Yes, selected banks are supported.",Payment,do you offer installments?,do you offer installments,"['do', 'you', 'offer', 'installments']","['offer', 'installments']","['offer', 'instal']","['offer', 'installment']",offer installment
Do you open on Sundays please.,"Yes, we are open every day.",Store,do you open on sundays please.,do you open on sundays please,"['do', 'you', 'open', 'on', 'sundays', 'please']","['open', 'sundays', 'please']","['open', 'sunday', 'pleas']","['open', 'sunday', 'please']",open sunday please
How much is screen replacement this weekend?,The cost depends on the model.,Repair,how much is screen replacement this weekend?,how much is screen replacement this weekend,"['how', 'much', 'is', 'screen', 'replacement', 'this', 'weekend']","['much', 'screen', 'replacement', 'weekend']","['much', 'screen', 'replac', 'weekend']","['much', 'screen', 'replacement', 'weekend']",much screen replacement weekend
Can I pay online in Kandy?,"Yes, online payments are accepted.",Payment,can i pay online in kandy?,can i pay online in kandy,"['can', 'i', 'pay', 'online', 'in', 'kandy']","['pay', 'online', 'kandy']","['pay', 'onlin', 'kandi']","['pay', 'online', 'kandy']",pay online kandy
Do you repair iPhones this weekend?,"Yes, we repair supported iPhone models.",Repair,do you repair iphones this weekend?,do you repair iphones this weekend,"['do', 'you', 'repair', 'iphones', 'this', 'weekend']","['repair', 'iphones', 'weekend']","['repair', 'iphon', 'weekend']","['repair', 'iphones', 'weekend']",repair iphones weekend
How long is the warranty for Samsung phones?,Warranty depends on the brand and model.,Warranty,how long is the warranty for samsung phones?,how long is the warranty for samsung phones,"['how', 'long', 'is', 'the', 'warranty', 'for', 'samsung', 'phones']","['long', 'warranty', 'samsung', 'phones']","['long', 'warranti', 'samsung', 'phone']","['long', 'warranty', 'samsung', 'phone']",long warranty samsung phone
Can I pay by card?,"Yes, Visa and Mastercard are accepted.",Payment,can i pay by card?,can i pay by card,"['can', 'i', 'pay', 'by', 'card']","['pay', 'card']","['pay', 'card']","['pay', 'card']",pay card
Can I track my order today?,"Yes, we'll provide a tracking update.",Delivery,can i track my order today?,can i track my order today,"['can', 'i', 'track', 'my', 'order', 'today']","['track', 'order', 'today']","['track', 'order', 'today']","['track', 'order', 'today']",track order today
Can I track my order for Samsung phones?,"Yes, we'll provide a tracking update.",Delivery,can i track my order for samsung phones?,can i track my order for samsung phones,"['can', 'i', 'track', 'my', 'order', 'for', 'samsung', 'phones']","['track', 'order', 'samsung', 'phones']","['track', 'order', 'samsung', 'phone']","['track', 'order', 'samsung', 'phone']",track order samsung phone
What are your opening hours for iPhones?,We are open daily from 9:00 AM to 8:00 PM.,Store,what are your opening hours for iphones?,what are your opening hours for iphones,"['what', 'are', 'your', 'opening', 'hours', 'for', 'iphones']","['opening', 'hours', 'iphones']","['open', 'hour', 'iphon']","['opening', 'hour', 'iphones']",opening hour iphones
Do you open on Sundays please.,"Yes, we are open every day.",Store,do you open on sundays please.,do you open on sundays please,"['do', 'you', 'open', 'on', 'sundays', 'please']","['open', 'sundays', 'please']","['open', 'sunday', 'pleas']","['open', 'sunday', 'please']",open sunday please
How long is the warranty today?,Warranty depends on the brand and model.,Warranty,how long is the warranty today?,how long is the warranty today,"['how', 'long', 'is', 'the', 'warranty', 'today']","['long', 'warranty', 'today']","['long', 'warranti', 'today']","['long', 'warranty', 'today']",long warranty today
Is accidental damage covered this weekend?,"No, accidental damage is not covered.",Warranty,is accidental damage covered this weekend?,is accidental damage covered this weekend,"['is', 'accidental', 'damage', 'covered', 'this', 'weekend']","['accidental', 'damage', 'covered', 'weekend']","['accident', 'damag', 'cover', 'weekend']","['accidental', 'damage', 'covered', 'weekend']",accidental damage covered weekend
How long does delivery take this weekend?,Usually 1-3 working days.,Delivery,how long does delivery take this weekend?,how long does delivery take this weekend,"['how', 'long', 'does', 'delivery', 'take', 'this', 'weekend']","['long', 'delivery', 'take', 'weekend']","['long', 'deliveri', 'take', 'weekend']","['long', 'delivery', 'take', 'weekend']",long delivery take weekend
What are your opening hours today?,We are open daily from 9:00 AM to 8:00 PM.,Store,what are your opening hours today?,what are your opening hours today,"['what', 'are', 'your', 'opening', 'hours', 'today']","['opening', 'hours', 'today']","['open', 'hour', 'today']","['opening', 'hour', 'today']",opening hour today
How much is screen replacement please.,The cost depends on the model.,Repair,how much is screen replacement please.,how much is screen replacement please,"['how', 'much', 'is', 'screen', 'replacement', 'please']","['much', 'screen', 'replacement', 'please']","['much', 'screen', 'replac', 'pleas']","['much', 'screen', 'replacement', 'please']",much screen replacement please
Can I pay online for iPhones?,"Yes, online payments are accepted.",Payment,can i pay online for iphones?,can i pay online for iphones,"['can', 'i', 'pay', 'online', 'for', 'iphones']","['pay', 'online', 'iphones']","['pay', 'onlin', 'iphon']","['pay', 'online', 'iphones']",pay online iphones
Do you offer islandwide delivery please.,"Yes, we deliver across Sri Lanka.",Delivery,do you offer islandwide delivery please.,do you offer islandwide delivery please,"['do', 'you', 'offer', 'islandwide', 'delivery', 'please']","['offer', 'islandwide', 'delivery', 'please']","['offer', 'islandwid', 'deliveri', 'pleas']","['offer', 'islandwide', 'delivery', 'please']",offer islandwide delivery please
How much is screen replacement?,The cost depends on the model.,Repair,how much is screen replacement?,how much is screen replacement,"['how', 'much', 'is', 'screen', 'replacement']","['much', 'screen', 'replacement']","['much', 'screen', 'replac']","['much', 'screen', 'replacement']",much screen replacement
How long is the warranty today?,Warranty depends on the brand and model.,Warranty,how long is the warranty today?,how long is the warranty today,"['how', 'long', 'is', 'the', 'warranty', 'today']","['long', 'warranty', 'today']","['long', 'warranti', 'today']","['long', 'warranty', 'today']",long warranty today
Can I pay online in Kandy?,"Yes, online payments are accepted.",Payment,can i pay online in kandy?,can i pay online in kandy,"['can', 'i', 'pay', 'online', 'in', 'kandy']","['pay', 'online', 'kandy']","['pay', 'onlin', 'kandi']","['pay', 'online', 'kandy']",pay online kandy
How long is the warranty today?,Warranty depends on the brand and model.,Warranty,how long is the warranty today?,how long is the warranty today,"['how', 'long', 'is', 'the', 'warranty', 'today']","['long', 'warranty', 'today']","['long', 'warranti', 'today']","['long', 'warranty', 'today']",long warranty today
Do you repair iPhones this weekend?,"Yes, we repair supported iPhone models.",Repair,do you repair iphones this weekend?,do you repair iphones this weekend,"['do', 'you', 'repair', 'iphones', 'this', 'weekend']","['repair', 'iphones', 'weekend']","['repair', 'iphon', 'weekend']","['repair', 'iphones', 'weekend']",repair iphones weekend
Can I pay online for iPhones?,"Yes, online payments are accepted.",Payment,can i pay online for iphones?,can i pay online for iphones,"['can', 'i', 'pay', 'online', 'for', 'iphones']","['pay', 'online', 'iphones']","['pay', 'onlin', 'iphon']","['pay', 'online', 'iphones']",pay online iphones
How long does delivery take this weekend?,Usually 1-3 working days.,Delivery,how long does delivery take this weekend?,how long does delivery take this weekend,"['how', 'long', 'does', 'delivery', 'take', 'this', 'weekend']","['long', 'delivery', 'take', 'weekend']","['long', 'deliveri', 'take', 'weekend']","['long', 'delivery', 'take', 'weekend']",long delivery take weekend
How long does delivery take?,Usually 1-3 working days.,Delivery,how long does delivery take?,how long does delivery take,"['how', 'long', 'does', 'delivery', 'take']","['long', 'delivery', 'take']","['long', 'deliveri', 'take']","['long', 'delivery', 'take']",long delivery take
Do phones have a warranty for Samsung phones?,"Yes, all eligible phones include a warranty.",Warranty,do phones have a warranty for samsung phones?,do phones have a warranty for samsung phones,"['do', 'phones', 'have', 'a', 'warranty', 'for', 'samsung', 'phones']","['phones', 'warranty', 'samsung', 'phones']","['phone', 'warranti', 'samsung', 'phone']","['phone', 'warranty', 'samsung', 'phone']",phone warranty samsung phone
Do you repair iPhones this weekend?,"Yes, we repair supported iPhone models.",Repair,do you repair iphones this weekend?,do you repair iphones this weekend,"['do', 'you', 'repair', 'iphones', 'this', 'weekend']","['repair', 'iphones', 'weekend']","['repair', 'iphon', 'weekend']","['repair', 'iphones', 'weekend']",repair iphones weekend
Is accidental damage covered today?,"No, accidental damage is not covered.",Warranty,is accidental damage covered today?,is accidental damage covered today,"['is', 'accidental', 'damage', 'covered', 'today']","['accidental', 'damage', 'covered', 'today']","['accident', 'damag', 'cover', 'today']","['accidental', 'damage', 'covered', 'today']",accidental damage covered today
Is accidental damage covered this weekend?,"No, accidental damage is not covered.",Warranty,is accidental damage covered this weekend?,is accidental damage covered this weekend,"['is', 'accidental', 'damage', 'covered', 'this', 'weekend']","['accidental', 'damage', 'covered', 'weekend']","['accident', 'damag', 'cover', 'weekend']","['accidental', 'damage', 'covered', 'weekend']",accidental damage covered weekend
How long does delivery take this weekend?,Usually 1-3 working days.,Delivery,how long does delivery take this weekend?,how long does delivery take this weekend,"['how', 'long', 'does', 'delivery', 'take', 'this', 'weekend']","['long', 'delivery', 'take', 'weekend']","['long', 'deliveri', 'take', 'weekend']","['long', 'delivery', 'take', 'weekend']",long delivery take weekend
Where is your shop located?,We are located in Colombo.,Store,where is your shop located?,where is your shop located,"['where', 'is', 'your', 'shop', 'located']","['shop', 'located']","['shop', 'locat']","['shop', 'located']",shop located
How much is screen replacement this weekend?,The cost depends on the model.,Repair,how much is screen replacement this weekend?,how much is screen replacement this weekend,"['how', 'much', 'is', 'screen', 'replacement', 'this', 'weekend']","['much', 'screen', 'replacement', 'weekend']","['much', 'screen', 'replac', 'weekend']","['much', 'screen', 'replacement', 'weekend']",much screen replacement weekend
Can you replace batteries please.,"Yes, battery replacement is available.",Repair,can you replace batteries please.,can you replace batteries please,"['can', 'you', 'replace', 'batteries', 'please']","['replace', 'batteries', 'please']","['replac', 'batteri', 'pleas']","['replace', 'battery', 'please']",replace battery please
Is accidental damage covered?,"No, accidental damage is not covered.",Warranty,is accidental damage covered?,is accidental damage covered,"['is', 'accidental', 'damage', 'covered']","['accidental', 'damage', 'covered']","['accident', 'damag', 'cover']","['accidental', 'damage', 'covered']",accidental damage covered
How long is the warranty please.,Warranty depends on the brand and model.,Warranty,how long is the warranty please.,how long is the warranty please,"['how', 'long', 'is', 'the', 'warranty', 'please']","['long', 'warranty', 'please']","['long', 'warranti', 'pleas']","['long', 'warranty', 'please']",long warranty please
Do you open on Sundays?,"Yes, we are open every day.",Store,do you open on sundays?,do you open on sundays,"['do', 'you', 'open', 'on', 'sundays']","['open', 'sundays']","['open', 'sunday']","['open', 'sunday']",open sunday
Do you offer islandwide delivery this weekend?,"Yes, we deliver across Sri Lanka.",Delivery,do you offer islandwide delivery this weekend?,do you offer islandwide delivery this weekend,"['do', 'you', 'offer', 'islandwide', 'delivery', 'this', 'weekend']","['offer', 'islandwide', 'delivery', 'weekend']","['offer', 'islandwid', 'deliveri', 'weekend']","['offer', 'islandwide', 'delivery', 'weekend']",offer islandwide delivery weekend
What are your opening hours this weekend?,We are open daily from 9:00 AM to 8:00 PM.,Store,what are your opening hours this weekend?,what are your opening hours this weekend,"['what', 'are', 'your', 'opening', 'hours', 'this', 'weekend']","['opening', 'hours', 'weekend']","['open', 'hour', 'weekend']","['opening', 'hour', 'weekend']",opening hour weekend
Can I pay online in Kandy?,"Yes, online payments are accepted.",Payment,can i pay online in kandy?,can i pay online in kandy,"['can', 'i', 'pay', 'online', 'in', 'kandy']","['pay', 'online', 'kandy']","['pay', 'onlin', 'kandi']","['pay', 'online', 'kandy']",pay online kandy
Can you replace batteries for Samsung phones?,"Yes, battery replacement is available.",Repair,can you replace batteries for samsung phones?,can you replace batteries for samsung phones,"['can', 'you', 'replace', 'batteries', 'for', 'samsung', 'phones']","['replace', 'batteries', 'samsung', 'phones']","['replac', 'batteri', 'samsung', 'phone']","['replace', 'battery', 'samsung', 'phone']",replace battery samsung phone
Can you replace batteries for Samsung phones?,"Yes, battery replacement is available.",Repair,can you replace batteries for samsung phones?,can you replace batteries for samsung phones,"['can', 'you', 'replace', 'batteries', 'for', 'samsung', 'phones']","['replace', 'batteries', 'samsung', 'phones']","['replac', 'batteri', 'samsung', 'phone']","['replace', 'battery', 'samsung', 'phone']",replace battery samsung phone
Can I pay by card in Kandy?,"Yes, Visa and Mastercard are accepted.",Payment,can i pay by card in kandy?,can i pay by card in kandy,"['can', 'i', 'pay', 'by', 'card', 'in', 'kandy']","['pay', 'card', 'kandy']","['pay', 'card', 'kandi']","['pay', 'card', 'kandy']",pay card kandy
How long does delivery take in Kandy?,Usually 1-3 working days.,Delivery,how long does delivery take in kandy?,how long does delivery take in kandy,"['how', 'long', 'does', 'delivery', 'take', 'in', 'kandy']","['long', 'delivery', 'take', 'kandy']","['long', 'deliveri', 'take', 'kandi']","['long', 'delivery', 'take', 'kandy']",long delivery take kandy
Do you open on Sundays for Samsung phones?,"Yes, we are open every day.",Store,do you open on sundays for samsung phones?,do you open on sundays for samsung phones,"['do', 'you', 'open', 'on', 'sundays', 'for', 'samsung', 'phones']","['open', 'sundays', 'samsung', 'phones']","['open', 'sunday', 'samsung', 'phone']","['open', 'sunday', 'samsung', 'phone']",open sunday samsung phone
How much is screen replacement please.,The cost depends on the model.,Repair,how much is screen replacement please.,how much is screen replacement please,"['how', 'much', 'is', 'screen', 'replacement', 'please']","['much', 'screen', 'replacement', 'please']","['much', 'screen', 'replac', 'pleas']","['much', 'screen', 'replacement', 'please']",much screen replacement please
How long is the warranty for iPhones?,Warranty depends on the brand and model.,Warranty,how long is the warranty for iphones?,how long is the warranty for iphones,"['how', 'long', 'is', 'the', 'warranty', 'for', 'iphones']","['long', 'warranty', 'iphones']","['long', 'warranti', 'iphon']","['long', 'warranty', 'iphones']",long warranty iphones
Do you offer islandwide delivery for iPhones?,"Yes, we deliver across Sri Lanka.",Delivery,do you offer islandwide delivery for iphones?,do you offer islandwide delivery for iphones,"['do', 'you', 'offer', 'islandwide', 'delivery', 'for', 'iphones']","['offer', 'islandwide', 'delivery', 'iphones']","['offer', 'islandwid', 'deliveri', 'iphon']","['offer', 'islandwide', 'delivery', 'iphones']",offer islandwide delivery iphones
How much is screen replacement?,The cost depends on the model.,Repair,how much is screen replacement?,how much is screen replacement,"['how', 'much', 'is', 'screen', 'replacement']","['much', 'screen', 'replacement']","['much', 'screen', 'replac']","['much', 'screen', 'replacement']",much screen replacement
Can you replace batteries this weekend?,"Yes, battery replacement is available.",Repair,can you replace batteries this weekend?,can you replace batteries this weekend,"['can', 'you', 'replace', 'batteries', 'this', 'weekend']","['replace', 'batteries', 'weekend']","['replac', 'batteri', 'weekend']","['replace', 'battery', 'weekend']",replace battery weekend
Do you offer islandwide delivery in Kandy?,"Yes, we deliver across Sri Lanka.",Delivery,do you offer islandwide delivery in kandy?,do you offer islandwide delivery in kandy,"['do', 'you', 'offer', 'islandwide', 'delivery', 'in', 'kandy']","['offer', 'islandwide', 'delivery', 'kandy']","['offer', 'islandwid', 'deliveri', 'kandi']","['offer', 'islandwide', 'delivery', 'kandy']",offer islandwide delivery kandy
Do you repair iPhones for iPhones?,"Yes, we repair supported iPhone models.",Repair,do you repair iphones for iphones?,do you repair iphones for iphones,"['do', 'you', 'repair', 'iphones', 'for', 'iphones']","['repair', 'iphones', 'iphones']","['repair', 'iphon', 'iphon']","['repair', 'iphones', 'iphones']",repair iphones iphones
Can I pay online for Samsung phones?,"Yes, online payments are accepted.",Payment,can i pay online for samsung phones?,can i pay online for samsung phones,"['can', 'i', 'pay', 'online', 'for', 'samsung', 'phones']","['pay', 'online', 'samsung', 'phones']","['pay', 'onlin', 'samsung', 'phone']","['pay', 'online', 'samsung', 'phone']",pay online samsung phone
Do you open on Sundays for Samsung phones?,"Yes, we are open every day.",Store,do you open on sundays for samsung phones?,do you open on sundays for samsung phones,"['do', 'you', 'open', 'on', 'sundays', 'for', 'samsung', 'phones']","['open', 'sundays', 'samsung', 'phones']","['open', 'sunday', 'samsung', 'phone']","['open', 'sunday', 'samsung', 'phone']",open sunday samsung phone
Can I track my order today?,"Yes, we'll provide a tracking update.",Delivery,can i track my order today?,can i track my order today,"['can', 'i', 'track', 'my', 'order', 'today']","['track', 'order', 'today']","['track', 'order', 'today']","['track', 'order', 'today']",track order today
Is accidental damage covered for Samsung phones?,"No, accidental damage is not covered.",Warranty,is accidental damage covered for samsung phones?,is accidental damage covered for samsung phones,"['is', 'accidental', 'damage', 'covered', 'for', 'samsung', 'phones']","['accidental', 'damage', 'covered', 'samsung', 'phones']","['accident', 'damag', 'cover', 'samsung', 'phone']","['accidental', 'damage', 'covered', 'samsung', 'phone']",accidental damage covered samsung phone
Can I track my order for Samsung phones?,"Yes, we'll provide a tracking update.",Delivery,can i track my order for samsung phones?,can i track my order for samsung phones,"['can', 'i', 'track', 'my', 'order', 'for', 'samsung', 'phones']","['track', 'order', 'samsung', 'phones']","['track', 'order', 'samsung', 'phone']","['track', 'order', 'samsung', 'phone']",track order samsung phone
Do you repair iPhones for iPhones?,"Yes, we repair supported iPhone models.",Repair,do you repair iphones for iphones?,do you repair iphones for iphones,"['do', 'you', 'repair', 'iphones', 'for', 'iphones']","['repair', 'iphones', 'iphones']","['repair', 'iphon', 'iphon']","['repair', 'iphones', 'iphones']",repair iphones iphones
Do you offer islandwide delivery for Samsung phones?,"Yes, we deliver across Sri Lanka.",Delivery,do you offer islandwide delivery for samsung phones?,do you offer islandwide delivery for samsung phones,"['do', 'you', 'offer', 'islandwide', 'delivery', 'for', 'samsung', 'phones']","['offer', 'islandwide', 'delivery', 'samsung', 'phones']","['offer', 'islandwid', 'deliveri', 'samsung', 'phone']","['offer', 'islandwide', 'delivery', 'samsung', 'phone']",offer islandwide delivery samsung phone
Where is your shop located today?,We are located in Colombo.,Store,where is your shop located today?,where is your shop located today,"['where', 'is', 'your', 'shop', 'located', 'today']","['shop', 'located', 'today']","['shop', 'locat', 'today']","['shop', 'located', 'today']",shop located today
How long is the warranty?,Warranty depends on the brand and model.,Warranty,how long is the warranty?,how long is the warranty,"['how', 'long', 'is', 'the', 'warranty']","['long', 'warranty']","['long', 'warranti']","['long', 'warranty']",long warranty
Where is your shop located in Kandy?,We are located in Colombo.,Store,where is your shop located in kandy?,where is your shop located in kandy,"['where', 'is', 'your', 'shop', 'located', 'in', 'kandy']","['shop', 'located', 'kandy']","['shop', 'locat', 'kandi']","['shop', 'located', 'kandy']",shop located kandy
What are your opening hours?,We are open daily from 9:00 AM to 8:00 PM.,Store,what are your opening hours?,what are your opening hours,"['what', 'are', 'your', 'opening', 'hours']","['opening', 'hours']","['open', 'hour']","['opening', 'hour']",opening hour
Do phones have a warranty in Kandy?,"Yes, all eligible phones include a warranty.",Warranty,do phones have a warranty in kandy?,do phones have a warranty in kandy,"['do', 'phones', 'have', 'a', 'warranty', 'in', 'kandy']","['phones', 'warranty', 'kandy']","['phone', 'warranti', 'kandi']","['phone', 'warranty', 'kandy']",phone warranty kandy
Can I pay by card this weekend?,"Yes, Visa and Mastercard are accepted.",Payment,can i pay by card this weekend?,can i pay by card this weekend,"['can', 'i', 'pay', 'by', 'card', 'this', 'weekend']","['pay', 'card', 'weekend']","['pay', 'card', 'weekend']","['pay', 'card', 'weekend']",pay card weekend
Where is your shop located this weekend?,We are located in Colombo.,Store,where is your shop located this weekend?,where is your shop located this weekend,"['where', 'is', 'your', 'shop', 'located', 'this', 'weekend']","['shop', 'located', 'weekend']","['shop', 'locat', 'weekend']","['shop', 'located', 'weekend']",shop located weekend
Do you repair iPhones this weekend?,"Yes, we repair supported iPhone models.",Repair,do you repair iphones this weekend?,do you repair iphones this weekend,"['do', 'you', 'repair', 'iphones', 'this', 'weekend']","['repair', 'iphones', 'weekend']","['repair', 'iphon', 'weekend']","['repair', 'iphones', 'weekend']",repair iphones weekend
Do you offer islandwide delivery for iPhones?,"Yes, we deliver across Sri Lanka.",Delivery,do you offer islandwide delivery for iphones?,do you offer islandwide delivery for iphones,"['do', 'you', 'offer', 'islandwide', 'delivery', 'for', 'iphones']","['offer', 'islandwide', 'delivery', 'iphones']","['offer', 'islandwid', 'deliveri', 'iphon']","['offer', 'islandwide', 'delivery', 'iphones']",offer islandwide delivery iphones
How much is screen replacement for iPhones?,The cost depends on the model.,Repair,how much is screen replacement for iphones?,how much is screen replacement for iphones,"['how', 'much', 'is', 'screen', 'replacement', 'for', 'iphones']","['much', 'screen', 'replacement', 'iphones']","['much', 'screen', 'replac', 'iphon']","['much', 'screen', 'replacement', 'iphones']",much screen replacement iphones
Can I track my order in Kandy?,"Yes, we'll provide a tracking update.",Delivery,can i track my order in kandy?,can i track my order in kandy,"['can', 'i', 'track', 'my', 'order', 'in', 'kandy']","['track', 'order', 'kandy']","['track', 'order', 'kandi']","['track', 'order', 'kandy']",track order kandy
What are your opening hours in Kandy?,We are open daily from 9:00 AM to 8:00 PM.,Store,what are your opening hours in kandy?,what are your opening hours in kandy,"['what', 'are', 'your', 'opening', 'hours', 'in', 'kandy']","['opening', 'hours', 'kandy']","['open', 'hour', 'kandi']","['opening', 'hour', 'kandy']",opening hour kandy
How much is screen replacement in Kandy?,The cost depends on the model.,Repair,how much is screen replacement in kandy?,how much is screen replacement in kandy,"['how', 'much', 'is', 'screen', 'replacement', 'in', 'kandy']","['much', 'screen', 'replacement', 'kandy']","['much', 'screen', 'replac', 'kandi']","['much', 'screen', 'replacement', 'kandy']",much screen replacement kandy
Do you repair iPhones please.,"Yes, we repair supported iPhone models.",Repair,do you repair iphones please.,do you repair iphones please,"['do', 'you', 'repair', 'iphones', 'please']","['repair', 'iphones', 'please']","['repair', 'iphon', 'pleas']","['repair', 'iphones', 'please']",repair iphones please
Can you replace batteries for Samsung phones?,"Yes, battery replacement is available.",Repair,can you replace batteries for samsung phones?,can you replace batteries for samsung phones,"['can', 'you', 'replace', 'batteries', 'for', 'samsung', 'phones']","['replace', 'batteries', 'samsung', 'phones']","['replac', 'batteri', 'samsung', 'phone']","['replace', 'battery', 'samsung', 'phone']",replace battery samsung phone
What are your opening hours please.,We are open daily from 9:00 AM to 8:00 PM.,Store,what are your opening hours please.,what are your opening hours please,"['what', 'are', 'your', 'opening', 'hours', 'please']","['opening', 'hours', 'please']","['open', 'hour', 'pleas']","['opening', 'hour', 'please']",opening hour please
