Company Name,Model Name,Mobile Weight,RAM,Front Camera,Back Camera,Processor,Battery Capacity,Screen Size,Price [LKR],Launched Year,Colour,Network,Stock Status,Warranty
apple,iphone 16 128gb,174g,6gb,12mp,48mp,a17 bionic,"3,600mah",6.1 inches,"lkr 268,504",2024,white,"5g, 4g, 3g, 2g",in stock,1 year limited warranty
apple,iphone 16 256gb,174g,6gb,12mp,48mp,a17 bionic,"3,600mah",6.1 inches,"lkr 285,306",2024,midnight,"5g, 4g, 3g, 2g",in stock,1 year limited warranty
apple,iphone 16 512gb,174g,6gb,12mp,48mp,a17 bionic,"3,600mah",6.1 inches,"lkr 302,109",2024,black,"5g, 4g, 3g, 2g",in stock,1 year limited warranty
apple,iphone 16 plus 128gb,203g,6gb,12mp,48mp,a17 bionic,"4,200mah",6.7 inches,"lkr 302,109",2024,starlight,"5g, 4g, 3g, 2g",in stock,1 year limited warranty
apple,iphone 16 plus 256gb,203g,6gb,12mp,48mp,a17 bionic,"4,200mah",6.7 inches,"lkr 318,911",2024,blue,"5g, 4g, 3g, 2g",in stock,1 year limited warranty
apple,iphone 16 plus 512gb,203g,6gb,12mp,48mp,a17 bionic,"4,200mah",6.7 inches,"lkr 335,714",2024,white,"5g, 4g, 3g, 2g",in stock,1 year limited warranty
apple,iphone 16 pro 128gb,206g,6gb,12mp / 4k,50mp + 12mp,a17 pro,"4,400mah",6.1 inches,"lkr 335,714",2024,natural titanium,"5g, 4g, 3g, 2g",in stock,1 year limited warranty
apple,iphone 16 pro 256gb,206g,8gb,12mp / 4k,50mp + 12mp,a17 pro,"4,400mah",6.1 inches,"lkr 352,516",2024,black,"5g, 4g, 3g, 2g",in stock,1 year limited warranty
apple,iphone 16 pro 512gb,206g,8gb,12mp / 4k,50mp + 12mp,a17 pro,"4,400mah",6.1 inches,"lkr 369,319",2024,starlight,"5g, 4g, 3g, 2g",in stock,1 year limited warranty
apple,iphone 16 pro max 128gb,221g,6gb,12mp / 4k,48mp + 12mp,a17 pro,"4,500mah",6.7 inches,"lkr 369,319",2024,blue titanium,"5g, 4g, 3g, 2g",in stock,1 year limited warranty
apple,iphone 16 pro max 256gb,221g,8gb,12mp / 4k,48mp + 12mp,a17 pro,"4,500mah",6.7 inches,"lkr 402,924",2024,desert titanium,"5g, 4g, 3g, 2g",in stock,1 year limited warranty
apple,iphone 16 pro max 512gb,221g,8gb,12mp / 4k,48mp + 12mp,a17 pro,"4,500mah",6.7 inches,"lkr 436,529",2024,blue titanium,"5g, 4g, 3g, 2g",in stock,1 year limited warranty
apple,iphone 15 128gb,171g,6gb,12mp,48mp,a16 bionic,"3,200mah",6.1 inches,"lkr 268,504",2023,blue,"5g, 4g, 3g, 2g",limited stock,1 year limited warranty
apple,iphone 15 256gb,171g,6gb,12mp,48mp,a16 bionic,"3,200mah",6.1 inches,"lkr 285,306",2023,black titanium,"5g, 4g, 3g, 2g",limited stock,1 year limited warranty
apple,iphone 15 512gb,171g,6gb,12mp,48mp,a16 bionic,"3,200mah",6.1 inches,"lkr 318,911",2023,starlight,"5g, 4g, 3g, 2g",limited stock,1 year limited warranty
apple,iphone 15 plus 128gb,203g,6gb,12mp,48mp,a16 bionic,"4,300mah",6.7 inches,"lkr 302,109",2023,blue titanium,"5g, 4g, 3g, 2g",limited stock,1 year limited warranty
apple,iphone 15 plus 256gb,203g,6gb,12mp,48mp,a16 bionic,"4,300mah",6.7 inches,"lkr 335,714",2023,starlight,"5g, 4g, 3g, 2g",limited stock,1 year limited warranty
apple,iphone 15 plus 512gb,203g,6gb,12mp,48mp,a16 bionic,"4,300mah",6.7 inches,"lkr 352,516",2023,pink,"5g, 4g, 3g, 2g",limited stock,1 year limited warranty
apple,iphone 15 pro 128gb,206g,6gb,12mp / 4k,48mp + 12mp,a16 bionic,"4,400mah",6.1 inches,"lkr 369,319",2023,black,"5g, 4g, 3g, 2g",limited stock,1 year limited warranty
apple,iphone 15 pro 256gb,206g,8gb,12mp / 4k,48mp + 12mp,a16 bionic,"4,400mah",6.1 inches,"lkr 402,924",2023,white,"5g, 4g, 3g, 2g",limited stock,1 year limited warranty
apple,iphone 15 pro 512gb,206g,8gb,12mp / 4k,48mp + 12mp,a16 bionic,"4,400mah",6.1 inches,"lkr 436,529",2023,pink,"5g, 4g, 3g, 2g",limited stock,1 year limited warranty
apple,iphone 15 pro max 128gb,221g,6gb,12mp / 4k,48mp + 12mp,a16 bionic,"4,500mah",6.7 inches,"lkr 402,924",2023,natural titanium,"5g, 4g, 3g, 2g",limited stock,1 year limited warranty
apple,iphone 15 pro max 256gb,221g,8gb,12mp / 4k,48mp + 12mp,a16 bionic,"4,500mah",6.7 inches,"lkr 436,529",2023,black titanium,"5g, 4g, 3g, 2g",limited stock,1 year limited warranty
apple,iphone 15 pro max 512gb,221g,8gb,12mp / 4k,48mp + 12mp,a16 bionic,"4,500mah",6.7 inches,"lkr 470,134",2023,blue,"5g, 4g, 3g, 2g",limited stock,1 year limited warranty
apple,iphone 14 128gb,172g,6gb,12mp,12mp + 12mp,a15 bionic,"3,200mah",6.1 inches,"lkr 268,504",2022,yellow,"5g, 4g, 3g, 2g",limited stock,1 year limited warranty
apple,iphone 14 256gb,172g,6gb,12mp,12mp + 12mp,a15 bionic,"3,200mah",6.1 inches,"lkr 285,306",2022,midnight,"5g, 4g, 3g, 2g",limited stock,1 year limited warranty
apple,iphone 14 512gb,172g,6gb,12mp,12mp + 12mp,a15 bionic,"3,200mah",6.1 inches,"lkr 318,911",2022,midnight,"5g, 4g, 3g, 2g",limited stock,1 year limited warranty
apple,iphone 14 plus 128gb,203g,6gb,12mp,12mp + 12mp,a15 bionic,"4,325mah",6.7 inches,"lkr 302,109",2022,green,"5g, 4g, 3g, 2g",limited stock,1 year limited warranty
apple,iphone 14 plus 256gb,203g,6gb,12mp,12mp + 12mp,a15 bionic,"4,325mah",6.7 inches,"lkr 335,714",2022,natural titanium,"5g, 4g, 3g, 2g",limited stock,1 year limited warranty
apple,iphone 14 plus 512gb,203g,6gb,12mp,12mp + 12mp,a15 bionic,"4,325mah",6.7 inches,"lkr 352,516",2022,natural titanium,"5g, 4g, 3g, 2g",limited stock,1 year limited warranty
apple,iphone 14 pro 128gb,206g,6gb,12mp / 4k,48mp + 12mp,a16 bionic,"4,200mah",6.1 inches,"lkr 369,319",2022,blue,"5g, 4g, 3g, 2g",limited stock,1 year limited warranty
apple,iphone 14 pro 256gb,206g,8gb,12mp / 4k,48mp + 12mp,a16 bionic,"4,200mah",6.1 inches,"lkr 402,924",2022,blue titanium,"5g, 4g, 3g, 2g",limited stock,1 year limited warranty
apple,iphone 14 pro 512gb,206g,8gb,12mp / 4k,48mp + 12mp,a16 bionic,"4,200mah",6.1 inches,"lkr 436,529",2022,blue,"5g, 4g, 3g, 2g",limited stock,1 year limited warranty
apple,iphone 14 pro max 128gb,221g,6gb,12mp / 4k,48mp + 12mp,a16 bionic,"4,500mah",6.7 inches,"lkr 402,924",2022,(product)red,"5g, 4g, 3g, 2g",limited stock,1 year limited warranty
apple,iphone 14 pro max 256gb,221g,8gb,12mp / 4k,48mp + 12mp,a16 bionic,"4,500mah",6.7 inches,"lkr 436,529",2022,starlight,"5g, 4g, 3g, 2g",limited stock,1 year limited warranty
apple,iphone 14 pro max 512gb,221g,8gb,12mp / 4k,48mp + 12mp,a16 bionic,"4,500mah",6.7 inches,"lkr 470,134",2022,pink,"5g, 4g, 3g, 2g",limited stock,1 year limited warranty
apple,iphone 13 mini 128gb,140g,4gb,12mp,12mp,a15 bionic,"2,438mah",5.4 inches,"lkr 234,899",2021,black titanium,"5g, 4g, 3g, 2g",discontinued,1 year limited warranty
apple,iphone 13 mini 256gb,140g,4gb,12mp,12mp,a15 bionic,"2,438mah",5.4 inches,"lkr 268,504",2021,white,"5g, 4g, 3g, 2g",discontinued,1 year limited warranty
apple,iphone 13 mini 512gb,140g,4gb,12mp,12mp,a15 bionic,"2,438mah",5.4 inches,"lkr 302,109",2021,white,"5g, 4g, 3g, 2g",discontinued,1 year limited warranty
apple,iphone 13 128gb,174g,4gb,12mp,12mp + 12mp,a15 bionic,"3,240mah",6.1 inches,"lkr 268,504",2021,black titanium,"5g, 4g, 3g, 2g",discontinued,1 year limited warranty
apple,iphone 13 256gb,174g,4gb,12mp,12mp + 12mp,a15 bionic,"3,240mah",6.1 inches,"lkr 302,109",2021,green,"5g, 4g, 3g, 2g",discontinued,1 year limited warranty
apple,iphone 13 512gb,174g,4gb,12mp,12mp + 12mp,a15 bionic,"3,240mah",6.1 inches,"lkr 335,714",2021,starlight,"5g, 4g, 3g, 2g",discontinued,1 year limited warranty
apple,iphone 13 pro 128gb,204g,6gb,12mp / 4k,12mp + 12mp + 12mp,a15 bionic,"3,095mah",6.1 inches,"lkr 335,714",2021,black titanium,"5g, 4g, 3g, 2g",discontinued,1 year limited warranty
apple,iphone 13 pro 256gb,204g,6gb,12mp / 4k,12mp + 12mp + 12mp,a15 bionic,"3,095mah",6.1 inches,"lkr 369,319",2021,black titanium,"5g, 4g, 3g, 2g",discontinued,1 year limited warranty
apple,iphone 13 pro 512gb,204g,6gb,12mp / 4k,12mp + 12mp + 12mp,a15 bionic,"3,095mah",6.1 inches,"lkr 402,924",2021,blue titanium,"5g, 4g, 3g, 2g",discontinued,1 year limited warranty
apple,iphone 13 pro max 128gb,238g,6gb,12mp / 4k,12mp + 12mp + 12mp,a15 bionic,"4,352mah",6.7 inches,"lkr 369,319",2021,desert titanium,"5g, 4g, 3g, 2g",discontinued,1 year limited warranty
apple,iphone 13 pro max 256gb,238g,6gb,12mp / 4k,12mp + 12mp + 12mp,a15 bionic,"4,352mah",6.7 inches,"lkr 402,924",2021,natural titanium,"5g, 4g, 3g, 2g",discontinued,1 year limited warranty
apple,iphone 13 pro max 512gb,238g,6gb,12mp / 4k,12mp + 12mp + 12mp,a15 bionic,"4,352mah",6.7 inches,"lkr 470,134",2021,blue,"5g, 4g, 3g, 2g",discontinued,1 year limited warranty
apple,iphone 12 mini 64gb,135g,4gb,12mp,12mp,a14 bionic,"2,227mah",5.4 inches,"lkr 234,899",2020,purple,"4g, 3g, 2g",discontinued,1 year limited warranty
apple,iphone 12 mini 128gb,135g,4gb,12mp,12mp,a14 bionic,"2,227mah",5.4 inches,"lkr 268,504",2020,black titanium,"5g, 4g, 3g, 2g",discontinued,1 year limited warranty
apple,iphone 12 mini 256gb,135g,4gb,12mp,12mp,a14 bionic,"2,227mah",5.4 inches,"lkr 302,109",2020,yellow,"5g, 4g, 3g, 2g",discontinued,1 year limited warranty
apple,iphone 12 64gb,164g,4gb,12mp,12mp + 12mp,a14 bionic,"2,815mah",6.1 inches,"lkr 268,504",2020,natural titanium,"4g, 3g, 2g",discontinued,1 year limited warranty
apple,iphone 12 128gb,164g,4gb,12mp,12mp + 12mp,a14 bionic,"2,815mah",6.1 inches,"lkr 302,109",2020,white titanium,"5g, 4g, 3g, 2g",discontinued,1 year limited warranty
apple,iphone 12 256gb,164g,4gb,12mp,12mp + 12mp,a14 bionic,"2,815mah",6.1 inches,"lkr 335,714",2020,desert titanium,"5g, 4g, 3g, 2g",discontinued,1 year limited warranty
apple,iphone 12 pro 128gb,189g,6gb,12mp / 4k,12mp + 12mp + 12mp,a14 bionic,"2,815mah",6.1 inches,"lkr 335,714",2020,purple,"5g, 4g, 3g, 2g",discontinued,1 year limited warranty
apple,iphone 12 pro 256gb,189g,6gb,12mp / 4k,12mp + 12mp + 12mp,a14 bionic,"2,815mah",6.1 inches,"lkr 369,319",2020,black titanium,"5g, 4g, 3g, 2g",discontinued,1 year limited warranty
apple,iphone 12 pro 512gb,189g,6gb,12mp / 4k,12mp + 12mp + 12mp,a14 bionic,"2,815mah",6.1 inches,"lkr 402,924",2020,(product)red,"5g, 4g, 3g, 2g",discontinued,1 year limited warranty
apple,iphone 12 pro max 128gb,228g,6gb,12mp / 4k,12mp + 12mp + 12mp,a14 bionic,"3,687mah",6.7 inches,"lkr 369,319",2020,white,"5g, 4g, 3g, 2g",discontinued,1 year limited warranty
apple,iphone 12 pro max 256gb,228g,6gb,12mp / 4k,12mp + 12mp + 12mp,a14 bionic,"3,687mah",6.7 inches,"lkr 402,924",2020,purple,"5g, 4g, 3g, 2g",discontinued,1 year limited warranty
apple,iphone 12 pro max 512gb,228g,6gb,12mp / 4k,12mp + 12mp + 12mp,a14 bionic,"3,687mah",6.7 inches,"lkr 470,134",2020,(product)red,"5g, 4g, 3g, 2g",discontinued,1 year limited warranty
apple,iphone 11 64gb,194g,4gb,12mp,12mp + 12mp,a13 bionic,"3,110mah",6.1 inches,"lkr 234,899",2019,(product)red,"4g, 3g, 2g",discontinued,1 year limited warranty
apple,iphone 11 128gb,194g,4gb,12mp,12mp + 12mp,a13 bionic,"3,110mah",6.1 inches,"lkr 268,504",2019,pink,"4g, 3g, 2g",discontinued,1 year limited warranty
apple,iphone 11 256gb,194g,4gb,12mp,12mp + 12mp,a13 bionic,"3,110mah",6.1 inches,"lkr 302,109",2019,black titanium,"4g, 3g, 2g",discontinued,1 year limited warranty
apple,iphone 11 pro 64gb,188g,4gb,12mp / 4k,12mp + 12mp + 12mp,a13 bionic,"3,046mah",5.8 inches,"lkr 335,714",2019,starlight,"4g, 3g, 2g",discontinued,1 year limited warranty
apple,iphone 11 pro 256gb,188g,4gb,12mp / 4k,12mp + 12mp + 12mp,a13 bionic,"3,046mah",5.8 inches,"lkr 369,319",2019,midnight,"4g, 3g, 2g",discontinued,1 year limited warranty
apple,iphone 11 pro 512gb,188g,4gb,12mp / 4k,12mp + 12mp + 12mp,a13 bionic,"3,046mah",5.8 inches,"lkr 402,924",2019,(product)red,"4g, 3g, 2g",discontinued,1 year limited warranty
apple,iphone 11 pro max 64gb,226g,4gb,12mp / 4k,12mp + 12mp + 12mp,a13 bionic,"3,969mah",6.5 inches,"lkr 369,319",2019,black,"4g, 3g, 2g",discontinued,1 year limited warranty
apple,iphone 11 pro max 256gb,226g,4gb,12mp / 4k,12mp + 12mp + 12mp,a13 bionic,"3,969mah",6.5 inches,"lkr 402,924",2019,white,"4g, 3g, 2g",discontinued,1 year limited warranty
apple,iphone 11 pro max 512gb,226g,4gb,12mp / 4k,12mp + 12mp + 12mp,a13 bionic,"3,969mah",6.5 inches,"lkr 470,134",2019,(product)red,"4g, 3g, 2g",discontinued,1 year limited warranty
apple,iphone x 64gb,174g,3gb,7mp,12mp + 12mp,a11 bionic,"2,716mah",5.8 inches,"lkr 335,714",2017,green,"4g, 3g, 2g",discontinued,1 year limited warranty
apple,iphone x 256gb,174g,3gb,7mp,12mp + 12mp,a11 bionic,"2,716mah",5.8 inches,"lkr 369,319",2017,(product)red,"4g, 3g, 2g",discontinued,1 year limited warranty
apple,iphone xs 64gb,177g,4gb,7mp,12mp + 12mp,a12 bionic,"2,658mah",5.8 inches,"lkr 335,714",2018,blue,"4g, 3g, 2g",discontinued,1 year limited warranty
apple,iphone xs 256gb,177g,4gb,7mp,12mp + 12mp,a12 bionic,"2,658mah",5.8 inches,"lkr 369,319",2018,black,"4g, 3g, 2g",discontinued,1 year limited warranty
apple,iphone xs 512gb,177g,4gb,7mp,12mp + 12mp,a12 bionic,"2,658mah",5.8 inches,"lkr 436,529",2018,blue titanium,"4g, 3g, 2g",discontinued,1 year limited warranty
apple,iphone xs max 64gb,208g,4gb,7mp,12mp + 12mp,a12 bionic,"3,174mah",6.5 inches,"lkr 369,319",2018,desert titanium,"4g, 3g, 2g",discontinued,1 year limited warranty
apple,iphone xs max 256gb,208g,4gb,7mp,12mp + 12mp,a12 bionic,"3,174mah",6.5 inches,"lkr 419,726",2018,natural titanium,"4g, 3g, 2g",discontinued,1 year limited warranty
apple,iphone xs max 512gb,208g,4gb,7mp,12mp + 12mp,a12 bionic,"3,174mah",6.5 inches,"lkr 470,134",2018,desert titanium,"4g, 3g, 2g",discontinued,1 year limited warranty
apple,iphone xr 64gb,194g,3gb,7mp,12mp + 12mp,a12 bionic,"2,942mah",6.1 inches,"lkr 251,701",2018,yellow,"4g, 3g, 2g",discontinued,1 year limited warranty
apple,iphone xr 128gb,194g,3gb,7mp,12mp + 12mp,a12 bionic,"2,942mah",6.1 inches,"lkr 268,504",2018,white titanium,"4g, 3g, 2g",discontinued,1 year limited warranty
apple,iphone xr 256gb,194g,3gb,7mp,12mp + 12mp,a12 bionic,"2,942mah",6.1 inches,"lkr 302,109",2018,blue titanium,"4g, 3g, 2g",discontinued,1 year limited warranty
apple,ipad air 10.9-inch 64gb,458g,4gb,12mp,12mp,a14 bionic,"7,608mah",10.9 inches,"lkr 201,294",2020,desert titanium,"4g, 3g, 2g",discontinued,1 year limited warranty
apple,ipad air 10.9-inch 256gb,458g,4gb,12mp,12mp,a14 bionic,"7,608mah",10.9 inches,"lkr 251,701",2020,black titanium,"5g, 4g, 3g, 2g",discontinued,1 year limited warranty
apple,ipad 10.2-inch 32gb,490g,3gb,12mp,8mp,a13 bionic,"8,612mah",10.2 inches,"lkr 110,560",2020,green,"5g, 4g, 3g, 2g",discontinued,1 year limited warranty
apple,ipad 10.2-inch 128gb,490g,3gb,12mp,8mp,a13 bionic,"8,612mah",10.2 inches,"lkr 144,165",2020,white titanium,"5g, 4g, 3g, 2g",discontinued,1 year limited warranty
apple,ipad mini 7.9-inch 64gb,300.5g,3gb,7mp,8mp,a12 bionic,"5,124mah",7.9 inches,"lkr 134,084",2019,yellow,"4g, 3g, 2g",discontinued,1 year limited warranty
apple,ipad mini 7.9-inch 256gb,300.5g,3gb,7mp,8mp,a12 bionic,"5,124mah",7.9 inches,"lkr 167,689",2019,white,"4g, 3g, 2g",discontinued,1 year limited warranty
apple,ipad pro 11-inch 128gb,468g,4gb,7mp,12mp + 10mp,a12z bionic,"7,812mah",11 inches,"lkr 268,504",2020,green,"5g, 4g, 3g, 2g",discontinued,1 year limited warranty
apple,ipad pro 11-inch 256gb,468g,4gb,7mp,12mp + 10mp,a12z bionic,"7,812mah",11 inches,"lkr 302,109",2020,purple,"5g, 4g, 3g, 2g",discontinued,1 year limited warranty
apple,ipad pro 11-inch 512gb,468g,6gb,7mp,12mp + 10mp,a12z bionic,"7,812mah",11 inches,"lkr 369,319",2020,black titanium,"5g, 4g, 3g, 2g",discontinued,1 year limited warranty
apple,ipad pro 12.9-inch 128gb,682g,6gb,7mp,12mp + 10mp,a12z bionic,"9,720mah",12.9 inches,"lkr 335,714",2020,(product)red,"5g, 4g, 3g, 2g",discontinued,1 year limited warranty
apple,ipad pro 12.9-inch 256gb,682g,6gb,7mp,12mp + 10mp,a12z bionic,"9,720mah",12.9 inches,"lkr 369,319",2020,purple,"5g, 4g, 3g, 2g",discontinued,1 year limited warranty
apple,ipad pro 12.9-inch 512gb,682g,6gb,7mp,12mp + 10mp,a12z bionic,"9,720mah",12.9 inches,"lkr 436,529",2020,desert titanium,"5g, 4g, 3g, 2g",discontinued,1 year limited warranty
apple,ipad pro 13-inch 128gb,708g,6gb,7mp,12mp + 10mp,a12z bionic,"10,307mah",13 inches,"lkr 369,319",2020,white,"5g, 4g, 3g, 2g",discontinued,1 year limited warranty
apple,ipad pro 13-inch 256gb,708g,6gb,7mp,12mp + 10mp,a12z bionic,"10,307mah",13 inches,"lkr 402,924",2020,desert titanium,"5g, 4g, 3g, 2g",discontinued,1 year limited warranty
apple,ipad pro 13-inch 512gb,708g,6gb,7mp,12mp + 10mp,a12z bionic,"10,307mah",13 inches,"lkr 470,134",2020,desert titanium,"5g, 4g, 3g, 2g",discontinued,1 year limited warranty
apple,ipad pro 13-inch 1tb,708g,6gb,7mp,12mp + 10mp,a12z bionic,"10,307mah",13 inches,"lkr 537,344",2020,green,"5g, 4g, 3g, 2g",discontinued,1 year limited warranty
apple,ipad pro 13-inch 2tb,708g,6gb,7mp,12mp + 10mp,a12z bionic,"10,307mah",13 inches,"lkr 604,554",2020,white,"5g, 4g, 3g, 2g",discontinued,1 year limited warranty
samsung,galaxy s24 ultra 128gb,234g,12gb,12mp,200mp + 12mp,exynos 2400,5000mah,6.8 inches,"lkr 402,924",2024,green,"5g, 4g, 3g, 2g",in stock,1 year manufacturer warranty
samsung,galaxy s24 ultra 256gb,234g,12gb,12mp,200mp + 12mp,exynos 2400,5000mah,6.8 inches,"lkr 436,529",2024,awesome blue,"5g, 4g, 3g, 2g",in stock,1 year manufacturer warranty
samsung,galaxy s24+ 128gb,196g,8gb,12mp,50mp + 12mp,exynos 2400,4800mah,6.6 inches,"lkr 302,109",2024,titanium gray,"5g, 4g, 3g, 2g",in stock,1 year manufacturer warranty
samsung,galaxy s24+ 256gb,196g,8gb,12mp,50mp + 12mp,exynos 2400,4800mah,6.6 inches,"lkr 335,714",2024,phantom white,"5g, 4g, 3g, 2g",in stock,1 year manufacturer warranty
samsung,galaxy s24 128gb,168g,8gb,12mp,50mp + 12mp,exynos 2400,4000mah,6.1 inches,"lkr 268,504",2024,green,"5g, 4g, 3g, 2g",in stock,1 year manufacturer warranty
samsung,galaxy s24 256gb,168g,8gb,12mp,50mp + 12mp,exynos 2400,4000mah,6.1 inches,"lkr 302,109",2024,titanium violet,"5g, 4g, 3g, 2g",in stock,1 year manufacturer warranty
samsung,galaxy s23 ultra 128gb,228g,12gb,12mp,200mp + 12mp,snapdragon 8 gen 2,5000mah,6.8 inches,"lkr 402,924",2023,graphite,"5g, 4g, 3g, 2g",limited stock,1 year manufacturer warranty
samsung,galaxy s23 ultra 256gb,228g,12gb,12mp,200mp + 12mp,snapdragon 8 gen 2,5000mah,6.8 inches,"lkr 436,529",2023,titanium gray,"5g, 4g, 3g, 2g",limited stock,1 year manufacturer warranty
samsung,galaxy s23+ 128gb,196g,8gb,12mp,50mp + 12mp,snapdragon 8 gen 2,4700mah,6.6 inches,"lkr 302,109",2023,icy blue,"5g, 4g, 3g, 2g",limited stock,1 year manufacturer warranty
samsung,galaxy s23+ 256gb,196g,8gb,12mp,50mp + 12mp,snapdragon 8 gen 2,4700mah,6.6 inches,"lkr 335,714",2023,titanium violet,"5g, 4g, 3g, 2g",limited stock,1 year manufacturer warranty
samsung,galaxy s23 128gb,168g,8gb,12mp,50mp + 12mp,snapdragon 8 gen 2,3900mah,6.1 inches,"lkr 268,504",2023,graphite,"5g, 4g, 3g, 2g",limited stock,1 year manufacturer warranty
samsung,galaxy s23 256gb,168g,8gb,12mp,50mp + 12mp,snapdragon 8 gen 2,3900mah,6.1 inches,"lkr 302,109",2023,phantom black,"5g, 4g, 3g, 2g",limited stock,1 year manufacturer warranty
samsung,galaxy s22 ultra 128gb,228g,12gb,10mp,108mp + 12mp,exynos 2200,5000mah,6.8 inches,"lkr 369,319",2022,phantom white,"5g, 4g, 3g, 2g",limited stock,1 year manufacturer warranty
samsung,galaxy s22 ultra 256gb,228g,12gb,10mp,108mp + 12mp,exynos 2200,5000mah,6.8 inches,"lkr 402,924",2022,lavender,"5g, 4g, 3g, 2g",limited stock,1 year manufacturer warranty
samsung,galaxy s22+ 128gb,195g,8gb,10mp,50mp + 12mp,exynos 2200,4500mah,6.6 inches,"lkr 268,504",2022,lavender,"5g, 4g, 3g, 2g",limited stock,1 year manufacturer warranty
samsung,galaxy s22+ 256gb,195g,8gb,10mp,50mp + 12mp,exynos 2200,4500mah,6.6 inches,"lkr 302,109",2022,phantom black,"5g, 4g, 3g, 2g",limited stock,1 year manufacturer warranty
samsung,galaxy s22 128gb,167g,8gb,10mp,50mp + 12mp,exynos 2200,3800mah,6.1 inches,"lkr 234,899",2022,phantom white,"5g, 4g, 3g, 2g",limited stock,1 year manufacturer warranty
samsung,galaxy s22 256gb,167g,8gb,10mp,50mp + 12mp,exynos 2200,3800mah,6.1 inches,"lkr 268,504",2022,phantom silver,"5g, 4g, 3g, 2g",limited stock,1 year manufacturer warranty
samsung,galaxy z fold 5 256gb,254g,12gb,10mp,50mp + 12mp,snapdragon 8 gen 2,4400mah,7.6 inches,"lkr 604,554",2023,awesome violet,"5g, 4g, 3g, 2g",limited stock,1 year manufacturer warranty
samsung,galaxy z fold 5 512gb,254g,12gb,10mp,50mp + 12mp,snapdragon 8 gen 2,4400mah,7.6 inches,"lkr 638,159",2023,awesome blue,"5g, 4g, 3g, 2g",limited stock,1 year manufacturer warranty
samsung,galaxy z flip 5 256gb,187g,8gb,12mp,12mp + 12mp,snapdragon 8 gen 2,3700mah,6.7 inches,"lkr 335,714",2023,phantom white,"5g, 4g, 3g, 2g",limited stock,1 year manufacturer warranty
samsung,galaxy z flip 5 512gb,187g,8gb,12mp,12mp + 12mp,snapdragon 8 gen 2,3700mah,6.7 inches,"lkr 369,319",2023,titanium black,"5g, 4g, 3g, 2g",limited stock,1 year manufacturer warranty
samsung,galaxy z fold 4 256gb,263g,12gb,10mp,50mp + 12mp,snapdragon 8 gen 1,4400mah,7.6 inches,"lkr 604,554",2022,phantom black,"5g, 4g, 3g, 2g",limited stock,1 year manufacturer warranty
samsung,galaxy z fold 4 512gb,263g,12gb,10mp,50mp + 12mp,snapdragon 8 gen 1,4400mah,7.6 inches,"lkr 638,159",2022,titanium violet,"5g, 4g, 3g, 2g",limited stock,1 year manufacturer warranty
samsung,galaxy z flip 4 256gb,187g,8gb,10mp,12mp + 12mp,snapdragon 8 gen 1,3700mah,6.7 inches,"lkr 335,714",2022,cream,"5g, 4g, 3g, 2g",limited stock,1 year manufacturer warranty
samsung,galaxy z flip 4 512gb,187g,8gb,10mp,12mp + 12mp,snapdragon 8 gen 1,3700mah,6.7 inches,"lkr 369,319",2022,green,"5g, 4g, 3g, 2g",limited stock,1 year manufacturer warranty
samsung,galaxy a54 128gb,189g,6gb,32mp,50mp + 12mp,exynos 1380,5000mah,6.4 inches,"lkr 134,084",2023,awesome black,"5g, 4g, 3g, 2g",limited stock,1 year manufacturer warranty
samsung,galaxy a54 256gb,189g,6gb,32mp,50mp + 12mp,exynos 1380,5000mah,6.4 inches,"lkr 150,886",2023,cream,"5g, 4g, 3g, 2g",limited stock,1 year manufacturer warranty
samsung,galaxy a34 128gb,199g,6gb,13mp,48mp + 8mp,mediatek dimensity 1080,5000mah,6.6 inches,"lkr 117,281",2023,phantom white,"5g, 4g, 3g, 2g",limited stock,1 year manufacturer warranty
samsung,galaxy a34 256gb,199g,6gb,13mp,48mp + 8mp,mediatek dimensity 1080,5000mah,6.6 inches,"lkr 134,084",2023,titanium violet,"5g, 4g, 3g, 2g",limited stock,1 year manufacturer warranty
samsung,galaxy a24 128gb,195g,6gb,13mp,50mp + 5mp,mediatek helio g99,5000mah,6.5 inches,"lkr 100,479",2023,green,"5g, 4g, 3g, 2g",limited stock,1 year manufacturer warranty
samsung,galaxy a24 256gb,195g,6gb,13mp,50mp + 5mp,mediatek helio g99,5000mah,6.5 inches,"lkr 117,281",2023,titanium black,"5g, 4g, 3g, 2g",limited stock,1 year manufacturer warranty
samsung,galaxy a14 128gb,190g,4gb,13mp,50mp + 2mp,exynos 850,5000mah,6.6 inches,"lkr 83,676",2023,cream,"5g, 4g, 3g, 2g",limited stock,1 year manufacturer warranty
samsung,galaxy a14 256gb,190g,4gb,13mp,50mp + 2mp,exynos 850,5000mah,6.6 inches,"lkr 100,479",2023,phantom white,"5g, 4g, 3g, 2g",limited stock,1 year manufacturer warranty
samsung,galaxy a04 64gb,188g,4gb,5mp,50mp + 2mp,exynos 850,5000mah,6.5 inches,"lkr 66,874",2022,phantom black,"4g, 3g, 2g",limited stock,1 year manufacturer warranty
samsung,galaxy a04 128gb,188g,4gb,5mp,50mp + 2mp,exynos 850,5000mah,6.5 inches,"lkr 83,676",2022,titanium gray,"5g, 4g, 3g, 2g",limited stock,1 year manufacturer warranty
samsung,galaxy m54 128gb,202g,8gb,32mp,108mp + 8mp,exynos 1380,6000mah,6.7 inches,"lkr 117,281",2023,phantom silver,"5g, 4g, 3g, 2g",limited stock,1 year manufacturer warranty
samsung,galaxy m54 256gb,202g,8gb,32mp,108mp + 8mp,exynos 1380,6000mah,6.7 inches,"lkr 134,084",2023,titanium violet,"5g, 4g, 3g, 2g",limited stock,1 year manufacturer warranty
samsung,galaxy m34 128gb,199g,6gb,13mp,50mp + 8mp,exynos 1280,6000mah,6.5 inches,"lkr 100,479",2023,titanium violet,"5g, 4g, 3g, 2g",limited stock,1 year manufacturer warranty
samsung,galaxy m34 256gb,199g,6gb,13mp,50mp + 8mp,exynos 1280,6000mah,6.5 inches,"lkr 117,281",2023,awesome black,"5g, 4g, 3g, 2g",limited stock,1 year manufacturer warranty
samsung,galaxy m14 128gb,202g,4gb,13mp,50mp + 2mp,exynos 850,6000mah,6.6 inches,"lkr 83,676",2023,titanium violet,"5g, 4g, 3g, 2g",limited stock,1 year manufacturer warranty
samsung,galaxy m14 256gb,202g,4gb,13mp,50mp + 2mp,exynos 850,6000mah,6.6 inches,"lkr 100,479",2023,graphite,"5g, 4g, 3g, 2g",limited stock,1 year manufacturer warranty
samsung,galaxy m04 64gb,188g,4gb,5mp,13mp + 2mp,mediatek helio p35,5000mah,6.5 inches,"lkr 66,874",2022,phantom silver,"4g, 3g, 2g",limited stock,1 year manufacturer warranty
samsung,galaxy m04 128gb,188g,4gb,5mp,13mp + 2mp,mediatek helio p35,5000mah,6.5 inches,"lkr 83,676",2022,phantom silver,"5g, 4g, 3g, 2g",limited stock,1 year manufacturer warranty
samsung,galaxy f54 128gb,199g,8gb,32mp,108mp + 8mp,exynos 1380,6000mah,6.7 inches,"lkr 117,281",2023,awesome blue,"5g, 4g, 3g, 2g",limited stock,1 year manufacturer warranty
samsung,galaxy f54 256gb,199g,8gb,32mp,108mp + 8mp,exynos 1380,6000mah,6.7 inches,"lkr 134,084",2023,green,"5g, 4g, 3g, 2g",limited stock,1 year manufacturer warranty
samsung,galaxy f34 128gb,190g,6gb,13mp,50mp + 8mp,exynos 1280,6000mah,6.5 inches,"lkr 100,479",2023,awesome violet,"5g, 4g, 3g, 2g",limited stock,1 year manufacturer warranty
samsung,galaxy f34 256gb,190g,6gb,13mp,50mp + 8mp,exynos 1280,6000mah,6.5 inches,"lkr 117,281",2023,phantom black,"5g, 4g, 3g, 2g",limited stock,1 year manufacturer warranty
samsung,galaxy f14 128gb,198g,4gb,13mp,50mp + 2mp,exynos 850,6000mah,6.6 inches,"lkr 83,676",2023,lavender,"5g, 4g, 3g, 2g",limited stock,1 year manufacturer warranty
samsung,galaxy f14 256gb,198g,4gb,13mp,50mp + 2mp,exynos 850,6000mah,6.6 inches,"lkr 100,479",2023,titanium black,"5g, 4g, 3g, 2g",limited stock,1 year manufacturer warranty
samsung,galaxy note 20 ultra 128gb,208g,12gb,10mp,108mp + 12mp,exynos 990,4500mah,6.9 inches,"lkr 436,529",2020,green,"5g, 4g, 3g, 2g",discontinued,1 year manufacturer warranty
samsung,galaxy note 20 ultra 256gb,208g,12gb,10mp,108mp + 12mp,exynos 990,4500mah,6.9 inches,"lkr 470,134",2020,lavender,"5g, 4g, 3g, 2g",discontinued,1 year manufacturer warranty
samsung,galaxy note 20 128gb,192g,8gb,10mp,108mp + 12mp,exynos 990,4300mah,6.7 inches,"lkr 335,714",2020,titanium black,"5g, 4g, 3g, 2g",discontinued,1 year manufacturer warranty
samsung,galaxy note 20 256gb,192g,8gb,10mp,108mp + 12mp,exynos 990,4300mah,6.7 inches,"lkr 369,319",2020,green,"5g, 4g, 3g, 2g",discontinued,1 year manufacturer warranty
samsung,galaxy note 10+ 256gb,196g,12gb,10mp,12mp + 16mp,exynos 9825,4300mah,6.8 inches,"lkr 369,319",2019,awesome blue,"4g, 3g, 2g",discontinued,1 year manufacturer warranty
samsung,galaxy note 10+ 512gb,196g,12gb,10mp,12mp + 16mp,exynos 9825,4300mah,6.8 inches,"lkr 402,924",2019,titanium black,"4g, 3g, 2g",discontinued,1 year manufacturer warranty
samsung,galaxy note 10 256gb,168g,8gb,10mp,12mp + 16mp,exynos 9825,3500mah,6.3 inches,"lkr 318,911",2019,titanium violet,"4g, 3g, 2g",discontinued,1 year manufacturer warranty
samsung,galaxy note 10 128gb,168g,8gb,10mp,12mp + 16mp,exynos 9825,3500mah,6.3 inches,"lkr 302,109",2019,phantom silver,"4g, 3g, 2g",discontinued,1 year manufacturer warranty
samsung,galaxy xcover 6 pro 128gb,235g,6gb,13mp,50mp,exynos 1380,4050mah,6.6 inches,"lkr 167,689",2022,lavender,"5g, 4g, 3g, 2g",limited stock,1 year manufacturer warranty
samsung,galaxy xcover 5 64gb,172g,4gb,5mp,16mp,exynos 850,3000mah,5.3 inches,"lkr 83,676",2020,titanium violet,"4g, 3g, 2g",discontinued,1 year manufacturer warranty
samsung,galaxy j8 64gb,191g,4gb,16mp,16mp + 5mp,snapdragon 450,3500mah,6.0 inches,"lkr 66,874",2018,graphite,"4g, 3g, 2g",discontinued,1 year manufacturer warranty
samsung,galaxy j7 pro 64gb,181g,3gb,13mp,13mp,exynos 7870,3600mah,5.5 inches,"lkr 60,153",2017,awesome violet,"4g, 3g, 2g",discontinued,1 year manufacturer warranty
samsung,galaxy j6+ 64gb,178g,4gb,8mp,13mp + 5mp,snapdragon 425,3300mah,6.0 inches,"lkr 56,792",2018,cream,"4g, 3g, 2g",discontinued,1 year manufacturer warranty
samsung,galaxy j4 16gb,175g,2gb,5mp,13mp,exynos 7570,3000mah,5.5 inches,"lkr 43,350",2018,phantom black,"4g, 3g, 2g",discontinued,1 year manufacturer warranty
samsung,galaxy c9 pro 64gb,189g,6gb,16mp,16mp + 8mp,snapdragon 653,4000mah,6.0 inches,"lkr 134,084",2016,phantom white,"4g, 3g, 2g",discontinued,1 year manufacturer warranty
samsung,galaxy c7 pro 64gb,165g,4gb,16mp,16mp,snapdragon 625,3300mah,5.7 inches,"lkr 100,479",2017,titanium black,"4g, 3g, 2g",discontinued,1 year manufacturer warranty
samsung,galaxy c5 32gb,143g,4gb,8mp,16mp,snapdragon 617,2600mah,5.2 inches,"lkr 83,676",2016,phantom white,"4g, 3g, 2g",discontinued,1 year manufacturer warranty
samsung,galaxy w22 5g 256gb,228g,12gb,10mp,108mp + 12mp,snapdragon 888,4500mah,7.6 inches,"lkr 503,739",2021,cream,"5g, 4g, 3g, 2g",discontinued,1 year manufacturer warranty
samsung,galaxy w21 5g 256gb,229g,12gb,10mp,108mp + 12mp,snapdragon 888,4500mah,7.6 inches,"lkr 470,134",2020,lavender,"5g, 4g, 3g, 2g",discontinued,1 year manufacturer warranty
samsung,galaxy tab s9 ultra 256gb,732g,12gb,12mp + 12mp,13mp + 8mp,snapdragon 8 gen 2,11200mah,14.6 inches,"lkr 402,924",2023,lavender,"5g, 4g, 3g, 2g",limited stock,1 year manufacturer warranty
samsung,galaxy tab s9+ 256gb,586g,12gb,12mp,13mp + 8mp,snapdragon 8 gen 2,10090mah,12.4 inches,"lkr 335,714",2023,awesome black,"5g, 4g, 3g, 2g",limited stock,1 year manufacturer warranty
samsung,galaxy tab s9 128gb,498g,8gb,12mp,13mp,snapdragon 8 gen 2,8400mah,11 inches,"lkr 268,504",2023,awesome violet,"5g, 4g, 3g, 2g",limited stock,1 year manufacturer warranty
samsung,galaxy tab s9 fe 128gb,523g,6gb,12mp,8mp,exynos 1380,8000mah,10.9 inches,"lkr 184,491",2023,green,"5g, 4g, 3g, 2g",limited stock,1 year manufacturer warranty
samsung,galaxy tab s8 ultra 256gb,726g,12gb,12mp + 12mp,13mp + 6mp,snapdragon 8 gen 1,11200mah,14.6 inches,"lkr 369,319",2022,awesome violet,"5g, 4g, 3g, 2g",limited stock,1 year manufacturer warranty
samsung,galaxy tab s8+ 256gb,567g,8gb,12mp,13mp + 6mp,snapdragon 8 gen 1,10090mah,12.4 inches,"lkr 302,109",2022,icy blue,"5g, 4g, 3g, 2g",limited stock,1 year manufacturer warranty
samsung,galaxy tab s8 128gb,503g,8gb,12mp,13mp + 6mp,snapdragon 8 gen 1,8000mah,11 inches,"lkr 234,899",2022,phantom white,"5g, 4g, 3g, 2g",limited stock,1 year manufacturer warranty
samsung,galaxy tab a9+ 128gb,480g,8gb,5mp,8mp,snapdragon 695,7040mah,11 inches,"lkr 76,955",2023,green,"5g, 4g, 3g, 2g",limited stock,1 year manufacturer warranty
samsung,galaxy tab a9 64gb,366g,4gb,2mp,8mp,mediatek helio g99,5100mah,8.7 inches,"lkr 60,153",2023,green,"4g, 3g, 2g",limited stock,1 year manufacturer warranty
samsung,galaxy tab a8 64gb,508g,4gb,5mp,8mp,unisoc t618,7040mah,10.5 inches,"lkr 66,874",2022,titanium black,"4g, 3g, 2g",limited stock,1 year manufacturer warranty
samsung,galaxy tab a7 lite 32gb,366g,3gb,2mp,8mp,mediatek helio p22t,5100mah,8.7 inches,"lkr 50,071",2021,graphite,"5g, 4g, 3g, 2g",discontinued,1 year manufacturer warranty
samsung,galaxy tab active 5 128gb,433g,6gb,5mp,13mp,exynos 1380,5050mah,8 inches,"lkr 184,491",2024,titanium violet,"5g, 4g, 3g, 2g",in stock,1 year manufacturer warranty
samsung,galaxy tab active 4 pro 128gb,674g,6gb,8mp,13mp,snapdragon 778g,7600mah,10.1 inches,"lkr 218,096",2022,awesome blue,"5g, 4g, 3g, 2g",limited stock,1 year manufacturer warranty
samsung,galaxy tab active 3 64gb,426g,4gb,5mp,13mp,exynos 9810,5050mah,8 inches,"lkr 167,689",2020,cream,"4g, 3g, 2g",discontinued,1 year manufacturer warranty
samsung,galaxy tab e 10.1 16gb,490g,1.5gb,2mp,5mp,spreadtrum sc8830,5000mah,10.1 inches,"lkr 43,350",2016,titanium violet,"4g, 3g, 2g",discontinued,1 year manufacturer warranty
samsung,galaxy tab e 8.0 16gb,360g,1.5gb,2mp,5mp,qualcomm msm8916,5000mah,8 inches,"lkr 33,269",2016,green,"4g, 3g, 2g",discontinued,1 year manufacturer warranty
oneplus,oneplus 12 256gb,205g,12gb,32mp,50mp + 48mp,snapdragon 8 gen 3,5000mah,6.7 inches,"lkr 268,504",2024,sandstone black,"5g, 4g, 3g, 2g",in stock,1 year manufacturer warranty
oneplus,oneplus 12r 256gb,203g,12gb,16mp,50mp + 8mp,snapdragon 8 gen 2,4500mah,6.7 inches,"lkr 234,899",2024,sandstone black,"5g, 4g, 3g, 2g",in stock,1 year manufacturer warranty
oneplus,oneplus 11 256gb,205g,12gb,16mp,50mp + 48mp,snapdragon 8 gen 1,5000mah,6.7 inches,"lkr 234,899",2023,astral black,"5g, 4g, 3g, 2g",limited stock,1 year manufacturer warranty
oneplus,oneplus 11r 256gb,202g,12gb,16mp,50mp + 8mp,snapdragon 8 gen 1,5000mah,6.7 inches,"lkr 201,294",2023,silky black,"5g, 4g, 3g, 2g",limited stock,1 year manufacturer warranty
oneplus,oneplus nord 3 256gb,190g,12gb,16mp,50mp + 8mp,mediatek dimensity 9000,5000mah,6.74 inches,"lkr 167,689",2023,sandstone black,"5g, 4g, 3g, 2g",limited stock,1 year manufacturer warranty
oneplus,oneplus nord ce 3 128gb,179g,8gb,16mp,50mp + 2mp,snapdragon 782g,5000mah,6.72 inches,"lkr 134,084",2023,sandstone black,"5g, 4g, 3g, 2g",limited stock,1 year manufacturer warranty
oneplus,oneplus nord ce 3 lite 128gb,195g,8gb,16mp,108mp,snapdragon 695,5000mah,6.72 inches,"lkr 100,479",2023,astral black,"5g, 4g, 3g, 2g",limited stock,1 year manufacturer warranty
oneplus,oneplus nord n30 5g 128gb,192g,8gb,16mp,64mp + 2mp,mediatek dimensity 6020,5000mah,6.72 inches,"lkr 83,676",2023,silky black,"5g, 4g, 3g, 2g",limited stock,1 year manufacturer warranty
oneplus,oneplus open 256gb,238g,16gb,32mp,48mp + 48mp,snapdragon 8 gen 2,4800mah,7.8 inches,"lkr 369,319",2024,sandstone black,"5g, 4g, 3g, 2g",in stock,1 year manufacturer warranty
oneplus,oneplus 10 pro 256gb,200g,12gb,32mp,50mp + 48mp,snapdragon 8 gen 1,5000mah,6.7 inches,"lkr 302,109",2022,astral black,"5g, 4g, 3g, 2g",limited stock,1 year manufacturer warranty
oneplus,oneplus 10t 256gb,203g,12gb,16mp,50mp + 8mp,snapdragon 8+ gen 1,4500mah,6.7 inches,"lkr 251,701",2022,emerald forest,"5g, 4g, 3g, 2g",limited stock,1 year manufacturer warranty
oneplus,oneplus 9 pro 256gb,192g,12gb,16mp,48mp + 50mp,snapdragon 888,4500mah,6.7 inches,"lkr 234,899",2021,moonstone sky,"5g, 4g, 3g, 2g",discontinued,1 year manufacturer warranty
oneplus,oneplus 9 128gb,183g,8gb,16mp,48mp + 50mp,snapdragon 888,4500mah,6.55 inches,"lkr 201,294",2021,astral black,"5g, 4g, 3g, 2g",discontinued,1 year manufacturer warranty
oneplus,oneplus 11 pro 256gb,204g,16gb,32mp,50mp + 48mp,snapdragon 8 gen 2,5000mah,6.7 inches,"lkr 302,109",2023,sandstone black,"5g, 4g, 3g, 2g",limited stock,1 year manufacturer warranty
oneplus,oneplus nord 2t 128gb,190g,8gb,32mp,50mp + 8mp,mediatek dimensity 1300,4500mah,6.43 inches,"lkr 134,084",2022,sandstone black,"5g, 4g, 3g, 2g",limited stock,1 year manufacturer warranty
oneplus,oneplus nord 2 128gb,190g,8gb,32mp,50mp + 8mp,mediatek dimensity 1200-ai,4500mah,6.43 inches,"lkr 117,281",2021,moonstone sky,"5g, 4g, 3g, 2g",discontinued,1 year manufacturer warranty
oneplus,oneplus nord n200 64gb,189g,4gb,16mp,13mp + 2mp,snapdragon 480,5000mah,6.49 inches,"lkr 66,874",2021,silky black,"4g, 3g, 2g",discontinued,1 year manufacturer warranty
oneplus,oneplus nord n100 64gb,185g,4gb,8mp,13mp + 2mp,qualcomm snapdragon 460,5000mah,6.52 inches,"lkr 60,153",2020,volcanic black,"4g, 3g, 2g",discontinued,1 year manufacturer warranty
oneplus,oneplus 8t cyberpunk 2077 edition 256gb,188g,12gb,16mp,48mp + 16mp,snapdragon 865,4500mah,6.55 inches,"lkr 251,701",2020,sandstone black,"5g, 4g, 3g, 2g",discontinued,1 year manufacturer warranty
oneplus,oneplus 9t 128gb,192g,8gb,16mp,48mp + 50mp,snapdragon 888,4500mah,6.55 inches,"lkr 218,096",2021,silky black,"5g, 4g, 3g, 2g",discontinued,1 year manufacturer warranty
oneplus,oneplus 8t 256gb,188g,12gb,16mp,48mp + 16mp,snapdragon 865,4500mah,6.55 inches,"lkr 201,294",2020,emerald forest,"5g, 4g, 3g, 2g",discontinued,1 year manufacturer warranty
oneplus,oneplus 10t 5g 256gb,203g,12gb,16mp,50mp + 8mp,snapdragon 8+ gen 1,4500mah,6.7 inches,"lkr 251,701",2022,sandstone black,"5g, 4g, 3g, 2g",limited stock,1 year manufacturer warranty
oneplus,oneplus 9r 5g 128gb,189g,8gb,16mp,48mp + 5mp,snapdragon 870,4500mah,6.55 inches,"lkr 201,294",2021,astral black,"5g, 4g, 3g, 2g",discontinued,1 year manufacturer warranty
oneplus,oneplus 8 pro 256gb,199g,12gb,16mp,48mp + 48mp,snapdragon 865,4510mah,6.78 inches,"lkr 251,701",2020,sandstone black,"5g, 4g, 3g, 2g",discontinued,1 year manufacturer warranty
oneplus,oneplus 8 128gb,180g,8gb,16mp,48mp + 16mp,snapdragon 865,4300mah,6.55 inches,"lkr 234,899",2020,sandstone black,"5g, 4g, 3g, 2g",discontinued,1 year manufacturer warranty
oneplus,oneplus nord ce 2 lite 128gb,195g,6gb,16mp,64mp + 2mp,mediatek dimensity 900,5000mah,6.59 inches,"lkr 83,676",2022,silky black,"5g, 4g, 3g, 2g",limited stock,1 year manufacturer warranty
oneplus,oneplus nord ce 2 128gb,173g,8gb,16mp,64mp + 8mp,mediatek dimensity 1200,4500mah,6.43 inches,"lkr 100,479",2022,astral black,"5g, 4g, 3g, 2g",limited stock,1 year manufacturer warranty
oneplus,oneplus nord 1 128gb,184g,6gb,16mp,48mp + 5mp,snapdragon 765g,4115mah,6.44 inches,"lkr 117,281",2020,sandstone black,"5g, 4g, 3g, 2g",discontinued,1 year manufacturer warranty
oneplus,oneplus nord ce 5g 128gb,170g,6gb,16mp,64mp + 8mp,snapdragon 750g,4500mah,6.43 inches,"lkr 100,479",2021,astral black,"5g, 4g, 3g, 2g",discontinued,1 year manufacturer warranty
oneplus,oneplus nord 2 5g 128gb,189g,8gb,32mp,50mp + 8mp,mediatek dimensity 1200-ai,4500mah,6.43 inches,"lkr 134,084",2021,volcanic black,"5g, 4g, 3g, 2g",discontinued,1 year manufacturer warranty
oneplus,oneplus nord n100 5g 64gb,185g,4gb,8mp,13mp + 2mp,qualcomm snapdragon 460,5000mah,6.52 inches,"lkr 60,153",2020,sandstone black,"5g, 4g, 3g, 2g",discontinued,1 year manufacturer warranty
oneplus,oneplus nord n10 5g 128gb,190g,6gb,16mp,64mp + 8mp,qualcomm snapdragon 690,4300mah,6.49 inches,"lkr 100,479",2020,sandstone black,"5g, 4g, 3g, 2g",discontinued,1 year manufacturer warranty
oneplus,oneplus 8r 128gb,192g,8gb,16mp,48mp + 5mp,snapdragon 865,4300mah,6.55 inches,"lkr 218,096",2020,emerald forest,"5g, 4g, 3g, 2g",discontinued,1 year manufacturer warranty
oneplus,oneplus 7r 128gb,190g,6gb,16mp,48mp + 5mp,snapdragon 855,3700mah,6.41 inches,"lkr 201,294",2020,astral black,"5g, 4g, 3g, 2g",discontinued,1 year manufacturer warranty
oneplus,oneplus 6t mclaren edition 256gb,185g,10gb,16mp,20mp + 16mp,snapdragon 845,3700mah,6.41 inches,"lkr 268,504",2018,astral black,"4g, 3g, 2g",discontinued,1 year manufacturer warranty
oneplus,oneplus 5t star wars edition 128gb,162g,6gb,16mp,16mp + 20mp,snapdragon 835,3300mah,6.01 inches,"lkr 218,096",2017,silky black,"4g, 3g, 2g",discontinued,1 year manufacturer warranty
oneplus,oneplus 13r 128gb,210g,8gb,16mp,50mp + 8mp,snapdragon 8 gen 2,4500mah,6.7 inches,"lkr 285,306",2023,silky black,"5g, 4g, 3g, 2g",limited stock,1 year manufacturer warranty
oneplus,oneplus 11t 128gb,202g,12gb,32mp,50mp + 48mp,snapdragon 8 gen 2,5000mah,6.7 inches,"lkr 268,504",2023,emerald forest,"5g, 4g, 3g, 2g",limited stock,1 year manufacturer warranty
oneplus,oneplus 10r 128gb,205g,8gb,16mp,50mp + 16mp,mediatek dimensity 8100,4500mah,6.7 inches,"lkr 201,294",2022,moonstone sky,"5g, 4g, 3g, 2g",limited stock,1 year manufacturer warranty
oneplus,oneplus 7 pro 5g 256gb,206g,12gb,16mp,48mp + 8mp,snapdragon 855,4000mah,6.67 inches,"lkr 268,504",2019,astral black,"5g, 4g, 3g, 2g",discontinued,1 year manufacturer warranty
oneplus,oneplus 6 special edition 128gb,177g,6gb,16mp,20mp + 16mp,snapdragon 845,3300mah,6.28 inches,"lkr 201,294",2018,sandstone black,"4g, 3g, 2g",discontinued,1 year manufacturer warranty
oneplus,oneplus 5 special edition 128gb,155g,8gb,16mp,20mp + 16mp,snapdragon 835,3300mah,5.5 inches,"lkr 201,294",2017,sandstone black,"4g, 3g, 2g",discontinued,1 year manufacturer warranty
oneplus,oneplus nord x 128gb,190g,8gb,32mp,64mp + 8mp,snapdragon 765g,4000mah,6.44 inches,"lkr 100,479",2020,silky black,"5g, 4g, 3g, 2g",discontinued,1 year manufacturer warranty
oneplus,oneplus 8 pro mclaren edition 256gb,199g,12gb,16mp,48mp + 8mp,snapdragon 865,4510mah,6.78 inches,"lkr 302,109",2020,silky black,"5g, 4g, 3g, 2g",discontinued,1 year manufacturer warranty
oneplus,oneplus 8t cyberpunk edition 256gb,188g,12gb,16mp,48mp + 16mp,snapdragon 865,4500mah,6.55 inches,"lkr 268,504",2020,astral black,"5g, 4g, 3g, 2g",discontinued,1 year manufacturer warranty
oneplus,oneplus 7t pro 5g mclaren edition 256gb,206g,12gb,16mp,48mp + 8mp,snapdragon 855,4085mah,6.67 inches,"lkr 302,109",2019,emerald forest,"5g, 4g, 3g, 2g",discontinued,1 year manufacturer warranty
oneplus,oneplus 15r 128gb,210g,12gb,32mp,50mp + 8mp,snapdragon 8 gen 3,5000mah,6.7 inches,"lkr 285,306",2023,moonstone sky,"5g, 4g, 3g, 2g",limited stock,1 year manufacturer warranty
oneplus,oneplus 14+ 128gb,202g,8gb,16mp,64mp + 8mp,snapdragon 8 gen 2,4800mah,6.55 inches,"lkr 268,504",2023,moonstone sky,"5g, 4g, 3g, 2g",limited stock,1 year manufacturer warranty
oneplus,oneplus 13 pro 256gb,215g,12gb,32mp,50mp + 48mp,snapdragon 8 gen 2,5000mah,6.7 inches,"lkr 302,109",2023,silky black,"5g, 4g, 3g, 2g",limited stock,1 year manufacturer warranty
oneplus,oneplus 12t 5g 256gb,200g,12gb,16mp,50mp + 8mp,snapdragon 8 gen 2,5000mah,6.7 inches,"lkr 285,306",2023,volcanic black,"5g, 4g, 3g, 2g",limited stock,1 year manufacturer warranty
oneplus,oneplus pad,550g,8gb,8mp,13mp,mediatek dimensity 9000,9510mah,11.61 inches,"lkr 167,689",2023,emerald forest,"5g, 4g, 3g, 2g",limited stock,1 year manufacturer warranty
oneplus,oneplus pad 2,550g,8gb,8mp,13mp,mediatek dimensity 9000,9510mah,11.61 inches,"lkr 184,491",2024,sandstone black,"5g, 4g, 3g, 2g",in stock,1 year manufacturer warranty
oneplus,oneplus pad pro,610g,12gb,16mp,50mp,snapdragon 8 gen 3,11000mah,12.4 inches,"lkr 268,504",2024,moonstone sky,"5g, 4g, 3g, 2g",in stock,1 year manufacturer warranty
vivo,x200 128gb,223g,12gb,32mp,50mp,dimensity 9400,6000mah,6.78 inches,"lkr 335,714",2024,starry blue,"5g, 4g, 3g, 2g",in stock,1 year manufacturer warranty
vivo,x200 256gb,223g,12gb,32mp,50mp,dimensity 9400,6000mah,6.78 inches,"lkr 369,319",2024,noble black,"5g, 4g, 3g, 2g",in stock,1 year manufacturer warranty
vivo,x200 pro 256gb,223g,16gb,32mp,200mp,dimensity 9400,6000mah,6.78 inches,"lkr 402,924",2024,noble black,"5g, 4g, 3g, 2g",in stock,1 year manufacturer warranty
vivo,x200 pro 512gb,223g,16gb,32mp,200mp,dimensity 9400,6000mah,6.78 inches,"lkr 436,529",2024,noble black,"5g, 4g, 3g, 2g",in stock,1 year manufacturer warranty
vivo,x200 pro mini 256gb,187g,16gb,32mp,50mp,dimensity 9400,5700mah,6.31 inches,"lkr 318,911",2024,sunset gold,"5g, 4g, 3g, 2g",in stock,1 year manufacturer warranty
vivo,v40e 128gb,179g,8gb,44mp,64mp,snapdragon 778g,4100mah,6.44 inches,"lkr 150,886",2024,noble black,"5g, 4g, 3g, 2g",in stock,1 year manufacturer warranty
vivo,y200 gt 128gb,190g,12gb,16mp,64mp,dimensity 1200,5000mah,6.58 inches,"lkr 134,084",2024,titanium grey,"5g, 4g, 3g, 2g",in stock,1 year manufacturer warranty
vivo,t3 5g 128gb,180g,8gb,16mp,50mp,snapdragon 870,5000mah,6.67 inches,"lkr 117,281",2024,breeze blue,"5g, 4g, 3g, 2g",in stock,1 year manufacturer warranty
vivo,y100 5g 128gb,181g,8gb,16mp,64mp,dimensity 900,4500mah,6.38 inches,"lkr 100,479",2024,titanium grey,"5g, 4g, 3g, 2g",in stock,1 year manufacturer warranty
vivo,s18 pro 256gb,189g,12gb,32mp,108mp,snapdragon 8 gen 2,4700mah,6.56 inches,"lkr 201,294",2024,noble black,"5g, 4g, 3g, 2g",in stock,1 year manufacturer warranty
vivo,v30 pro 128gb,192g,12gb,32mp,64mp,dimensity 1100,4500mah,6.44 inches,"lkr 184,491",2024,sunset gold,"5g, 4g, 3g, 2g",in stock,1 year manufacturer warranty
vivo,iqoo 12 256gb,210g,16gb,16mp,50mp,snapdragon 8 gen 3,5000mah,6.78 inches,"lkr 234,899",2024,titanium grey,"5g, 4g, 3g, 2g",in stock,1 year manufacturer warranty
vivo,z3 64gb,162g,6gb,12mp,16mp,snapdragon 710,3315mah,6.3 inches,"lkr 83,676",2018,starry blue,"4g, 3g, 2g",discontinued,1 year manufacturer warranty
vivo,v9 64gb,150g,4gb,24mp,16mp,snapdragon 626,3260mah,6.3 inches,"lkr 73,595",2018,titanium grey,"4g, 3g, 2g",discontinued,1 year manufacturer warranty
vivo,x9 plus 128gb,199g,6gb,20mp+8mp,16mp,snapdragon 653,4000mah,5.88 inches,"lkr 100,479",2017,titanium grey,"4g, 3g, 2g",discontinued,1 year manufacturer warranty
vivo,y81 32gb,146g,3gb,5mp,13mp,mediatek helio p22,3260mah,6.22 inches,"lkr 50,071",2018,starry blue,"4g, 3g, 2g",discontinued,1 year manufacturer warranty
vivo,x5max 16gb,146g,2gb,5mp,13mp,snapdragon 615,2300mah,5.5 inches,"lkr 66,874",2014,starry blue,"4g, 3g, 2g",discontinued,1 year manufacturer warranty
vivo,v5 plus 64gb,158g,4gb,20mp+8mp,16mp,snapdragon 625,3055mah,5.5 inches,"lkr 83,676",2017,noble black,"4g, 3g, 2g",discontinued,1 year manufacturer warranty
vivo,y95 64gb,163g,4gb,20mp,13mp+2mp,snapdragon 439,4030mah,6.22 inches,"lkr 66,874",2018,starry blue,"4g, 3g, 2g",discontinued,1 year manufacturer warranty
vivo,v3 max 32gb,168g,4gb,8mp,13mp,snapdragon 652,3000mah,5.5 inches,"lkr 60,153",2016,noble black,"4g, 3g, 2g",discontinued,1 year manufacturer warranty
vivo,x3s 16gb,153g,1gb,5mp,13mp,mediatek mt6592,2000mah,5.0 inches,"lkr 46,711",2014,titanium grey,"4g, 3g, 2g",discontinued,1 year manufacturer warranty
vivo,y66 32gb,155g,3gb,16mp,13mp,snapdragon 430,3000mah,5.5 inches,"lkr 60,153",2017,starry blue,"4g, 3g, 2g",discontinued,1 year manufacturer warranty
vivo,v19 128gb,176g,8gb,32mp,48mp,qualcomm snapdragon 712,4500mah,6.44 inches,"lkr 134,084",2020,noble black,"5g, 4g, 3g, 2g",discontinued,1 year manufacturer warranty
vivo,v19 256gb,176g,8gb,32mp,48mp,qualcomm snapdragon 712,4500mah,6.44 inches,"lkr 144,165",2020,titanium grey,"5g, 4g, 3g, 2g",discontinued,1 year manufacturer warranty
vivo,v17 pro 128gb,201g,8gb,32mp,48mp,qualcomm snapdragon 675,4100mah,6.44 inches,"lkr 134,084",2019,noble black,"4g, 3g, 2g",discontinued,1 year manufacturer warranty
vivo,v17 pro 256gb,201g,8gb,32mp,48mp,qualcomm snapdragon 675,4100mah,6.44 inches,"lkr 144,165",2019,breeze blue,"4g, 3g, 2g",discontinued,1 year manufacturer warranty
vivo,y12s 64gb,191g,3gb,8mp,13mp,mediatek helio p35,5000mah,6.51 inches,"lkr 53,432",2020,titanium grey,"4g, 3g, 2g",discontinued,1 year manufacturer warranty
vivo,y12s 128gb,191g,4gb,8mp,13mp,mediatek helio p35,5000mah,6.51 inches,"lkr 60,153",2020,sunset gold,"5g, 4g, 3g, 2g",discontinued,1 year manufacturer warranty
vivo,s1 pro 128gb,185g,6gb,32mp,48mp,mediatek helio p65,4500mah,6.38 inches,"lkr 83,676",2019,sunset gold,"4g, 3g, 2g",discontinued,1 year manufacturer warranty
vivo,s1 pro 256gb,185g,6gb,32mp,48mp,mediatek helio p65,4500mah,6.38 inches,"lkr 90,397",2019,titanium grey,"4g, 3g, 2g",discontinued,1 year manufacturer warranty
vivo,y11 32gb,190g,3gb,8mp,13mp,qualcomm snapdragon 439,5000mah,6.35 inches,"lkr 50,071",2019,sunset gold,"4g, 3g, 2g",discontinued,1 year manufacturer warranty
vivo,y11 64gb,190g,3gb,8mp,13mp,qualcomm snapdragon 439,5000mah,6.35 inches,"lkr 56,792",2019,breeze blue,"4g, 3g, 2g",discontinued,1 year manufacturer warranty
vivo,v15 128gb,190g,6gb,32mp,48mp,mediatek helio p70,4000mah,6.53 inches,"lkr 100,479",2019,sunset gold,"4g, 3g, 2g",discontinued,1 year manufacturer warranty
vivo,v15 256gb,190g,6gb,32mp,48mp,mediatek helio p70,4000mah,6.53 inches,"lkr 107,200",2019,starry blue,"4g, 3g, 2g",discontinued,1 year manufacturer warranty
vivo,x27 pro 128gb,190g,8gb,32mp,48mp,qualcomm snapdragon 710,4000mah,6.39 inches,"lkr 167,689",2019,starry blue,"4g, 3g, 2g",discontinued,1 year manufacturer warranty
vivo,x27 pro 256gb,190g,8gb,32mp,48mp,qualcomm snapdragon 710,4000mah,6.39 inches,"lkr 184,491",2019,breeze blue,"4g, 3g, 2g",discontinued,1 year manufacturer warranty
vivo,y30 128gb,193g,4gb,8mp,13mp,mediatek helio p35,5000mah,6.47 inches,"lkr 66,874",2020,noble black,"5g, 4g, 3g, 2g",discontinued,1 year manufacturer warranty
vivo,y30 64gb,193g,3gb,8mp,13mp,mediatek helio p35,5000mah,6.47 inches,"lkr 56,792",2020,sunset gold,"4g, 3g, 2g",discontinued,1 year manufacturer warranty
vivo,z1 pro 64gb,159g,4gb,16mp,16mp,qualcomm snapdragon 712,4500mah,6.53 inches,"lkr 83,676",2019,breeze blue,"4g, 3g, 2g",discontinued,1 year manufacturer warranty
vivo,z1 pro 128gb,159g,6gb,16mp,16mp,qualcomm snapdragon 712,4500mah,6.53 inches,"lkr 100,479",2019,titanium grey,"4g, 3g, 2g",discontinued,1 year manufacturer warranty
vivo,x21 128gb,156g,6gb,12mp,12mp,qualcomm snapdragon 660,3200mah,6.28 inches,"lkr 117,281",2018,sunset gold,"4g, 3g, 2g",discontinued,1 year manufacturer warranty
vivo,x21 64gb,156g,4gb,12mp,12mp,qualcomm snapdragon 660,3200mah,6.28 inches,"lkr 100,479",2018,titanium grey,"4g, 3g, 2g",discontinued,1 year manufacturer warranty
vivo,v23e 128gb,172g,8gb,50mp,64mp,mediatek helio g96,4050mah,6.44 inches,"lkr 100,479",2021,titanium grey,"5g, 4g, 3g, 2g",discontinued,1 year manufacturer warranty
vivo,v23e 256gb,172g,8gb,50mp,64mp,mediatek helio g96,4050mah,6.44 inches,"lkr 117,281",2021,titanium grey,"5g, 4g, 3g, 2g",discontinued,1 year manufacturer warranty
vivo,y33s 128gb,182g,8gb,16mp,50mp,mediatek helio g80,5000mah,6.58 inches,"lkr 80,316",2021,titanium grey,"5g, 4g, 3g, 2g",discontinued,1 year manufacturer warranty
vivo,y33s 64gb,182g,4gb,16mp,50mp,mediatek helio g80,5000mah,6.58 inches,"lkr 60,153",2021,noble black,"4g, 3g, 2g",discontinued,1 year manufacturer warranty
vivo,x60 pro 256gb,190g,12gb,32mp,48mp,qualcomm snapdragon 870,4200mah,6.56 inches,"lkr 302,109",2021,sunset gold,"5g, 4g, 3g, 2g",discontinued,1 year manufacturer warranty
vivo,x60 pro 512gb,190g,12gb,32mp,48mp,qualcomm snapdragon 870,4200mah,6.56 inches,"lkr 335,714",2021,starry blue,"5g, 4g, 3g, 2g",discontinued,1 year manufacturer warranty
vivo,v20 pro 128gb,173g,8gb,44mp,64mp,qualcomm snapdragon 765g,4000mah,6.44 inches,"lkr 167,689",2020,titanium grey,"5g, 4g, 3g, 2g",discontinued,1 year manufacturer warranty
vivo,v20 pro 256gb,173g,8gb,44mp,64mp,qualcomm snapdragon 765g,4000mah,6.44 inches,"lkr 184,491",2020,breeze blue,"5g, 4g, 3g, 2g",discontinued,1 year manufacturer warranty
vivo,y75 5g 128gb,179g,8gb,16mp,50mp,mediatek dimensity 700,5000mah,6.58 inches,"lkr 117,281",2021,sunset gold,"5g, 4g, 3g, 2g",discontinued,1 year manufacturer warranty
vivo,y75 5g 256gb,179g,8gb,16mp,50mp,mediatek dimensity 700,5000mah,6.58 inches,"lkr 134,084",2021,sunset gold,"5g, 4g, 3g, 2g",discontinued,1 year manufacturer warranty
vivo,y53s 128gb,190g,6gb,16mp,64mp,mediatek helio g80,5000mah,6.58 inches,"lkr 76,955",2021,starry blue,"5g, 4g, 3g, 2g",discontinued,1 year manufacturer warranty
vivo,y53s 64gb,190g,6gb,16mp,64mp,mediatek helio g80,5000mah,6.58 inches,"lkr 60,153",2021,starry blue,"4g, 3g, 2g",discontinued,1 year manufacturer warranty
vivo,v15 pro 128gb,185g,6gb,32mp,48mp,qualcomm snapdragon 675,3700mah,6.39 inches,"lkr 134,084",2019,breeze blue,"4g, 3g, 2g",discontinued,1 year manufacturer warranty
vivo,v15 pro 256gb,185g,6gb,32mp,48mp,qualcomm snapdragon 675,3700mah,6.39 inches,"lkr 150,886",2019,noble black,"4g, 3g, 2g",discontinued,1 year manufacturer warranty
vivo,x70 pro 128gb,185g,8gb,32mp,50mp,mediatek dimensity 1200,4450mah,6.56 inches,"lkr 251,701",2021,noble black,"5g, 4g, 3g, 2g",discontinued,1 year manufacturer warranty
vivo,x70 pro 256gb,185g,8gb,32mp,50mp,mediatek dimensity 1200,4450mah,6.56 inches,"lkr 268,504",2021,sunset gold,"5g, 4g, 3g, 2g",discontinued,1 year manufacturer warranty
vivo,t1 5g 128gb,181g,6gb,16mp,50mp,qualcomm snapdragon 695,5000mah,6.58 inches,"lkr 90,397",2022,sunset gold,"5g, 4g, 3g, 2g",limited stock,1 year manufacturer warranty
vivo,t1 5g 256gb,181g,8gb,16mp,50mp,qualcomm snapdragon 695,5000mah,6.58 inches,"lkr 107,200",2022,breeze blue,"5g, 4g, 3g, 2g",limited stock,1 year manufacturer warranty
vivo,x30 pro 128gb,199g,8gb,32mp,64mp,qualcomm snapdragon 855,4200mah,6.44 inches,"lkr 302,109",2019,starry blue,"4g, 3g, 2g",discontinued,1 year manufacturer warranty
vivo,x30 pro 256gb,199g,8gb,32mp,64mp,qualcomm snapdragon 855,4200mah,6.44 inches,"lkr 318,911",2019,noble black,"4g, 3g, 2g",discontinued,1 year manufacturer warranty
vivo,v27 128gb,182g,8gb,50mp,50mp,mediatek dimensity 8200,4600mah,6.78 inches,"lkr 201,294",2023,breeze blue,"5g, 4g, 3g, 2g",limited stock,1 year manufacturer warranty
vivo,v27 256gb,182g,8gb,50mp,50mp,mediatek dimensity 8200,4600mah,6.78 inches,"lkr 218,096",2023,starry blue,"5g, 4g, 3g, 2g",limited stock,1 year manufacturer warranty
vivo,v27 pro 128gb,182g,8gb,50mp,50mp,mediatek dimensity 8200,4600mah,6.78 inches,"lkr 234,899",2023,sunset gold,"5g, 4g, 3g, 2g",limited stock,1 year manufacturer warranty
vivo,v27 pro 256gb,182g,8gb,50mp,50mp,mediatek dimensity 8200,4600mah,6.78 inches,"lkr 251,701",2023,sunset gold,"5g, 4g, 3g, 2g",limited stock,1 year manufacturer warranty
vivo,v25 pro 128gb,190g,8gb,32mp,64mp,mediatek dimensity 1300,4830mah,6.56 inches,"lkr 201,294",2022,starry blue,"5g, 4g, 3g, 2g",limited stock,1 year manufacturer warranty
vivo,v25 pro 256gb,190g,8gb,32mp,64mp,mediatek dimensity 1300,4830mah,6.56 inches,"lkr 218,096",2022,sunset gold,"5g, 4g, 3g, 2g",limited stock,1 year manufacturer warranty
vivo,x90 pro 256gb,221g,12gb,32mp,50mp,mediatek dimensity 9200,4870mah,6.78 inches,"lkr 369,319",2022,starry blue,"5g, 4g, 3g, 2g",limited stock,1 year manufacturer warranty
vivo,x90 pro 512gb,221g,12gb,32mp,50mp,mediatek dimensity 9200,4870mah,6.78 inches,"lkr 402,924",2022,breeze blue,"5g, 4g, 3g, 2g",limited stock,1 year manufacturer warranty
vivo,y100 128gb,190g,8gb,16mp,64mp,mediatek dimensity 900,4500mah,6.44 inches,"lkr 134,084",2023,titanium grey,"5g, 4g, 3g, 2g",limited stock,1 year manufacturer warranty
vivo,y100 256gb,190g,8gb,16mp,64mp,mediatek dimensity 900,4500mah,6.44 inches,"lkr 150,886",2023,noble black,"5g, 4g, 3g, 2g",limited stock,1 year manufacturer warranty
vivo,t2 series 128gb,190g,8gb,16mp,64mp,qualcomm snapdragon 695,4500mah,6.44 inches,"lkr 100,479",2023,noble black,"5g, 4g, 3g, 2g",limited stock,1 year manufacturer warranty
vivo,t2 series 256gb,190g,8gb,16mp,64mp,qualcomm snapdragon 695,4500mah,6.44 inches,"lkr 117,281",2023,breeze blue,"5g, 4g, 3g, 2g",limited stock,1 year manufacturer warranty
vivo,v23 5g 128gb,179g,8gb,50mp,64mp,mediatek dimensity 920,4200mah,6.44 inches,"lkr 167,689",2022,titanium grey,"5g, 4g, 3g, 2g",limited stock,1 year manufacturer warranty
vivo,v23 5g 256gb,179g,8gb,50mp,64mp,mediatek dimensity 920,4200mah,6.44 inches,"lkr 184,491",2022,breeze blue,"5g, 4g, 3g, 2g",limited stock,1 year manufacturer warranty
vivo,x80 256gb,206g,12gb,32mp,50mp,mediatek dimensity 9000,4700mah,6.78 inches,"lkr 302,109",2022,titanium grey,"5g, 4g, 3g, 2g",limited stock,1 year manufacturer warranty
vivo,x80 512gb,206g,12gb,32mp,50mp,mediatek dimensity 9000,4700mah,6.78 inches,"lkr 335,714",2022,titanium grey,"5g, 4g, 3g, 2g",limited stock,1 year manufacturer warranty
vivo,y21 128gb,182g,4gb,8mp,13mp,mediatek helio p35,5000mah,6.51 inches,"lkr 66,874",2021,breeze blue,"5g, 4g, 3g, 2g",discontinued,1 year manufacturer warranty
vivo,y21 64gb,182g,4gb,8mp,13mp,mediatek helio p35,5000mah,6.51 inches,"lkr 60,153",2021,titanium grey,"4g, 3g, 2g",discontinued,1 year manufacturer warranty
vivo,pad 128gb,498g,6gb,8mp,13mp,snapdragon 870,8040mah,11 inches,"lkr 110,560",2022,breeze blue,"5g, 4g, 3g, 2g",limited stock,1 year manufacturer warranty
vivo,pad 2 256gb,535g,8gb,8mp,50mp,mediatek dimensity 1200,8040mah,11 inches,"lkr 134,084",2023,noble black,"5g, 4g, 3g, 2g",limited stock,1 year manufacturer warranty
vivo,pad air 128gb,510g,6gb,8mp,13mp,snapdragon 870,8040mah,10.4 inches,"lkr 93,758",2023,titanium grey,"5g, 4g, 3g, 2g",limited stock,1 year manufacturer warranty
vivo,pad 3 128gb,500g,6gb,8mp,13mp,snapdragon 750g,8040mah,11 inches,"lkr 117,281",2023,titanium grey,"5g, 4g, 3g, 2g",limited stock,1 year manufacturer warranty
vivo,pad 3 pro 256gb,550g,8gb,8mp,50mp,snapdragon 888,8040mah,12.3 inches,"lkr 150,886",2023,starry blue,"5g, 4g, 3g, 2g",limited stock,1 year manufacturer warranty
vivo,pad 4 pro 256gb,560g,8gb,8mp,50mp,mediatek dimensity 9000,8040mah,12.9 inches,"lkr 167,689",2024,starry blue,"5g, 4g, 3g, 2g",in stock,1 year manufacturer warranty
iqoo,pad 128gb,520g,6gb,8mp,13mp,snapdragon 870,8040mah,11 inches,"lkr 117,281",2023,solid ice blue,"5g, 4g, 3g, 2g",limited stock,1 year manufacturer warranty
iqoo,pad 2 256gb,540g,8gb,8mp,50mp,snapdragon 888,8040mah,12.3 inches,"lkr 134,084",2024,legend black,"5g, 4g, 3g, 2g",in stock,1 year manufacturer warranty
iqoo,pad 2 pro 256gb,555g,8gb,8mp,50mp,snapdragon 8 gen 1,8040mah,12.3 inches,"lkr 150,886",2024,solid ice blue,"5g, 4g, 3g, 2g",in stock,1 year manufacturer warranty
oppo,find n3 512gb,239g,12gb,32mp,48mp + 64mp + 48mp,snapdragon 8 gen 2,4805mah,7.82 inches,"lkr 470,134",2023,sunset orange,"5g, 4g, 3g, 2g",limited stock,1 year manufacturer warranty
oppo,find n3 flip 256gb,198g,12gb,32mp,50mp + 32mp + 48mp,mediatek dimensity 9200,4300mah,6.8 inches,"lkr 335,714",2023,sunset orange,"5g, 4g, 3g, 2g",limited stock,1 year manufacturer warranty
oppo,find x8 pro 256gb,210g,12gb,32mp,50mp + 50mp + 50mp,snapdragon 8 gen 2,5000mah,6.8 inches,"lkr 436,529",2024,cosmic black,"5g, 4g, 3g, 2g",in stock,1 year manufacturer warranty
oppo,find x8 256gb,195g,8gb,32mp,50mp + 50mp,snapdragon 8 gen 2,4800mah,6.7 inches,"lkr 369,319",2024,cosmic black,"5g, 4g, 3g, 2g",in stock,1 year manufacturer warranty
oppo,reno13 f 4g 256gb,192g,8gb,32mp,50mp + 8mp + 2mp,mediatek helio g100,5800mah,6.67 inches,"lkr 167,689",2025,cosmic black,"4g, 3g, 2g",in stock,1 year manufacturer warranty
oppo,reno13 f 256gb,192g,8gb,32mp,50mp + 8mp + 2mp,mediatek helio g100,5800mah,6.67 inches,"lkr 167,689",2025,cosmic black,"5g, 4g, 3g, 2g",in stock,1 year manufacturer warranty
oppo,reno13 pro 512gb,210g,12gb,50mp,50mp + 50mp + 8mp,mediatek dimensity 8350,5800mah,6.83 inches,"lkr 268,504",2025,glowing gold,"5g, 4g, 3g, 2g",in stock,1 year manufacturer warranty
oppo,reno13 256gb,200g,12gb,50mp,50mp + 8mp,mediatek dimensity 8350,5600mah,6.59 inches,"lkr 234,899",2025,sunset orange,"5g, 4g, 3g, 2g",in stock,1 year manufacturer warranty
oppo,reno12 f 4g 256gb,187g,8gb,32mp,50mp + 8mp + 2mp,snapdragon 685,5000mah,6.7 inches,"lkr 150,886",2024,ocean blue,"4g, 3g, 2g",in stock,1 year manufacturer warranty
oppo,reno12 f 256gb,187g,8gb,32mp,50mp + 8mp + 2mp,snapdragon 685,5000mah,6.7 inches,"lkr 150,886",2024,starlight black,"5g, 4g, 3g, 2g",in stock,1 year manufacturer warranty
oppo,reno12 pro 512gb,190g,12gb,32mp,50mp + 32mp + 8mp,mediatek dimensity 8200,4600mah,6.74 inches,"lkr 251,701",2024,sunset orange,"5g, 4g, 3g, 2g",in stock,1 year manufacturer warranty
oppo,reno12 256gb,185g,8gb,32mp,50mp + 8mp,mediatek dimensity 7050,5000mah,6.7 inches,"lkr 201,294",2024,ocean blue,"5g, 4g, 3g, 2g",in stock,1 year manufacturer warranty
oppo,reno11 f 256gb,185g,8gb,32mp,64mp + 8mp + 2mp,mediatek dimensity 7050,5000mah,6.7 inches,"lkr 167,689",2024,cosmic black,"5g, 4g, 3g, 2g",in stock,1 year manufacturer warranty
oppo,reno11 pro 512gb,190g,12gb,32mp,50mp + 32mp + 8mp,mediatek dimensity 8200,4600mah,6.74 inches,"lkr 234,899",2024,cosmic black,"5g, 4g, 3g, 2g",in stock,1 year manufacturer warranty
oppo,a5 pro 256gb,180g,8gb,16mp,50mp + 2mp,dimensity 7300,6000mah,6.7 inches,"lkr 201,294",2024,glowing gold,"5g, 4g, 3g, 2g",in stock,1 year manufacturer warranty
oppo,a5 pro 512gb,186g,12gb,16mp,50mp + 2mp,dimensity 7300,6000mah,6.7 inches,"lkr 234,899",2024,starlight black,"5g, 4g, 3g, 2g",in stock,1 year manufacturer warranty
oppo,a80 256gb,186g,8gb,8mp,50mp + 2mp,dimensity 6300,5100mah,6.67 inches,"lkr 167,689",2024,sunset orange,"5g, 4g, 3g, 2g",in stock,1 year manufacturer warranty
oppo,a3 4g 128gb,186g,4gb,5mp,50mp,snapdragon 6s 4g gen 1,5000mah,6.7 inches,"lkr 134,084",2024,ocean blue,"4g, 3g, 2g",in stock,1 year manufacturer warranty
oppo,a3x 4g 128gb,186g,4gb,8mp,8mp + 2mp,snapdragon 6s 4g gen 1,5100mah,6.67 inches,"lkr 150,886",2024,starlight black,"4g, 3g, 2g",in stock,1 year manufacturer warranty
oppo,a3x 4g 256gb,186g,6gb,8mp,8mp + 2mp,snapdragon 6s 4g gen 1,5100mah,6.67 inches,"lkr 167,689",2024,glowing gold,"4g, 3g, 2g",in stock,1 year manufacturer warranty
oppo,a3 128gb,186g,4gb,5mp,50mp,snapdragon 6s 4g gen 1,5000mah,6.7 inches,"lkr 134,084",2024,cosmic black,"5g, 4g, 3g, 2g",in stock,1 year manufacturer warranty
oppo,a3x 128gb,186g,4gb,8mp,8mp + 2mp,snapdragon 6s 4g gen 1,5100mah,6.67 inches,"lkr 150,886",2024,ocean blue,"5g, 4g, 3g, 2g",in stock,1 year manufacturer warranty
oppo,a3x 256gb,186g,6gb,8mp,8mp + 2mp,snapdragon 6s 4g gen 1,5100mah,6.67 inches,"lkr 167,689",2024,ocean blue,"5g, 4g, 3g, 2g",in stock,1 year manufacturer warranty
oppo,a60 128gb,186g,8gb,8mp,50mp + 2mp,snapdragon 680 4g,5000mah,6.67 inches,"lkr 150,886",2024,ocean blue,"5g, 4g, 3g, 2g",in stock,1 year manufacturer warranty
oppo,a60 256gb,186g,8gb,8mp,50mp + 2mp,snapdragon 680 4g,5000mah,6.67 inches,"lkr 167,689",2024,starlight black,"5g, 4g, 3g, 2g",in stock,1 year manufacturer warranty
oppo,k12 plus 256gb,192g,8gb,16mp,50mp,snapdragon 7 gen 3,6400mah,6.7 inches,"lkr 234,899",2024,cosmic black,"5g, 4g, 3g, 2g",in stock,1 year manufacturer warranty
oppo,k12 plus 512gb,192g,12gb,16mp,50mp,snapdragon 7 gen 3,6400mah,6.7 inches,"lkr 268,504",2024,ocean blue,"5g, 4g, 3g, 2g",in stock,1 year manufacturer warranty
oppo,f27 128gb,175g,8gb,32mp,64mp + 2mp,dimensity 7050,5000mah,6.7 inches,"lkr 167,689",2024,cosmic black,"5g, 4g, 3g, 2g",in stock,1 year manufacturer warranty
oppo,f27 256gb,175g,8gb,32mp,64mp + 2mp,dimensity 7050,5000mah,6.7 inches,"lkr 184,491",2024,sunset orange,"5g, 4g, 3g, 2g",in stock,1 year manufacturer warranty
oppo,f27 pro+ 256gb,177g,8gb,32mp,64mp + 2mp,dimensity 7050,5000mah,6.7 inches,"lkr 201,294",2024,starlight black,"5g, 4g, 3g, 2g",in stock,1 year manufacturer warranty
oppo,f27 pro+ 512gb,177g,12gb,32mp,64mp + 2mp,dimensity 7050,5000mah,6.7 inches,"lkr 234,899",2024,cosmic black,"5g, 4g, 3g, 2g",in stock,1 year manufacturer warranty
oppo,f25 pro 128gb,173g,8gb,32mp,64mp + 2mp,snapdragon 778g,4500mah,6.55 inches,"lkr 184,491",2023,sunset orange,"5g, 4g, 3g, 2g",limited stock,1 year manufacturer warranty
oppo,f25 pro 256gb,173g,8gb,32mp,64mp + 2mp,snapdragon 778g,4500mah,6.55 inches,"lkr 201,294",2023,cosmic black,"5g, 4g, 3g, 2g",limited stock,1 year manufacturer warranty
oppo,pad 3 128gb,533g,8gb,8mp,13mp,dimensity 8350,9510mah,11.6 inches,"lkr 234,899",2024,ocean blue,"5g, 4g, 3g, 2g",in stock,1 year manufacturer warranty
oppo,pad 3 256gb,533g,12gb,8mp,13mp,dimensity 8350,9510mah,11.6 inches,"lkr 268,504",2024,glowing gold,"5g, 4g, 3g, 2g",in stock,1 year manufacturer warranty
oppo,pad 3 pro 256gb,586g,12gb,8mp,13mp,snapdragon 8 gen 3,9510mah,12.1 inches,"lkr 302,109",2024,glowing gold,"5g, 4g, 3g, 2g",in stock,1 year manufacturer warranty
oppo,pad 3 pro 512gb,586g,16gb,8mp,13mp,snapdragon 8 gen 3,9510mah,12.1 inches,"lkr 335,714",2024,starlight black,"5g, 4g, 3g, 2g",in stock,1 year manufacturer warranty
oppo,pad neo 128gb,520g,6gb,8mp,13mp,snapdragon 870,8360mah,11 inches,"lkr 167,689",2023,starlight black,"5g, 4g, 3g, 2g",limited stock,1 year manufacturer warranty
oppo,pad neo 256gb,520g,8gb,8mp,13mp,snapdragon 870,8360mah,11 inches,"lkr 201,294",2023,ocean blue,"5g, 4g, 3g, 2g",limited stock,1 year manufacturer warranty
oppo,find x7 ultra 256gb,221g,12gb,32mp,50mp + 50mp + 50mp,snapdragon 8 gen 3,5000mah,6.82 inches,"lkr 402,924",2024,cosmic black,"5g, 4g, 3g, 2g",in stock,1 year manufacturer warranty
oppo,find x7 ultra 512gb,221g,16gb,32mp,50mp + 50mp + 50mp,snapdragon 8 gen 3,5000mah,6.82 inches,"lkr 436,529",2024,glowing gold,"5g, 4g, 3g, 2g",in stock,1 year manufacturer warranty
oppo,find x7 256gb,206g,12gb,32mp,50mp + 50mp + 64mp,dimensity 9300,5000mah,6.78 inches,"lkr 369,319",2024,glowing gold,"5g, 4g, 3g, 2g",in stock,1 year manufacturer warranty
oppo,find x7 512gb,206g,16gb,32mp,50mp + 50mp + 64mp,dimensity 9300,5000mah,6.78 inches,"lkr 402,924",2024,ocean blue,"5g, 4g, 3g, 2g",in stock,1 year manufacturer warranty
oppo,find x6 pro 256gb,218g,12gb,32mp,50mp + 50mp + 50mp,snapdragon 8 gen 2,5000mah,6.82 inches,"lkr 335,714",2023,ocean blue,"5g, 4g, 3g, 2g",limited stock,1 year manufacturer warranty
oppo,find x6 pro 512gb,218g,16gb,32mp,50mp + 50mp + 50mp,snapdragon 8 gen 2,5000mah,6.82 inches,"lkr 369,319",2023,sunset orange,"5g, 4g, 3g, 2g",limited stock,1 year manufacturer warranty
oppo,find x6 256gb,207g,12gb,32mp,50mp + 50mp + 50mp,dimensity 9200,4800mah,6.74 inches,"lkr 302,109",2023,starlight black,"5g, 4g, 3g, 2g",limited stock,1 year manufacturer warranty
oppo,find x6 512gb,207g,16gb,32mp,50mp + 50mp + 50mp,dimensity 9200,4800mah,6.74 inches,"lkr 335,714",2023,glowing gold,"5g, 4g, 3g, 2g",limited stock,1 year manufacturer warranty
oppo,find x5 pro 256gb,218g,12gb,32mp,50mp + 50mp + 13mp,snapdragon 8 gen 1,5000mah,6.7 inches,"lkr 302,109",2022,ocean blue,"5g, 4g, 3g, 2g",limited stock,1 year manufacturer warranty
oppo,find x5 pro 512gb,218g,16gb,32mp,50mp + 50mp + 13mp,snapdragon 8 gen 1,5000mah,6.7 inches,"lkr 335,714",2022,glowing gold,"5g, 4g, 3g, 2g",limited stock,1 year manufacturer warranty
oppo,find x5 256gb,196g,8gb,32mp,50mp + 50mp + 13mp,snapdragon 888,4800mah,6.55 inches,"lkr 268,504",2022,ocean blue,"5g, 4g, 3g, 2g",limited stock,1 year manufacturer warranty
oppo,find n2 flip 256gb,191g,8gb,32mp,50mp + 8mp,dimensity 9000+,4300mah,6.8 inches,"lkr 302,109",2023,ocean blue,"5g, 4g, 3g, 2g",limited stock,1 year manufacturer warranty
oppo,find n2 flip 512gb,191g,12gb,32mp,50mp + 8mp,dimensity 9000+,4300mah,6.8 inches,"lkr 335,714",2023,ocean blue,"5g, 4g, 3g, 2g",limited stock,1 year manufacturer warranty
oppo,find n2 256gb,233g,12gb,32mp,50mp + 48mp + 32mp,snapdragon 8+ gen 1,4520mah,7.1 inches,"lkr 369,319",2022,starlight black,"5g, 4g, 3g, 2g",limited stock,1 year manufacturer warranty
oppo,reno10 5g 128gb,180g,8gb,32mp,64mp + 32mp + 8mp,dimensity 7050,"5,000mah",6.7 inches,"lkr 167,689",2023,ocean blue,"5g, 4g, 3g, 2g",limited stock,1 year manufacturer warranty
oppo,reno10 5g 256gb,180g,8gb,32mp,64mp + 32mp + 8mp,dimensity 7050,"5,000mah",6.7 inches,"lkr 184,491",2023,starlight black,"5g, 4g, 3g, 2g",limited stock,1 year manufacturer warranty
oppo,reno10 pro 5g 256gb,186g,12gb,32mp,50mp + 32mp + 8mp,snapdragon 778g,"4,600mah",6.7 inches,"lkr 201,294",2023,cosmic black,"5g, 4g, 3g, 2g",limited stock,1 year manufacturer warranty
oppo,reno10 pro+ 5g 256gb,194g,16gb,32mp,50mp + 64mp + 8mp,snapdragon 8+ gen 1,"4,700mah",6.74 inches,"lkr 234,899",2023,starlight black,"5g, 4g, 3g, 2g",limited stock,1 year manufacturer warranty
oppo,reno9 5g 128gb,174g,8gb,32mp,64mp + 2mp,snapdragon 778g,"4,500mah",6.7 inches,"lkr 150,886",2022,cosmic black,"5g, 4g, 3g, 2g",limited stock,1 year manufacturer warranty
oppo,reno9 5g 256gb,174g,12gb,32mp,64mp + 2mp,snapdragon 778g,"4,500mah",6.7 inches,"lkr 167,689",2022,cosmic black,"5g, 4g, 3g, 2g",limited stock,1 year manufacturer warranty
oppo,reno9 pro 5g 256gb,184g,16gb,32mp,50mp + 8mp,dimensity 8100,"4,500mah",6.7 inches,"lkr 201,294",2022,glowing gold,"5g, 4g, 3g, 2g",limited stock,1 year manufacturer warranty
oppo,reno9 pro+ 5g 256gb,192g,16gb,32mp,50mp + 8mp + 2mp,snapdragon 8+ gen 1,"4,700mah",6.7 inches,"lkr 218,096",2022,ocean blue,"5g, 4g, 3g, 2g",limited stock,1 year manufacturer warranty
oppo,reno8 5g 128gb,179g,8gb,32mp,50mp + 8mp + 2mp,dimensity 1300,"4,500mah",6.4 inches,"lkr 134,084",2022,cosmic black,"5g, 4g, 3g, 2g",limited stock,1 year manufacturer warranty
oppo,reno8 5g 256gb,179g,12gb,32mp,50mp + 8mp + 2mp,dimensity 1300,"4,500mah",6.4 inches,"lkr 150,886",2022,glowing gold,"5g, 4g, 3g, 2g",limited stock,1 year manufacturer warranty
oppo,reno8 pro 5g 256gb,183g,12gb,32mp,50mp + 8mp + 2mp,dimensity 8100,"4,500mah",6.7 inches,"lkr 184,491",2022,glowing gold,"5g, 4g, 3g, 2g",limited stock,1 year manufacturer warranty
oppo,reno8 pro+ 5g 256gb,195g,12gb,32mp,50mp + 8mp + 2mp,dimensity 8100,"4,500mah",6.7 inches,"lkr 201,294",2022,cosmic black,"5g, 4g, 3g, 2g",limited stock,1 year manufacturer warranty
oppo,reno7 5g 128gb,173g,8gb,32mp,64mp + 8mp + 2mp,dimensity 900,"4,500mah",6.4 inches,"lkr 117,281",2021,starlight black,"5g, 4g, 3g, 2g",discontinued,1 year manufacturer warranty
oppo,reno7 5g 256gb,173g,12gb,32mp,64mp + 8mp + 2mp,dimensity 900,"4,500mah",6.4 inches,"lkr 134,084",2021,cosmic black,"5g, 4g, 3g, 2g",discontinued,1 year manufacturer warranty
oppo,reno7 pro 5g 256gb,180g,12gb,32mp,50mp + 8mp + 2mp,dimensity 1200,"4,500mah",6.55 inches,"lkr 167,689",2021,ocean blue,"5g, 4g, 3g, 2g",discontinued,1 year manufacturer warranty
oppo,reno6 5g 128gb,182g,8gb,32mp,64mp + 8mp + 2mp,dimensity 900,"4,300mah",6.43 inches,"lkr 117,281",2021,glowing gold,"5g, 4g, 3g, 2g",discontinued,1 year manufacturer warranty
oppo,reno6 5g 256gb,182g,12gb,32mp,64mp + 8mp + 2mp,dimensity 900,"4,300mah",6.43 inches,"lkr 134,084",2021,sunset orange,"5g, 4g, 3g, 2g",discontinued,1 year manufacturer warranty
oppo,reno6 pro 5g 128gb,177g,8gb,32mp,64mp + 8mp + 2mp + 2mp,dimensity 1200,"4,500mah",6.55 inches,"lkr 150,886",2021,glowing gold,"5g, 4g, 3g, 2g",discontinued,1 year manufacturer warranty
oppo,reno6 pro 5g 256gb,177g,12gb,32mp,64mp + 8mp + 2mp + 2mp,dimensity 1200,"4,500mah",6.55 inches,"lkr 167,689",2021,ocean blue,"5g, 4g, 3g, 2g",discontinued,1 year manufacturer warranty
oppo,reno6 pro+ 5g 256gb,188g,12gb,32mp,50mp + 13mp + 16mp + 2mp,snapdragon 870,"4,500mah",6.55 inches,"lkr 201,294",2021,sunset orange,"5g, 4g, 3g, 2g",discontinued,1 year manufacturer warranty
oppo,reno5 5g 128gb,180g,8gb,32mp,64mp + 8mp + 2mp + 2mp,snapdragon 765g,"4,300mah",6.43 inches,"lkr 100,479",2020,cosmic black,"5g, 4g, 3g, 2g",discontinued,1 year manufacturer warranty
oppo,reno5 5g 256gb,180g,12gb,32mp,64mp + 8mp + 2mp + 2mp,snapdragon 765g,"4,300mah",6.43 inches,"lkr 117,281",2020,ocean blue,"5g, 4g, 3g, 2g",discontinued,1 year manufacturer warranty
oppo,reno5 pro 5g 128gb,173g,8gb,32mp,64mp + 8mp + 2mp + 2mp,dimensity 1000+,"4,350mah",6.55 inches,"lkr 134,084",2020,glowing gold,"5g, 4g, 3g, 2g",discontinued,1 year manufacturer warranty
oppo,reno5 pro 5g 256gb,173g,12gb,32mp,64mp + 8mp + 2mp + 2mp,dimensity 1000+,"4,350mah",6.55 inches,"lkr 150,886",2020,ocean blue,"5g, 4g, 3g, 2g",discontinued,1 year manufacturer warranty
oppo,reno5 pro+ 5g 256gb,184g,12gb,32mp,50mp + 16mp + 13mp + 2mp,snapdragon 865,"4,500mah",6.55 inches,"lkr 201,294",2020,ocean blue,"5g, 4g, 3g, 2g",discontinued,1 year manufacturer warranty
oppo,reno4 5g 128gb,183g,8gb,32mp,48mp + 8mp + 2mp + 2mp,snapdragon 765g,"4,000mah",6.43 inches,"lkr 100,479",2020,cosmic black,"5g, 4g, 3g, 2g",discontinued,1 year manufacturer warranty
oppo,reno4 5g 256gb,183g,8gb,32mp,48mp + 8mp + 2mp + 2mp,snapdragon 765g,"4,000mah",6.43 inches,"lkr 117,281",2020,ocean blue,"5g, 4g, 3g, 2g",discontinued,1 year manufacturer warranty
oppo,reno4 pro 5g 256gb,172g,12gb,32mp,48mp + 13mp + 12mp,snapdragon 765g,"4,000mah",6.55 inches,"lkr 167,689",2020,sunset orange,"5g, 4g, 3g, 2g",discontinued,1 year manufacturer warranty
oppo,reno3 5g 128gb,181g,8gb,32mp,64mp + 8mp + 2mp + 2mp,dimensity 1000l,"4,025mah",6.4 inches,"lkr 83,676",2019,starlight black,"5g, 4g, 3g, 2g",discontinued,1 year manufacturer warranty
oppo,reno3 5g 256gb,181g,12gb,32mp,64mp + 8mp + 2mp + 2mp,dimensity 1000l,"4,025mah",6.4 inches,"lkr 100,479",2019,sunset orange,"5g, 4g, 3g, 2g",discontinued,1 year manufacturer warranty
oppo,reno3 pro 5g 256gb,171g,12gb,32mp,48mp + 13mp + 8mp + 2mp,snapdragon 765g,"4,025mah",6.5 inches,"lkr 167,689",2019,ocean blue,"5g, 4g, 3g, 2g",discontinued,1 year manufacturer warranty
oppo,a59 5g 128gb,186g,6gb,8mp,13mp + 2mp,mediatek dimensity 6020,"5,000mah",6.56 inches,"lkr 66,874",2023,starlight black,"5g, 4g, 3g, 2g",limited stock,1 year manufacturer warranty
oppo,a59 5g 256gb,186g,8gb,8mp,13mp + 2mp,mediatek dimensity 6020,"5,000mah",6.56 inches,"lkr 76,955",2023,cosmic black,"5g, 4g, 3g, 2g",limited stock,1 year manufacturer warranty
oppo,a58 5g 256gb,188g,8gb,8mp,50mp + 2mp,mediatek dimensity 700,"5,000mah",6.56 inches,"lkr 83,676",2022,ocean blue,"5g, 4g, 3g, 2g",limited stock,1 year manufacturer warranty
oppo,a57 5g 128gb,186g,6gb,8mp,13mp + 2mp,mediatek dimensity 810,"5,000mah",6.56 inches,"lkr 73,595",2022,sunset orange,"5g, 4g, 3g, 2g",limited stock,1 year manufacturer warranty
oppo,a56 5g 128gb,189g,6gb,8mp,13mp + 2mp,mediatek dimensity 700,"5,000mah",6.5 inches,"lkr 66,874",2021,starlight black,"5g, 4g, 3g, 2g",discontinued,1 year manufacturer warranty
oppo,a55 5g 128gb,186g,6gb,8mp,13mp + 2mp + 2mp,mediatek dimensity 700,"5,000mah",6.5 inches,"lkr 63,513",2021,glowing gold,"5g, 4g, 3g, 2g",discontinued,1 year manufacturer warranty
oppo,a54 5g 128gb,190g,6gb,16mp,48mp + 8mp + 2mp + 2mp,qualcomm snapdragon 480,"5,000mah",6.5 inches,"lkr 73,595",2021,glowing gold,"5g, 4g, 3g, 2g",discontinued,1 year manufacturer warranty
oppo,a53 5g 128gb,175g,4gb,8mp,16mp + 2mp + 2mp,mediatek dimensity 720,"4,040mah",6.5 inches,"lkr 60,153",2020,ocean blue,"5g, 4g, 3g, 2g",discontinued,1 year manufacturer warranty
oppo,a52 5g 128gb,184g,4gb,8mp,12mp + 8mp + 2mp + 2mp,mediatek dimensity 720,"4,000mah",6.5 inches,"lkr 56,792",2020,sunset orange,"5g, 4g, 3g, 2g",discontinued,1 year manufacturer warranty
oppo,a51 5g 128gb,186g,4gb,8mp,13mp + 2mp + 2mp,mediatek dimensity 700,"4,000mah",6.5 inches,"lkr 50,071",2020,starlight black,"5g, 4g, 3g, 2g",discontinued,1 year manufacturer warranty
oppo,a50 5g 128gb,185g,4gb,8mp,13mp + 2mp,mediatek dimensity 700,"4,000mah",6.5 inches,"lkr 46,711",2020,starlight black,"5g, 4g, 3g, 2g",discontinued,1 year manufacturer warranty
oppo,a49 5g 128gb,185g,4gb,8mp,13mp + 2mp,mediatek dimensity 700,"4,000mah",6.5 inches,"lkr 43,350",2020,glowing gold,"5g, 4g, 3g, 2g",discontinued,1 year manufacturer warranty
oppo,a40 128gb,186g,4gb,5mp,50mp,qualcomm snapdragon 6s gen 1,"5,100mah",6.67 inches,"lkr 66,874",2024,ocean blue,"5g, 4g, 3g, 2g",in stock,1 year manufacturer warranty
oppo,a40 256gb,186g,6gb,5mp,50mp,qualcomm snapdragon 6s gen 1,"5,100mah",6.67 inches,"lkr 76,955",2024,ocean blue,"5g, 4g, 3g, 2g",in stock,1 year manufacturer warranty
oppo,k11x 128gb,195g,8gb,16mp,108mp + 2mp,qualcomm snapdragon 695,"5,000mah",6.72 inches,"lkr 66,874",2023,cosmic black,"5g, 4g, 3g, 2g",limited stock,1 year manufacturer warranty
oppo,k11x 256gb,195g,12gb,16mp,108mp + 2mp,qualcomm snapdragon 695,"5,000mah",6.72 inches,"lkr 76,955",2023,sunset orange,"5g, 4g, 3g, 2g",limited stock,1 year manufacturer warranty
oppo,k10x 128gb,195g,6gb,16mp,64mp + 2mp + 2mp,qualcomm snapdragon 695,"5,000mah",6.59 inches,"lkr 66,874",2022,sunset orange,"5g, 4g, 3g, 2g",limited stock,1 year manufacturer warranty
oppo,k10x 256gb,195g,8gb,16mp,64mp + 2mp + 2mp,qualcomm snapdragon 695,"5,000mah",6.59 inches,"lkr 76,955",2022,sunset orange,"5g, 4g, 3g, 2g",limited stock,1 year manufacturer warranty
oppo,k10 5g 128gb,205g,8gb,16mp,64mp + 8mp + 2mp,mediatek dimensity 8000-max,"5,000mah",6.59 inches,"lkr 83,676",2022,ocean blue,"5g, 4g, 3g, 2g",limited stock,1 year manufacturer warranty
oppo,k9x 128gb,194g,6gb,16mp,64mp + 2mp + 2mp,mediatek dimensity 810,"5,000mah",6.5 inches,"lkr 66,874",2021,starlight black,"5g, 4g, 3g, 2g",discontinued,1 year manufacturer warranty
oppo,k9x 256gb,194g,8gb,16mp,64mp + 2mp + 2mp,mediatek dimensity 810,"5,000mah",6.5 inches,"lkr 76,955",2021,starlight black,"5g, 4g, 3g, 2g",discontinued,1 year manufacturer warranty
oppo,k9 pro 5g 128gb,180g,8gb,16mp,64mp + 8mp + 2mp,mediatek dimensity 1200,"4,500mah",6.43 inches,"lkr 100,479",2021,starlight black,"5g, 4g, 3g, 2g",discontinued,1 year manufacturer warranty
oppo,k9 pro 5g 256gb,180g,12gb,16mp,64mp + 8mp + 2mp,mediatek dimensity 1200,"4,500mah",6.43 inches,"lkr 110,560",2021,glowing gold,"5g, 4g, 3g, 2g",discontinued,1 year manufacturer warranty
oppo,k9 5g 128gb,172g,8gb,32mp,64mp + 8mp + 2mp,qualcomm snapdragon 768g,"4,300mah",6.43 inches,"lkr 93,758",2021,sunset orange,"5g, 4g, 3g, 2g",discontinued,1 year manufacturer warranty
oppo,k9 5g 256gb,172g,8gb,32mp,64mp + 8mp + 2mp,qualcomm snapdragon 768g,"4,300mah",6.43 inches,"lkr 100,479",2021,ocean blue,"5g, 4g, 3g, 2g",discontinued,1 year manufacturer warranty
oppo,k7x 128gb,194g,6gb,16mp,48mp + 8mp + 2mp + 2mp,mediatek dimensity 720,"5,000mah",6.5 inches,"lkr 66,874",2020,sunset orange,"5g, 4g, 3g, 2g",discontinued,1 year manufacturer warranty
oppo,k7 5g 128gb,180g,8gb,32mp,48mp + 8mp + 2mp + 2mp,qualcomm snapdragon 765g,"4,025mah",6.4 inches,"lkr 93,758",2020,cosmic black,"5g, 4g, 3g, 2g",discontinued,1 year manufacturer warranty
oppo,k7 5g 256gb,180g,8gb,32mp,48mp + 8mp + 2mp + 2mp,qualcomm snapdragon 765g,"4,025mah",6.4 inches,"lkr 100,479",2020,starlight black,"5g, 4g, 3g, 2g",discontinued,1 year manufacturer warranty
oppo,k11 128gb,184g,8gb,16mp,64mp + 8mp + 2mp,qualcomm snapdragon 782g,"5,000mah",6.7 inches,"lkr 87,037",2023,ocean blue,"5g, 4g, 3g, 2g",limited stock,1 year manufacturer warranty
oppo,k11 256gb,184g,12gb,16mp,64mp + 8mp + 2mp,qualcomm snapdragon 782g,"5,000mah",6.7 inches,"lkr 100,479",2023,sunset orange,"5g, 4g, 3g, 2g",limited stock,1 year manufacturer warranty
oppo,k10 5g 256gb,205g,12gb,16mp,64mp + 8mp + 2mp,mediatek dimensity 8000-max,"5,000mah",6.59 inches,"lkr 93,758",2022,starlight black,"5g, 4g, 3g, 2g",limited stock,1 year manufacturer warranty
realme,gt 7 pro 128gb,222.8g,12gb,16mp,50mp + 50mp + 8mp,qualcomm snapdragon 8 elite,"6,500mah",6.78 inches,"lkr 157,944",2024,rich gold,"5g, 4g, 3g, 2g",in stock,1 year manufacturer warranty
realme,gt 7 pro 256gb,222.8g,16gb,16mp,50mp + 50mp + 8mp,qualcomm snapdragon 8 elite,"6,500mah",6.78 inches,"lkr 168,025",2024,volcanic grey,"5g, 4g, 3g, 2g",in stock,1 year manufacturer warranty
realme,gt 6 128gb,191g,8gb,32mp,50mp + 8mp + 50mp,qualcomm snapdragon 8s gen 3,"5,500mah",6.78 inches,"lkr 127,699",2023,race yellow,"5g, 4g, 3g, 2g",limited stock,1 year manufacturer warranty
realme,gt 6 256gb,191g,12gb,32mp,50mp + 8mp + 50mp,qualcomm snapdragon 8s gen 3,"5,500mah",6.78 inches,"lkr 134,420",2023,rich gold,"5g, 4g, 3g, 2g",limited stock,1 year manufacturer warranty
realme,gt 6 512gb,191g,16gb,32mp,50mp + 8mp + 50mp,qualcomm snapdragon 8s gen 3,"5,500mah",6.78 inches,"lkr 141,141",2023,nebula blue,"5g, 4g, 3g, 2g",limited stock,1 year manufacturer warranty
realme,gt 6t 128gb,191g,8gb,32mp,50mp + 8mp,qualcomm snapdragon 7 plus gen 3,"5,500mah",6.78 inches,"lkr 120,978",2023,volcanic grey,"5g, 4g, 3g, 2g",limited stock,1 year manufacturer warranty
realme,gt 6t 256gb,191g,8gb,32mp,50mp + 8mp,qualcomm snapdragon 7 plus gen 3,"5,500mah",6.78 inches,"lkr 127,699",2023,sunrise gold,"5g, 4g, 3g, 2g",limited stock,1 year manufacturer warranty
realme,14 pro+ 5g 256gb,184g,12gb,16mp,50mp + 8mp + 50mp,qualcomm snapdragon 7s gen 3,"6,000mah",6.83 inches,"lkr 114,257",2025,nebula blue,"5g, 4g, 3g, 2g",in stock,1 year manufacturer warranty
realme,14 pro+ 5g 512gb,184g,12gb,16mp,50mp + 8mp + 50mp,qualcomm snapdragon 7s gen 3,"6,000mah",6.83 inches,"lkr 120,978",2025,volcanic grey,"5g, 4g, 3g, 2g",in stock,1 year manufacturer warranty
realme,14 pro 5g 128gb,184g,8gb,16mp,50mp + 8mp,mediatek dimensity 7300 energy,"5,800mah",6.7 inches,"lkr 107,536",2025,volcanic grey,"5g, 4g, 3g, 2g",in stock,1 year manufacturer warranty
realme,14 pro 5g 256gb,184g,8gb,16mp,50mp + 8mp,mediatek dimensity 7300 energy,"5,800mah",6.7 inches,"lkr 114,257",2025,volcanic grey,"5g, 4g, 3g, 2g",in stock,1 year manufacturer warranty
realme,14x 5g 128gb,190g,6gb,16mp,48mp + 2mp + 2mp,qualcomm snapdragon 7s gen 2,"5,500mah",6.6 inches,"lkr 90,734",2025,sunrise gold,"5g, 4g, 3g, 2g",in stock,1 year manufacturer warranty
realme,14x 5g 256gb,190g,8gb,16mp,48mp + 2mp + 2mp,qualcomm snapdragon 7s gen 2,"5,500mah",6.6 inches,"lkr 97,454",2025,nebula blue,"5g, 4g, 3g, 2g",in stock,1 year manufacturer warranty
realme,13+ 5g 128gb,185g,8gb,16mp,50mp + 2mp,mediatek dimensity 7200,"5,000mah",6.5 inches,"lkr 84,012",2024,nebula blue,"5g, 4g, 3g, 2g",in stock,1 year manufacturer warranty
realme,13+ 5g 256gb,185g,8gb,16mp,50mp + 2mp,mediatek dimensity 7200,"5,000mah",6.5 inches,"lkr 90,734",2024,rich gold,"5g, 4g, 3g, 2g",in stock,1 year manufacturer warranty
realme,13 5g 128gb,190g,6gb,16mp,50mp + 2mp,mediatek dimensity 6100+,"5,000mah",6.6 inches,"lkr 73,931",2024,rich gold,"5g, 4g, 3g, 2g",in stock,1 year manufacturer warranty
realme,13 5g 256gb,190g,8gb,16mp,50mp + 2mp,mediatek dimensity 6100+,"5,000mah",6.6 inches,"lkr 80,652",2024,race yellow,"5g, 4g, 3g, 2g",in stock,1 year manufacturer warranty
realme,13 pro 5g 128gb,192g,8gb,16mp,50mp + 8mp + 2mp,qualcomm snapdragon 7s gen 2,"5,200mah",6.7 inches,"lkr 100,815",2024,sunrise gold,"5g, 4g, 3g, 2g",in stock,1 year manufacturer warranty
realme,13 pro 5g 256gb,192g,12gb,16mp,50mp + 8mp + 2mp,qualcomm snapdragon 7s gen 2,"5,200mah",6.7 inches,"lkr 107,536",2024,nebula blue,"5g, 4g, 3g, 2g",in stock,1 year manufacturer warranty
realme,13 pro+ 5g 256gb,195g,12gb,32mp,50mp + 8mp + 50mp,qualcomm snapdragon 7+ gen 2,"5,500mah",6.78 inches,"lkr 120,978",2024,volcanic grey,"5g, 4g, 3g, 2g",in stock,1 year manufacturer warranty
realme,13 pro+ 5g 512gb,195g,16gb,32mp,50mp + 8mp + 50mp,qualcomm snapdragon 7+ gen 2,"5,500mah",6.78 inches,"lkr 127,699",2024,nebula blue,"5g, 4g, 3g, 2g",in stock,1 year manufacturer warranty
realme,p1 speed 5g 128gb,185g,8gb,16mp,64mp + 2mp,mediatek dimensity 8100,"5,100mah",6.7 inches,"lkr 84,012",2024,sunrise gold,"5g, 4g, 3g, 2g",in stock,1 year manufacturer warranty
realme,p1 speed 5g 256gb,185g,12gb,16mp,64mp + 2mp,mediatek dimensity 8100,"5,100mah",6.7 inches,"lkr 90,734",2024,sunrise gold,"5g, 4g, 3g, 2g",in stock,1 year manufacturer warranty
realme,p2 pro 5g 256gb,188g,12gb,32mp,50mp + 8mp + 50mp,qualcomm snapdragon 7+ gen 3,"5,500mah",6.78 inches,"lkr 114,257",2024,volcanic grey,"5g, 4g, 3g, 2g",in stock,1 year manufacturer warranty
realme,p2 pro 5g 512gb,188g,16gb,32mp,50mp + 8mp + 50mp,qualcomm snapdragon 7+ gen 3,"5,500mah",6.78 inches,"lkr 120,978",2024,rich gold,"5g, 4g, 3g, 2g",in stock,1 year manufacturer warranty
realme,p1 5g 128gb,184g,6gb,16mp,50mp + 2mp,mediatek dimensity 6100+,"5,000mah",6.6 inches,"lkr 67,210",2024,rich gold,"5g, 4g, 3g, 2g",in stock,1 year manufacturer warranty
realme,p1 5g 256gb,184g,8gb,16mp,50mp + 2mp,mediatek dimensity 6100+,"5,000mah",6.6 inches,"lkr 73,931",2024,rich gold,"5g, 4g, 3g, 2g",in stock,1 year manufacturer warranty
realme,p1 pro 5g 128gb,190g,8gb,16mp,64mp + 2mp,qualcomm snapdragon 7s gen 1,"5,200mah",6.7 inches,"lkr 90,734",2024,nebula blue,"5g, 4g, 3g, 2g",in stock,1 year manufacturer warranty
realme,p1 pro 5g 256gb,190g,12gb,16mp,64mp + 2mp,qualcomm snapdragon 7s gen 1,"5,200mah",6.7 inches,"lkr 97,454",2024,race yellow,"5g, 4g, 3g, 2g",in stock,1 year manufacturer warranty
realme,narzo 70 turbo 5g 128gb,200g,8gb,16mp,50mp + 2mp,mediatek dimensity 810,"5,000mah",6.6 inches,"lkr 80,652",2024,race yellow,"5g, 4g, 3g, 2g",in stock,1 year manufacturer warranty
realme,narzo 70 turbo 5g 256gb,200g,8gb,16mp,50mp + 2mp,mediatek dimensity 810,"5,000mah",6.6 inches,"lkr 87,373",2024,volcanic grey,"5g, 4g, 3g, 2g",in stock,1 year manufacturer warranty
realme,narzo n61 128gb,195g,6gb,16mp,50mp + 2mp,mediatek helio g99,"5,000mah",6.5 inches,"lkr 60,489",2024,volcanic grey,"5g, 4g, 3g, 2g",in stock,1 year manufacturer warranty
realme,narzo n63 128gb,193g,6gb,16mp,50mp + 2mp,mediatek helio g88,"5,000mah",6.5 inches,"lkr 53,768",2024,volcanic grey,"5g, 4g, 3g, 2g",in stock,1 year manufacturer warranty
realme,narzo n65 5g 128gb,198g,8gb,16mp,50mp + 2mp,mediatek dimensity 700,"5,000mah",6.6 inches,"lkr 70,570",2024,race yellow,"5g, 4g, 3g, 2g",in stock,1 year manufacturer warranty
realme,narzo 70 5g 128gb,198g,8gb,16mp,50mp + 2mp,mediatek dimensity 810,"5,200mah",6.6 inches,"lkr 77,292",2024,nebula blue,"5g, 4g, 3g, 2g",in stock,1 year manufacturer warranty
realme,c75 128gb,190g,6gb,8mp,50mp + 2mp,mediatek helio g85,"5,000mah",6.6 inches,"lkr 53,768",2024,rich gold,"5g, 4g, 3g, 2g",in stock,1 year manufacturer warranty
realme,c75 256gb,190g,8gb,8mp,50mp + 2mp,mediatek helio g85,"5,000mah",6.6 inches,"lkr 60,489",2024,sunrise gold,"5g, 4g, 3g, 2g",in stock,1 year manufacturer warranty
realme,c61 128gb,189g,4gb,8mp,50mp + 2mp,unisoc t612,"5,000mah",6.5 inches,"lkr 43,686",2024,volcanic grey,"5g, 4g, 3g, 2g",in stock,1 year manufacturer warranty
realme,c67 128gb,195g,6gb,8mp,50mp + 2mp,mediatek helio g88,"5,000mah",6.6 inches,"lkr 57,128",2024,volcanic grey,"5g, 4g, 3g, 2g",in stock,1 year manufacturer warranty
realme,c67 256gb,195g,8gb,8mp,50mp + 2mp,mediatek helio g88,"5,000mah",6.6 inches,"lkr 63,850",2024,volcanic grey,"5g, 4g, 3g, 2g",in stock,1 year manufacturer warranty
realme,c65 128gb,192g,6gb,8mp,50mp + 2mp,qualcomm snapdragon 680,"5,000mah",6.6 inches,"lkr 53,768",2024,volcanic grey,"5g, 4g, 3g, 2g",in stock,1 year manufacturer warranty
realme,c65 256gb,192g,8gb,8mp,50mp + 2mp,qualcomm snapdragon 680,"5,000mah",6.6 inches,"lkr 60,489",2024,rich gold,"5g, 4g, 3g, 2g",in stock,1 year manufacturer warranty
realme,c63 128gb,191g,6gb,8mp,50mp + 2mp,mediatek helio g85,"5,000mah",6.6 inches,"lkr 50,408",2024,race yellow,"5g, 4g, 3g, 2g",in stock,1 year manufacturer warranty
realme,c55 128gb,189g,6gb,8mp,64mp + 2mp,mediatek helio g88,"5,000mah",6.72 inches,"lkr 57,128",2023,nebula blue,"5g, 4g, 3g, 2g",limited stock,1 year manufacturer warranty
realme,c55 256gb,189g,8gb,8mp,64mp + 2mp,mediatek helio g88,"5,000mah",6.72 inches,"lkr 63,850",2023,volcanic grey,"5g, 4g, 3g, 2g",limited stock,1 year manufacturer warranty
realme,note 60x 128gb,198g,6gb,16mp,50mp + 2mp,mediatek dimensity 6100+,"5,200mah",6.6 inches,"lkr 70,570",2024,sunrise gold,"5g, 4g, 3g, 2g",in stock,1 year manufacturer warranty
realme,note 60 128gb,196g,6gb,16mp,50mp + 2mp,mediatek dimensity 810,"5,200mah",6.6 inches,"lkr 73,931",2024,race yellow,"5g, 4g, 3g, 2g",in stock,1 year manufacturer warranty
realme,note 60 256gb,196g,8gb,16mp,50mp + 2mp,mediatek dimensity 810,"5,200mah",6.6 inches,"lkr 80,652",2024,volcanic grey,"5g, 4g, 3g, 2g",in stock,1 year manufacturer warranty
realme,note 50 128gb,195g,6gb,16mp,50mp + 2mp,mediatek helio g99,"5,000mah",6.5 inches,"lkr 57,128",2024,rich gold,"5g, 4g, 3g, 2g",in stock,1 year manufacturer warranty
realme,gt 7 128gb,199g,8gb,16mp,50mp + 8mp + 2mp,qualcomm snapdragon 8 gen 2,"5,200mah",6.8 inches,"lkr 147,862",2024,volcanic grey,"5g, 4g, 3g, 2g",in stock,1 year manufacturer warranty
realme,gt 7 256gb,199g,12gb,16mp,50mp + 8mp + 2mp,qualcomm snapdragon 8 gen 2,"5,200mah",6.8 inches,"lkr 168,025",2024,race yellow,"5g, 4g, 3g, 2g",in stock,1 year manufacturer warranty
realme,neo 7 128gb,193g,8gb,16mp,64mp + 8mp + 2mp,mediatek dimensity 8200,"5,000mah",6.7 inches,"lkr 110,896",2024,rich gold,"5g, 4g, 3g, 2g",in stock,1 year manufacturer warranty
realme,neo 7 256gb,193g,12gb,16mp,64mp + 8mp + 2mp,mediatek dimensity 8200,"5,000mah",6.7 inches,"lkr 127,699",2024,nebula blue,"5g, 4g, 3g, 2g",in stock,1 year manufacturer warranty
realme,p2 pro 5g 128gb,195g,8gb,16mp,50mp + 8mp,mediatek dimensity 9200,"5,100mah",6.7 inches,"lkr 117,618",2024,volcanic grey,"5g, 4g, 3g, 2g",in stock,1 year manufacturer warranty
realme,p2 pro 5g 256gb,195g,12gb,16mp,50mp + 8mp,mediatek dimensity 9200,"5,100mah",6.7 inches,"lkr 134,420",2024,volcanic grey,"5g, 4g, 3g, 2g",in stock,1 year manufacturer warranty
realme,pad 64gb,440g,4gb,8mp,8mp,mediatek helio g80,"7,100mah",10.4 inches,"lkr 67,210",2021,sunrise gold,"4g, 3g, 2g",discontinued,1 year manufacturer warranty
realme,pad 128gb,440g,6gb,8mp,8mp,mediatek helio g80,"7,100mah",10.4 inches,"lkr 77,292",2021,race yellow,"5g, 4g, 3g, 2g",discontinued,1 year manufacturer warranty
realme,pad 2 128gb,482g,6gb,8mp,8mp,mediatek helio g99,"8,360mah",11.5 inches,"lkr 94,094",2023,sunrise gold,"5g, 4g, 3g, 2g",limited stock,1 year manufacturer warranty
realme,pad 2 256gb,482g,8gb,8mp,8mp,mediatek helio g99,"8,360mah",11.5 inches,"lkr 107,536",2023,race yellow,"5g, 4g, 3g, 2g",limited stock,1 year manufacturer warranty
realme,pad 2 lite 64gb,466g,4gb,8mp,8mp,mediatek helio g85,"7,100mah",10.4 inches,"lkr 63,850",2023,nebula blue,"4g, 3g, 2g",limited stock,1 year manufacturer warranty
realme,pad 2 lite 128gb,466g,6gb,8mp,8mp,mediatek helio g85,"7,100mah",10.4 inches,"lkr 70,570",2023,nebula blue,"5g, 4g, 3g, 2g",limited stock,1 year manufacturer warranty
realme,pad x 64gb,499g,4gb,8mp,13mp,qualcomm snapdragon 695,"8,340mah",11 inches,"lkr 104,176",2022,race yellow,"4g, 3g, 2g",limited stock,1 year manufacturer warranty
realme,pad x 128gb,499g,6gb,8mp,13mp,qualcomm snapdragon 695,"8,340mah",11 inches,"lkr 117,618",2022,rich gold,"5g, 4g, 3g, 2g",limited stock,1 year manufacturer warranty
realme,pad mini 32gb,372g,3gb,5mp,8mp,unisoc t616,"6,400mah",8.7 inches,"lkr 53,768",2022,sunrise gold,"5g, 4g, 3g, 2g",limited stock,1 year manufacturer warranty
realme,pad mini 64gb,372g,4gb,5mp,8mp,unisoc t616,"6,400mah",8.7 inches,"lkr 60,489",2022,rich gold,"4g, 3g, 2g",limited stock,1 year manufacturer warranty
realme,pad slim 64gb,440g,4gb,8mp,8mp,mediatek helio g80,"7,100mah",10.4 inches,"lkr 67,210",2022,race yellow,"4g, 3g, 2g",limited stock,1 year manufacturer warranty
realme,pad slim 128gb,440g,6gb,8mp,8mp,mediatek helio g80,"7,100mah",10.4 inches,"lkr 73,931",2022,rich gold,"5g, 4g, 3g, 2g",limited stock,1 year manufacturer warranty
realme,techlife pad neo 64gb,465g,4gb,8mp,8mp,mediatek helio g85,"7,200mah",10.5 inches,"lkr 70,570",2024,sunrise gold,"4g, 3g, 2g",in stock,1 year manufacturer warranty
realme,techlife pad neo 128gb,465g,6gb,8mp,8mp,mediatek helio g85,"7,200mah",10.5 inches,"lkr 77,292",2024,race yellow,"5g, 4g, 3g, 2g",in stock,1 year manufacturer warranty
xiaomi,xiaomi 15 pro 256gb,210g,12gb,32mp,50mp (main) + 50mp (ultra-wide) + 50mp (telephoto),snapdragon 8 elite,"6,100mah",6.73 inches,"lkr 268,504",2024,blue,"5g, 4g, 3g, 2g",in stock,1 year manufacturer warranty
xiaomi,xiaomi 15 pro 512gb,210g,16gb,32mp,50mp (main) + 50mp (ultra-wide) + 50mp (telephoto),snapdragon 8 elite,"6,100mah",6.73 inches,"lkr 302,109",2024,green,"5g, 4g, 3g, 2g",in stock,1 year manufacturer warranty
xiaomi,xiaomi 15 pro 1tb,210g,16gb,32mp,50mp (main) + 50mp (ultra-wide) + 50mp (telephoto),snapdragon 8 elite,"6,100mah",6.73 inches,"lkr 335,714",2024,black,"5g, 4g, 3g, 2g",in stock,1 year manufacturer warranty
xiaomi,xiaomi 15 256gb,190g,12gb,32mp,50mp (main) + 50mp (ultra-wide),snapdragon 8 elite,"5,400mah",6.36 inches,"lkr 234,899",2024,blue,"5g, 4g, 3g, 2g",in stock,1 year manufacturer warranty
xiaomi,xiaomi 15 512gb,190g,16gb,32mp,50mp (main) + 50mp (ultra-wide),snapdragon 8 elite,"5,400mah",6.36 inches,"lkr 268,504",2024,ivory white,"5g, 4g, 3g, 2g",in stock,1 year manufacturer warranty
xiaomi,xiaomi 14t pro 256gb,209g,12gb,32mp,50mp (main) + 50mp (ultra-wide) + 50mp (telephoto),dimensity 9300+,"5,000mah",6.67 inches,"lkr 213,388",2024,ocean blue,"5g, 4g, 3g, 2g",in stock,1 year manufacturer warranty
xiaomi,xiaomi 14t pro 512gb,209g,12gb,32mp,50mp (main) + 50mp (ultra-wide) + 50mp (telephoto),dimensity 9300+,"5,000mah",6.67 inches,"lkr 265,738",2024,graphite gray,"5g, 4g, 3g, 2g",in stock,1 year manufacturer warranty
xiaomi,xiaomi 14t pro 1tb,209g,12gb,32mp,50mp (main) + 50mp (ultra-wide) + 50mp (telephoto),dimensity 9300+,"5,000mah",6.67 inches,"lkr 302,109",2024,black,"5g, 4g, 3g, 2g",in stock,1 year manufacturer warranty
xiaomi,xiaomi 14t 256gb,195g,12gb,32mp,50mp (main) + 50mp (ultra-wide),dimensity 8300-ultra,"5,000mah",6.67 inches,"lkr 201,294",2024,lake blue,"5g, 4g, 3g, 2g",in stock,1 year manufacturer warranty
xiaomi,xiaomi 14t 512gb,195g,12gb,32mp,50mp (main) + 50mp (ultra-wide),dimensity 8300-ultra,"5,000mah",6.67 inches,"lkr 234,899",2024,ivory white,"5g, 4g, 3g, 2g",in stock,1 year manufacturer warranty
xiaomi,xiaomi 14 pro 256gb,206g,12gb,32mp,50mp (main) + 50mp (ultra-wide) + 50mp (telephoto),snapdragon 8 gen 3,"5,000mah",6.73 inches,"lkr 268,504",2023,aurora purple,"5g, 4g, 3g, 2g",limited stock,1 year manufacturer warranty
xiaomi,xiaomi 14 pro 512gb,206g,12gb,32mp,50mp (main) + 50mp (ultra-wide) + 50mp (telephoto),snapdragon 8 gen 3,"5,000mah",6.73 inches,"lkr 302,109",2023,lake blue,"5g, 4g, 3g, 2g",limited stock,1 year manufacturer warranty
xiaomi,xiaomi 14 256gb,189g,12gb,32mp,50mp (main) + 50mp (ultra-wide),snapdragon 8 gen 3,"4,610mah",6.36 inches,"lkr 234,899",2023,lake blue,"5g, 4g, 3g, 2g",limited stock,1 year manufacturer warranty
xiaomi,xiaomi 14 512gb,189g,12gb,32mp,50mp (main) + 50mp (ultra-wide),snapdragon 8 gen 3,"4,610mah",6.36 inches,"lkr 268,504",2023,blue,"5g, 4g, 3g, 2g",limited stock,1 year manufacturer warranty
xiaomi,redmi note 14 pro+ 5g 128gb,205g,8gb,16mp,200mp (main) + 8mp (ultra-wide) + 2mp (macro),snapdragon 7s gen 3,"5,110mah",6.67 inches,"lkr 125,985",2024,ivory white,"5g, 4g, 3g, 2g",in stock,1 year manufacturer warranty
xiaomi,redmi note 14 pro+ 5g 256gb,205g,12gb,16mp,200mp (main) + 8mp (ultra-wide) + 2mp (macro),snapdragon 7s gen 3,"5,110mah",6.67 inches,"lkr 134,084",2024,ocean blue,"5g, 4g, 3g, 2g",in stock,1 year manufacturer warranty
xiaomi,redmi note 14 pro+ 5g 512gb,205g,16gb,16mp,200mp (main) + 8mp (ultra-wide) + 2mp (macro),snapdragon 7s gen 3,"5,110mah",6.67 inches,"lkr 144,165",2024,graphite gray,"5g, 4g, 3g, 2g",in stock,1 year manufacturer warranty
xiaomi,redmi note 14 pro 5g 128gb,195g,8gb,16mp,108mp (main) + 8mp (ultra-wide) + 2mp (macro),mediatek dimensity 7300-ultra,"5,500mah",6.67 inches,"lkr 117,281",2024,ivory white,"5g, 4g, 3g, 2g",in stock,1 year manufacturer warranty
xiaomi,redmi note 14 pro 5g 256gb,195g,12gb,16mp,108mp (main) + 8mp (ultra-wide) + 2mp (macro),mediatek dimensity 7300-ultra,"5,500mah",6.67 inches,"lkr 127,363",2024,black,"5g, 4g, 3g, 2g",in stock,1 year manufacturer warranty
xiaomi,redmi note 14 pro 4g 128gb,190g,6gb,16mp,108mp (main) + 8mp (ultra-wide) + 2mp (macro),qualcomm snapdragon 732g,"5,000mah",6.67 inches,"lkr 100,479",2024,aurora purple,"4g, 3g, 2g",in stock,1 year manufacturer warranty
xiaomi,redmi note 14 pro 4g 256gb,190g,8gb,16mp,108mp (main) + 8mp (ultra-wide) + 2mp (macro),qualcomm snapdragon 732g,"5,000mah",6.67 inches,"lkr 110,560",2024,ocean blue,"4g, 3g, 2g",in stock,1 year manufacturer warranty
xiaomi,redmi note 14 5g 128gb,185g,6gb,16mp,50mp (main) + 8mp (ultra-wide) + 2mp (macro),mediatek dimensity 7025-ultra,"5,000mah",6.67 inches,"lkr 93,758",2024,lake blue,"5g, 4g, 3g, 2g",in stock,1 year manufacturer warranty
xiaomi,redmi note 14 5g 256gb,185g,8gb,16mp,50mp (main) + 8mp (ultra-wide) + 2mp (macro),mediatek dimensity 7025-ultra,"5,000mah",6.67 inches,"lkr 103,839",2024,green,"5g, 4g, 3g, 2g",in stock,1 year manufacturer warranty
xiaomi,redmi note 14 4g 128gb,180g,4gb,16mp,50mp (main) + 8mp (ultra-wide) + 2mp (macro),qualcomm snapdragon 680,"5,000mah",6.67 inches,"lkr 83,676",2024,aurora purple,"4g, 3g, 2g",in stock,1 year manufacturer warranty
xiaomi,redmi note 14 4g 256gb,180g,6gb,16mp,50mp (main) + 8mp (ultra-wide) + 2mp (macro),qualcomm snapdragon 680,"5,000mah",6.67 inches,"lkr 93,758",2024,lake blue,"4g, 3g, 2g",in stock,1 year manufacturer warranty
xiaomi,redmi 14c 5g 64gb,195g,4gb,8mp,50mp (main) + 2mp (depth),mediatek dimensity 700,"5,000mah",6.5 inches,"lkr 66,874",2024,blue,"5g, 4g, 3g, 2g",in stock,1 year manufacturer warranty
xiaomi,redmi 14c 5g 128gb,195g,6gb,8mp,50mp (main) + 2mp (depth),mediatek dimensity 700,"5,000mah",6.5 inches,"lkr 76,955",2024,blue,"5g, 4g, 3g, 2g",in stock,1 year manufacturer warranty
lenovo,legion y70 128gb,209g,8gb,16mp,50mp,snapdragon 8+ gen 1,"5,100mah",6.67 inches,"lkr 167,689",2022,storm grey,"5g, 4g, 3g, 2g",limited stock,1 year manufacturer warranty
lenovo,legion y70 256gb,209g,12gb,16mp,50mp,snapdragon 8+ gen 1,"5,100mah",6.67 inches,"lkr 184,491",2022,storm grey,"5g, 4g, 3g, 2g",limited stock,1 year manufacturer warranty
lenovo,legion y70 512gb,209g,16gb,16mp,50mp,snapdragon 8+ gen 1,"5,100mah",6.67 inches,"lkr 201,294",2022,frost silver,"5g, 4g, 3g, 2g",limited stock,1 year manufacturer warranty
lenovo,k14 plus 64gb,198g,4gb,8mp,48mp,unisoc t700,"5,000mah",6.5 inches,"lkr 66,874",2022,abyss blue,"4g, 3g, 2g",limited stock,1 year manufacturer warranty
lenovo,k14 plus 128gb,198g,6gb,8mp,48mp,unisoc t700,"5,000mah",6.5 inches,"lkr 76,955",2022,storm grey,"5g, 4g, 3g, 2g",limited stock,1 year manufacturer warranty
lenovo,k13 pro 128gb,200g,6gb,16mp,64mp,snapdragon 662,"5,000mah",6.8 inches,"lkr 83,676",2021,storm grey,"5g, 4g, 3g, 2g",discontinued,1 year manufacturer warranty
lenovo,k13 32gb,190g,2gb,5mp,13mp,unisoc sc9863a,"5,000mah",6.52 inches,"lkr 50,071",2021,frost silver,"5g, 4g, 3g, 2g",discontinued,1 year manufacturer warranty
lenovo,k13 note 64gb,200g,4gb,8mp,48mp,snapdragon 460,"5,000mah",6.5 inches,"lkr 66,874",2021,storm grey,"4g, 3g, 2g",discontinued,1 year manufacturer warranty
lenovo,k10 plus 64gb,172g,4gb,16mp,13mp,snapdragon 632,"4,050mah",6.22 inches,"lkr 60,153",2019,frost silver,"4g, 3g, 2g",discontinued,1 year manufacturer warranty
lenovo,a6 note 32gb,172g,3gb,5mp,13mp,helio p22,"4,000mah",6.09 inches,"lkr 50,071",2019,cloud blue,"4g, 3g, 2g",discontinued,1 year manufacturer warranty
lenovo,k10 note 64gb,164g,4gb,16mp,16mp,snapdragon 710,"4,050mah",6.3 inches,"lkr 73,595",2019,storm grey,"4g, 3g, 2g",discontinued,1 year manufacturer warranty
lenovo,k10 note 128gb,164g,6gb,16mp,16mp,snapdragon 710,"4,050mah",6.3 inches,"lkr 83,676",2019,cloud blue,"4g, 3g, 2g",discontinued,1 year manufacturer warranty
lenovo,z6 pro 128gb,185g,6gb,32mp,48mp,snapdragon 855,"4,000mah",6.39 inches,"lkr 144,165",2019,abyss blue,"4g, 3g, 2g",discontinued,1 year manufacturer warranty
lenovo,z6 pro 256gb,185g,8gb,32mp,48mp,snapdragon 855,"4,000mah",6.39 inches,"lkr 160,968",2019,frost silver,"4g, 3g, 2g",discontinued,1 year manufacturer warranty
lenovo,z5 pro 64gb,210g,6gb,16mp,16mp,snapdragon 710,"3,350mah",6.39 inches,"lkr 100,479",2018,frost silver,"4g, 3g, 2g",discontinued,1 year manufacturer warranty
motorola,edge 50 fusion 128gb,168g,8gb,32mp,50mp,snapdragon 7 gen 1,"5,000mah",6.7 inches,"lkr 167,689",2024,pantone peach fuzz,"5g, 4g, 3g, 2g",in stock,1 year manufacturer warranty
motorola,edge 50 fusion 256gb,168g,12gb,32mp,50mp,snapdragon 7 gen 1,"5,000mah",6.7 inches,"lkr 184,491",2024,midnight blue,"5g, 4g, 3g, 2g",in stock,1 year manufacturer warranty
motorola,edge 50 pro 128gb,186g,8gb,50mp,50mp,snapdragon 7 gen 3,"4,500mah",6.7 inches,"lkr 184,491",2024,sapphire blue,"5g, 4g, 3g, 2g",in stock,1 year manufacturer warranty
motorola,edge 50 pro 256gb,186g,12gb,50mp,50mp,snapdragon 7 gen 3,"4,500mah",6.7 inches,"lkr 201,294",2024,pantone peach fuzz,"5g, 4g, 3g, 2g",in stock,1 year manufacturer warranty
motorola,razr 128gb,192g,8gb,32mp,50mp,snapdragon 8+ gen 1,"3,500mah","6.7 inches (main), 2.7 inches (external)","lkr 335,714",2023,cosmic black,"5g, 4g, 3g, 2g",limited stock,1 year manufacturer warranty
motorola,razr 256gb,192g,12gb,32mp,50mp,snapdragon 8+ gen 1,"3,500mah","6.7 inches (main), 2.7 inches (external)","lkr 369,319",2023,cosmic black,"5g, 4g, 3g, 2g",limited stock,1 year manufacturer warranty
motorola,g84 5g 128gb,166g,8gb,16mp,50mp,snapdragon 695,"5,000mah",6.5 inches,"lkr 100,479",2023,pantone peach fuzz,"5g, 4g, 3g, 2g",limited stock,1 year manufacturer warranty
motorola,g84 5g 256gb,166g,12gb,16mp,50mp,snapdragon 695,"5,000mah",6.5 inches,"lkr 117,281",2023,vintage cream,"5g, 4g, 3g, 2g",limited stock,1 year manufacturer warranty
motorola,moto g stylus 64gb,195g,4gb,16mp,50mp,mediatek helio g88,"5,000mah",6.8 inches,"lkr 66,874",2023,cosmic black,"4g, 3g, 2g",limited stock,1 year manufacturer warranty
motorola,moto g stylus 128gb,195g,6gb,16mp,50mp,mediatek helio g88,"5,000mah",6.8 inches,"lkr 83,676",2023,pantone peach fuzz,"5g, 4g, 3g, 2g",limited stock,1 year manufacturer warranty
motorola,one vision 3 128gb,180g,6gb,25mp,48mp,exynos 9609,"3,500mah",6.3 inches,"lkr 100,479",2024,sage green,"5g, 4g, 3g, 2g",in stock,1 year manufacturer warranty
motorola,one vision 3 256gb,180g,8gb,25mp,48mp,exynos 9609,"3,500mah",6.3 inches,"lkr 117,281",2024,sage green,"5g, 4g, 3g, 2g",in stock,1 year manufacturer warranty
motorola,edge 50 lite 128gb,170g,6gb,32mp,64mp,snapdragon 695,"5,000mah",6.7 inches,"lkr 134,084",2024,pantone peach fuzz,"5g, 4g, 3g, 2g",in stock,1 year manufacturer warranty
motorola,edge 50 lite 256gb,170g,8gb,32mp,64mp,snapdragon 695,"5,000mah",6.7 inches,"lkr 150,886",2024,cosmic black,"5g, 4g, 3g, 2g",in stock,1 year manufacturer warranty
motorola,moto e40 plus 64gb,198g,4gb,8mp,48mp,unisoc t700,"5,000mah",6.5 inches,"lkr 66,874",2023,sage green,"4g, 3g, 2g",limited stock,1 year manufacturer warranty
motorola,moto e40 plus 128gb,198g,6gb,8mp,48mp,unisoc t700,"5,000mah",6.5 inches,"lkr 76,955",2023,cosmic black,"5g, 4g, 3g, 2g",limited stock,1 year manufacturer warranty
motorola,moto g power 64gb,206g,4gb,16mp,50mp,snapdragon 662,"5,000mah",6.6 inches,"lkr 83,676",2022,cosmic black,"4g, 3g, 2g",limited stock,1 year manufacturer warranty
motorola,moto g power 128gb,206g,6gb,16mp,50mp,snapdragon 662,"5,000mah",6.6 inches,"lkr 93,758",2022,midnight blue,"5g, 4g, 3g, 2g",limited stock,1 year manufacturer warranty
motorola,moto g play 32gb,203g,3gb,5mp,13mp,mediatek helio g25,"5,000mah",6.5 inches,"lkr 50,071",2022,cosmic black,"5g, 4g, 3g, 2g",limited stock,1 year manufacturer warranty
motorola,moto g play 64gb,203g,4gb,5mp,13mp,mediatek helio g25,"5,000mah",6.5 inches,"lkr 60,153",2022,midnight blue,"4g, 3g, 2g",limited stock,1 year manufacturer warranty
motorola,moto g75 5g 128gb,205g,8gb,16mp,50mp,snapdragon 6 gen 3,"5,000mah",6.78 inches,"lkr 107,536",2024,sapphire blue,"5g, 4g, 3g, 2g",in stock,1 year manufacturer warranty
motorola,moto g75 5g 256gb,205g,8gb,16mp,50mp,snapdragon 6 gen 3,"5,000mah",6.78 inches,"lkr 124,338",2024,sapphire blue,"5g, 4g, 3g, 2g",in stock,1 year manufacturer warranty
motorola,moto s50 128gb,190g,8gb,32mp,64mp,mediatek dimensity 8100,"4,500mah",6.7 inches,"lkr 100,815",2024,sapphire blue,"5g, 4g, 3g, 2g",in stock,1 year manufacturer warranty
motorola,moto s50 256gb,190g,12gb,32mp,64mp,mediatek dimensity 8100,"4,500mah",6.7 inches,"lkr 117,618",2024,sage green,"5g, 4g, 3g, 2g",in stock,1 year manufacturer warranty
motorola,edge 50 neo 256gb,171g,8gb,32mp,50mp,mediatek dimensity 7300,"4,310mah",6.4 inches,"lkr 134,420",2024,vintage cream,"5g, 4g, 3g, 2g",in stock,1 year manufacturer warranty
motorola,edge 50 neo 512gb,171g,12gb,32mp,50mp,mediatek dimensity 7300,"4,310mah",6.4 inches,"lkr 151,222",2024,cosmic black,"5g, 4g, 3g, 2g",in stock,1 year manufacturer warranty
motorola,moto g55 128gb,182g,8gb,16mp,50mp,mediatek dimensity 7025,"5,000mah",6.49 inches,"lkr 90,734",2024,vintage cream,"5g, 4g, 3g, 2g",in stock,1 year manufacturer warranty
motorola,moto g55 256gb,182g,8gb,16mp,50mp,mediatek dimensity 7025,"5,000mah",6.49 inches,"lkr 107,536",2024,pantone peach fuzz,"5g, 4g, 3g, 2g",in stock,1 year manufacturer warranty
motorola,moto g35 128gb,188g,4gb,16mp,50mp,unisoc t760,"5,000mah",6.72 inches,"lkr 67,210",2024,midnight blue,"5g, 4g, 3g, 2g",in stock,1 year manufacturer warranty
motorola,moto g35 256gb,188g,8gb,16mp,50mp,unisoc t760,"5,000mah",6.72 inches,"lkr 84,012",2024,midnight blue,"5g, 4g, 3g, 2g",in stock,1 year manufacturer warranty
motorola,moto g45 128gb,183g,6gb,16mp,50mp,snapdragon 6s gen 3,"5,000mah",6.5 inches,"lkr 84,012",2024,pantone peach fuzz,"5g, 4g, 3g, 2g",in stock,1 year manufacturer warranty
motorola,moto g45 256gb,183g,8gb,16mp,50mp,snapdragon 6s gen 3,"5,000mah",6.5 inches,"lkr 100,815",2024,midnight blue,"5g, 4g, 3g, 2g",in stock,1 year manufacturer warranty
motorola,edge 50 256gb,180g,8gb,32mp,50mp,snapdragon 7s gen 2,"4,700mah",6.7 inches,"lkr 151,222",2024,sapphire blue,"5g, 4g, 3g, 2g",in stock,1 year manufacturer warranty
motorola,edge 50 512gb,180g,12gb,32mp,50mp,snapdragon 7s gen 2,"4,700mah",6.7 inches,"lkr 168,025",2024,cosmic black,"5g, 4g, 3g, 2g",in stock,1 year manufacturer warranty
motorola,razr 50 ultra 512gb,189g,12gb,32mp,50mp,snapdragon 8+ gen 1,"4,000mah","6.9 inches (internal), 4.0 inches (external)","lkr 402,924",2024,midnight blue,"5g, 4g, 3g, 2g",in stock,1 year manufacturer warranty
motorola,razr 50 256gb,188g,8gb,32mp,50mp,snapdragon 7 gen 1,"3,800mah","6.7 inches (internal), 3.6 inches (external)","lkr 335,714",2024,cosmic black,"5g, 4g, 3g, 2g",in stock,1 year manufacturer warranty
motorola,moto g85 128gb,173g,8gb,32mp,50mp,snapdragon 6s gen 3,"5,000mah",6.67 inches,"lkr 107,536",2024,midnight blue,"5g, 4g, 3g, 2g",in stock,1 year manufacturer warranty
motorola,moto g85 256gb,173g,12gb,32mp,50mp,snapdragon 6s gen 3,"5,000mah",6.67 inches,"lkr 124,338",2024,sage green,"5g, 4g, 3g, 2g",in stock,1 year manufacturer warranty
motorola,s50 neo 256gb,170g,8gb,32mp,50mp,mediatek dimensity 7200,"4,300mah",6.5 inches,"lkr 100,815",2024,vintage cream,"5g, 4g, 3g, 2g",in stock,1 year manufacturer warranty
motorola,s50 neo 512gb,170g,12gb,32mp,50mp,mediatek dimensity 7200,"4,300mah",6.5 inches,"lkr 117,618",2024,cosmic black,"5g, 4g, 3g, 2g",in stock,1 year manufacturer warranty
motorola,moto e14 64gb,180g,4gb,8mp,13mp,unisoc t606,"5,000mah",6.5 inches,"lkr 50,408",2024,sage green,"4g, 3g, 2g",in stock,1 year manufacturer warranty
motorola,moto e14 128gb,180g,4gb,8mp,13mp,unisoc t606,"5,000mah",6.5 inches,"lkr 60,489",2024,pantone peach fuzz,"5g, 4g, 3g, 2g",in stock,1 year manufacturer warranty
motorola,edge 256gb,174g,8gb,32mp,50mp,snapdragon 7s gen 2,"4,700mah",6.7 inches,"lkr 151,222",2024,vintage cream,"5g, 4g, 3g, 2g",in stock,1 year manufacturer warranty
motorola,edge 512gb,174g,12gb,32mp,50mp,snapdragon 7s gen 2,"4,700mah",6.7 inches,"lkr 168,025",2024,sapphire blue,"5g, 4g, 3g, 2g",in stock,1 year manufacturer warranty
motorola,moto x50 ultra 512gb,198g,12gb,60mp,200mp,snapdragon 8 gen 3,"5,000mah",6.9 inches,"lkr 503,739",2024,sage green,"5g, 4g, 3g, 2g",in stock,1 year manufacturer warranty
motorola,moto g stylus 5g 256gb,195g,6gb,16mp,50mp,snapdragon 6 gen 1,"5,000mah",6.8 inches,"lkr 100,815",2024,sapphire blue,"5g, 4g, 3g, 2g",in stock,1 year manufacturer warranty
motorola,moto g stylus 5g 512gb,195g,8gb,16mp,50mp,snapdragon 6 gen 1,"5,000mah",6.8 inches,"lkr 117,618",2024,sage green,"5g, 4g, 3g, 2g",in stock,1 year manufacturer warranty
motorola,edge 50 ultra 512gb,198g,12gb,60mp,200mp,snapdragon 8 gen 3,"5,000mah",6.9 inches,"lkr 503,739",2024,pantone peach fuzz,"5g, 4g, 3g, 2g",in stock,1 year manufacturer warranty
motorola,edge 30 fusion 128gb,168g,8gb,32mp,50mp,snapdragon 888+ 5g,"4,400mah",6.55 inches,"lkr 234,899",2022,midnight blue,"5g, 4g, 3g, 2g",limited stock,1 year manufacturer warranty
motorola,edge 30 fusion 256gb,168g,12gb,32mp,50mp,snapdragon 888+ 5g,"4,400mah",6.55 inches,"lkr 251,701",2022,sapphire blue,"5g, 4g, 3g, 2g",limited stock,1 year manufacturer warranty
motorola,edge 30 neo 128gb,155g,6gb,32mp,64mp,snapdragon 695 5g,"4,020mah",6.28 inches,"lkr 167,689",2022,sapphire blue,"5g, 4g, 3g, 2g",limited stock,1 year manufacturer warranty
motorola,edge 30 neo 256gb,155g,8gb,32mp,64mp,snapdragon 695 5g,"4,020mah",6.28 inches,"lkr 184,491",2022,vintage cream,"5g, 4g, 3g, 2g",limited stock,1 year manufacturer warranty
motorola,moto g82 5g 128gb,173g,6gb,16mp,50mp,snapdragon 695 5g,"5,000mah",6.6 inches,"lkr 134,084",2022,cosmic black,"5g, 4g, 3g, 2g",limited stock,1 year manufacturer warranty
motorola,moto g82 5g 256gb,173g,8gb,16mp,50mp,snapdragon 695 5g,"5,000mah",6.6 inches,"lkr 150,886",2022,vintage cream,"5g, 4g, 3g, 2g",limited stock,1 year manufacturer warranty
motorola,moto g62 5g 128gb,184g,4gb,16mp,50mp,snapdragon 480+ 5g,"5,000mah",6.5 inches,"lkr 117,281",2022,sage green,"5g, 4g, 3g, 2g",limited stock,1 year manufacturer warranty
motorola,moto g62 5g 256gb,184g,6gb,16mp,50mp,snapdragon 480+ 5g,"5,000mah",6.5 inches,"lkr 134,084",2022,sage green,"5g, 4g, 3g, 2g",limited stock,1 year manufacturer warranty
motorola,moto g42 128gb,175g,4gb,16mp,50mp,snapdragon 680 4g,"5,000mah",6.4 inches,"lkr 100,479",2022,sapphire blue,"5g, 4g, 3g, 2g",limited stock,1 year manufacturer warranty
motorola,moto g32 128gb,184g,4gb,16mp,50mp,snapdragon 680 4g,"5,000mah",6.5 inches,"lkr 93,758",2022,pantone peach fuzz,"5g, 4g, 3g, 2g",limited stock,1 year manufacturer warranty
motorola,moto e32s 64gb,185g,3gb,8mp,16mp,mediatek helio g37,"5,000mah",6.5 inches,"lkr 66,874",2022,sapphire blue,"4g, 3g, 2g",limited stock,1 year manufacturer warranty
motorola,moto e22i 32gb,169g,2gb,5mp,16mp,mediatek helio g37,"4,020mah",6.5 inches,"lkr 60,153",2022,sapphire blue,"5g, 4g, 3g, 2g",limited stock,1 year manufacturer warranty
motorola,moto e22 64gb,169g,4gb,5mp,16mp,mediatek helio g37,"4,020mah",6.5 inches,"lkr 66,874",2022,midnight blue,"4g, 3g, 2g",limited stock,1 year manufacturer warranty
motorola,moto g22 64gb,185g,4gb,16mp,50mp,mediatek helio g37,"5,000mah",6.5 inches,"lkr 83,676",2022,cosmic black,"4g, 3g, 2g",limited stock,1 year manufacturer warranty
huawei,p50,181g,8gb,13mp,50mp,snapdragon 888 4g,"4,100mah",6.5 inches,"lkr 234,899",2021,emerald green,"5g, 4g, 3g, 2g",discontinued,2 year manufacturer warranty
huawei,p50 pro,195g,8gb,13mp,50mp,snapdragon 888 4g,"4,360mah",6.6 inches,"lkr 302,109",2021,aurora blue,"5g, 4g, 3g, 2g",discontinued,2 year manufacturer warranty
huawei,p50 pocket,190g,8gb,10.7mp,40mp,snapdragon 888 4g,"4,000mah",6.9 inches (unfolded),"lkr 436,529",2021,black,"5g, 4g, 3g, 2g",discontinued,2 year manufacturer warranty
huawei,mate 40e,188g,8gb,13mp,64mp,kirin 990e 5g,"4,200mah",6.5 inches,"lkr 268,504",2021,ceramic white,"5g, 4g, 3g, 2g",discontinued,2 year manufacturer warranty
huawei,mate x2,295g,8gb,16mp,50mp,kirin 9000 5g,"4,500mah",8.0 inches (unfolded),"lkr 906,999",2021,black,"5g, 4g, 3g, 2g",discontinued,2 year manufacturer warranty
huawei,nova 9,175g,8gb,32mp,50mp,snapdragon 778g 4g,"4,300mah",6.57 inches,"lkr 167,689",2021,emerald green,"5g, 4g, 3g, 2g",discontinued,2 year manufacturer warranty
huawei,nova 9 pro,186g,8gb,dual 32mp,50mp,snapdragon 778g 4g,"4,000mah",6.72 inches,"lkr 201,294",2021,black,"5g, 4g, 3g, 2g",discontinued,2 year manufacturer warranty
huawei,p50e,181g,8gb,13mp,50mp,snapdragon 778g 4g,"4,100mah",6.5 inches,"lkr 218,096",2022,space grey,"5g, 4g, 3g, 2g",limited stock,2 year manufacturer warranty
huawei,mate xs 2,255g,8gb,10.7mp,50mp,snapdragon 888 4g,"4,600mah",7.8 inches (unfolded),"lkr 839,789",2022,aurora blue,"5g, 4g, 3g, 2g",limited stock,2 year manufacturer warranty
huawei,mate 50,202g,8gb,13mp,50mp,snapdragon 8+ gen 1 4g,"4,460mah",6.7 inches,"lkr 335,714",2022,space grey,"5g, 4g, 3g, 2g",limited stock,2 year manufacturer warranty
huawei,mate 50 pro,205g,8gb,13mp,50mp,snapdragon 8+ gen 1 4g,"4,700mah",6.74 inches,"lkr 402,924",2022,black,"5g, 4g, 3g, 2g",limited stock,2 year manufacturer warranty
huawei,nova 10,168g,8gb,60mp,50mp,snapdragon 778g 4g,"4,000mah",6.67 inches,"lkr 167,689",2022,black,"5g, 4g, 3g, 2g",limited stock,2 year manufacturer warranty
huawei,nova 10 pro,191g,8gb,dual 60mp,50mp,snapdragon 778g 4g,"4,500mah",6.78 inches,"lkr 201,294",2022,aurora blue,"5g, 4g, 3g, 2g",limited stock,2 year manufacturer warranty
huawei,nova 10 se,184g,8gb,16mp,108mp,snapdragon 680 4g,"4,500mah",6.67 inches,"lkr 134,084",2022,emerald green,"5g, 4g, 3g, 2g",limited stock,2 year manufacturer warranty
huawei,p60,197g,8gb,13mp,48mp (wide) + 13mp (ultrawide) + 48mp (telephoto),snapdragon 8+ gen 1 4g,"4,815mah",6.67 inches,"lkr 335,714",2023,space grey,"5g, 4g, 3g, 2g",limited stock,2 year manufacturer warranty
huawei,p60 pro,200g,8gb / 12gb,13mp,48mp (wide) + 13mp (ultrawide) + 48mp (telephoto),snapdragon 8+ gen 1 4g,"4,815mah",6.67 inches,"lkr 369,319",2023,space grey,"5g, 4g, 3g, 2g",limited stock,2 year manufacturer warranty
huawei,p60 art,206g,8gb / 12gb,13mp,48mp (wide) + 40mp (ultrawide) + 48mp (telephoto),snapdragon 8+ gen 1 4g,"5,100mah",6.73 inches,"lkr 436,529",2023,space grey,"5g, 4g, 3g, 2g",limited stock,2 year manufacturer warranty
huawei,mate x3,239g,12gb,8mp,50mp (wide) + 13mp (ultrawide) + 12mp (periscope telephoto),snapdragon 8+ gen 1 4g,"4,800mah",7.85 inches (unfolded),"lkr 839,789",2023,aurora blue,"5g, 4g, 3g, 2g",limited stock,2 year manufacturer warranty
huawei,mate 60,209g,12gb,13mp,50mp (wide) + 12mp (ultrawide) + 12mp (telephoto),kirin 9000s,"4,750mah",6.7 inches,"lkr 369,319",2023,ceramic white,"5g, 4g, 3g, 2g",limited stock,2 year manufacturer warranty
huawei,mate 60 pro,225g,12gb,13mp,50mp (wide) + 40mp (ultrawide) + 48mp (telephoto),kirin 9000s,"5,000mah",6.82 inches,"lkr 436,529",2023,aurora blue,"5g, 4g, 3g, 2g",limited stock,2 year manufacturer warranty
huawei,mate 60 pro+,235g,12gb,13mp,50mp (wide) + 48mp (ultrawide) + 48mp (telephoto),kirin 9000s,"5,200mah",6.82 inches,"lkr 503,739",2023,emerald green,"5g, 4g, 3g, 2g",limited stock,2 year manufacturer warranty
huawei,nova 11,168g,8gb,60mp,50mp (wide) + 8mp (ultrawide),snapdragon 778g 4g,"4,500mah",6.7 inches,"lkr 167,689",2023,black,"5g, 4g, 3g, 2g",limited stock,2 year manufacturer warranty
huawei,nova 11 pro,188g,8gb,60mp (ultrawide) + 8mp (telephoto),50mp (wide) + 8mp (ultrawide),snapdragon 778g 4g,"4,500mah",6.78 inches,"lkr 201,294",2023,ceramic white,"5g, 4g, 3g, 2g",limited stock,2 year manufacturer warranty
huawei,nova 11 ultra,188g,12gb,60mp (ultrawide) + 8mp (telephoto),50mp (wide) + 8mp (ultrawide),snapdragon 778g 4g,"4,500mah",6.78 inches,"lkr 234,899",2023,space grey,"5g, 4g, 3g, 2g",limited stock,2 year manufacturer warranty
huawei,pura 70,220g,12gb,13mp,50mp + 13mp + 12mp,kirin 9010,"4,900mah",6.8 inches,"lkr 335,714",2024,space grey,"5g, 4g, 3g, 2g",in stock,2 year manufacturer warranty
huawei,pura 70 pro,220g,12gb,13mp,50mp + 12.5mp + 48mp,kirin 9010,"5,050mah",6.8 inches,"lkr 369,319",2024,aurora blue,"5g, 4g, 3g, 2g",in stock,2 year manufacturer warranty
huawei,pura 70 pro+,220g,12gb,13mp,50mp + 12.5mp + 48mp,kirin 9010,"5,050mah",6.8 inches,"lkr 402,924",2024,space grey,"5g, 4g, 3g, 2g",in stock,2 year manufacturer warranty
huawei,pura 70 ultra,226g,16gb,13mp,50mp + 40mp + 50mp,kirin 9010,"5,200mah",6.8 inches,"lkr 436,529",2024,emerald green,"5g, 4g, 3g, 2g",in stock,2 year manufacturer warranty
huawei,mate 70,220g,12gb,13mp,50mp + 12mp,kirin 9010,"4,900mah",6.7 inches,"lkr 302,109",2024,ceramic white,"5g, 4g, 3g, 2g",in stock,2 year manufacturer warranty
huawei,mate 70 pro,220g,12gb,13mp,50mp + 12mp + 40mp,kirin 9010,"5,000mah",6.8 inches,"lkr 335,714",2024,emerald green,"5g, 4g, 3g, 2g",in stock,2 year manufacturer warranty
huawei,mate 70 pro+,220g,12gb,13mp,50mp + 12mp + 40mp,kirin 9010,"5,000mah",6.8 inches,"lkr 369,319",2024,aurora blue,"5g, 4g, 3g, 2g",in stock,2 year manufacturer warranty
huawei,mate x6,241g,12gb,8mp,50mp + 13mp + 12mp,kirin 9010,"4,800mah",7.93 inches,"lkr 839,789",2024,space grey,"5g, 4g, 3g, 2g",in stock,2 year manufacturer warranty
huawei,nova 12,168g,8gb,60mp,50mp + 8mp,kirin 9000s,"4,500mah",6.7 inches,"lkr 167,689",2024,ceramic white,"5g, 4g, 3g, 2g",in stock,2 year manufacturer warranty
huawei,nova 12 pro,188g,8gb,60mp + 8mp,50mp + 8mp,kirin 9000s,"4,500mah",6.78 inches,"lkr 201,294",2024,ceramic white,"5g, 4g, 3g, 2g",in stock,2 year manufacturer warranty
huawei,mate xt 256gb,245g,12gb,13mp,50mp + 12mp + 48mp,kirin 9010,"5,000mah",7.92 inches,"lkr 873,394",2024,space grey,"5g, 4g, 3g, 2g",in stock,2 year manufacturer warranty
huawei,mate xt 512gb,245g,12gb,13mp,50mp + 12mp + 48mp,kirin 9010,"5,000mah",7.92 inches,"lkr 940,604",2024,space grey,"5g, 4g, 3g, 2g",in stock,2 year manufacturer warranty
huawei,nova 13 256gb,170g,8gb,50mp,50mp + 8mp,kirin 9000s,"4,600mah",6.7 inches,"lkr 177,770",2024,space grey,"5g, 4g, 3g, 2g",in stock,2 year manufacturer warranty
huawei,nova 13 512gb,170g,8gb,50mp,50mp + 8mp,kirin 9000s,"4,600mah",6.7 inches,"lkr 201,294",2024,black,"5g, 4g, 3g, 2g",in stock,2 year manufacturer warranty
huawei,nova 13 pro 256gb,190g,8gb,60mp + 8mp,50mp + 8mp,kirin 9000s,"4,600mah",6.78 inches,"lkr 218,096",2024,aurora blue,"5g, 4g, 3g, 2g",in stock,2 year manufacturer warranty
huawei,nova 13 pro 512gb,190g,8gb,60mp + 8mp,50mp + 8mp,kirin 9000s,"4,600mah",6.78 inches,"lkr 244,980",2024,black,"5g, 4g, 3g, 2g",in stock,2 year manufacturer warranty
nokia,g42 5g 128gb,193g,4gb,8mp,50mp,snapdragon 480+,"5,000mah",6.56 inches,"lkr 76,955",2023,midnight blue,"5g, 4g, 3g, 2g",limited stock,2 year manufacturer warranty
nokia,g20 64gb,197g,4gb,8mp,48mp,mediatek g35,"5,050mah",6.52 inches,"lkr 56,792",2021,midnight blue,"4g, 3g, 2g",discontinued,2 year manufacturer warranty
nokia,g20 128gb,197g,4gb,8mp,48mp,mediatek g35,"5,050mah",6.52 inches,"lkr 63,513",2021,midnight blue,"5g, 4g, 3g, 2g",discontinued,2 year manufacturer warranty
nokia,c32 64gb,199g,3gb,8mp,50mp,unisoc sc9863a,"5,000mah",6.52 inches,"lkr 46,711",2023,charcoal grey,"4g, 3g, 2g",limited stock,2 year manufacturer warranty
nokia,c32 128gb,199g,4gb,8mp,50mp,unisoc sc9863a,"5,000mah",6.52 inches,"lkr 53,432",2023,midnight blue,"5g, 4g, 3g, 2g",limited stock,2 year manufacturer warranty
nokia,g21 64gb,190g,4gb,8mp,50mp,unisoc t606,"5,050mah",6.5 inches,"lkr 56,792",2022,midnight blue,"4g, 3g, 2g",limited stock,2 year manufacturer warranty
nokia,g21 128gb,190g,6gb,8mp,50mp,unisoc t606,"5,050mah",6.5 inches,"lkr 63,513",2022,charcoal grey,"5g, 4g, 3g, 2g",limited stock,2 year manufacturer warranty
nokia,c22 64gb,190g,2gb,8mp,13mp,unisoc sc9863a,"5,000mah",6.5 inches,"lkr 39,990",2023,ice white,"4g, 3g, 2g",limited stock,2 year manufacturer warranty
nokia,c22 128gb,190g,3gb,8mp,13mp,unisoc sc9863a,"5,000mah",6.5 inches,"lkr 46,711",2023,midnight blue,"5g, 4g, 3g, 2g",limited stock,2 year manufacturer warranty
nokia,g400 128gb,198g,6gb,16mp,48mp,snapdragon 480,"5,000mah",6.58 inches,"lkr 80,316",2022,charcoal grey,"5g, 4g, 3g, 2g",limited stock,2 year manufacturer warranty
sony,xperia 1 iv 256gb,185g,12gb,12mp,12mp,snapdragon 8 gen 1,"5,000mah",6.5 inches,"lkr 537,344",2022,platinum silver,"5g, 4g, 3g, 2g",limited stock,1 year manufacturer warranty
sony,xperia 5 iv 128gb,172g,8gb,12mp,12mp,snapdragon 8 gen 1,"5,000mah",6.1 inches,"lkr 335,714",2022,white,"5g, 4g, 3g, 2g",limited stock,1 year manufacturer warranty
sony,xperia 10 iv 128gb,161g,6gb,8mp,12mp,snapdragon 695,"5,000mah",6.0 inches,"lkr 167,689",2022,black,"5g, 4g, 3g, 2g",limited stock,1 year manufacturer warranty
sony,xperia 1 v 256gb,187g,12gb,12mp,48mp,snapdragon 8 gen 2,"5,000mah",6.5 inches,"lkr 570,949",2023,purple,"5g, 4g, 3g, 2g",limited stock,1 year manufacturer warranty
sony,xperia 5 v 128gb,178g,8gb,12mp,48mp,snapdragon 8 gen 2,"5,000mah",6.1 inches,"lkr 369,319",2023,purple,"5g, 4g, 3g, 2g",limited stock,1 year manufacturer warranty
sony,xperia 10 v 128gb,164g,6gb,8mp,48mp,snapdragon 695,"5,000mah",6.1 inches,"lkr 201,294",2023,purple,"5g, 4g, 3g, 2g",limited stock,1 year manufacturer warranty
sony,xperia 1 vi 256gb,190g,12gb,12mp,48mp,snapdragon 8 gen 3,"5,000mah",6.5 inches,"lkr 604,554",2024,white,"5g, 4g, 3g, 2g",in stock,1 year manufacturer warranty
sony,xperia 5 vi 128gb,180g,8gb,12mp,48mp,snapdragon 8 gen 3,"5,000mah",6.1 inches,"lkr 402,924",2024,black,"5g, 4g, 3g, 2g",in stock,1 year manufacturer warranty
sony,xperia 10 vi 128gb,167g,6gb,8mp,48mp,snapdragon 7 gen 1,"5,000mah",6.1 inches,"lkr 234,899",2024,platinum silver,"5g, 4g, 3g, 2g",in stock,1 year manufacturer warranty
nokia,t21,466g,4gb,8mp,8mp,unisoc t612,8200mah,10.4 inches,"lkr 13,314,973",2022,midnight blue,"5g, 4g, 3g, 2g",limited stock,2 year manufacturer warranty
huawei,matepad pro 12.2 512gb,508g,12gb,16mp,"13mp (f/1.8, af)",kirin 9000s,"10,100mah",12.2 inches,"lkr 335,714",2024,ceramic white,"5g, 4g, 3g, 2g",in stock,2 year manufacturer warranty
huawei,matepad pro 13.2 512gb,580g,12gb,16mp,"13mp (f/1.8, af)",kirin 9000s,"10,100mah",13.2 inches,"lkr 294,716",2024,emerald green,"5g, 4g, 3g, 2g",in stock,2 year manufacturer warranty
google,pixel 3a 64gb,147g,4gb,8mp,12.2mp,snapdragon 670,"3,000mah",5.6 inches,"lkr 134,084",2019,porcelain,"4g, 3g, 2g",discontinued,1 year limited warranty
google,pixel 3a xl 64gb,167g,4gb,8mp,12.2mp,snapdragon 670,"3,700mah",6.0 inches,"lkr 160,968",2019,porcelain,"4g, 3g, 2g",discontinued,1 year limited warranty
google,pixel 4 64gb,162g,6gb,8mp,12.2mp,snapdragon 855,"2,800mah",5.7 inches,"lkr 268,504",2019,charcoal,"4g, 3g, 2g",discontinued,1 year limited warranty
google,pixel 4 xl 64gb,193g,6gb,8mp,12.2mp,snapdragon 855,"3,700mah",6.3 inches,"lkr 302,109",2019,obsidian,"4g, 3g, 2g",discontinued,1 year limited warranty
google,pixel 4a 128gb,143g,6gb,8mp,12.2mp,snapdragon 730g,"3,140mah",5.8 inches,"lkr 117,281",2020,rose,"5g, 4g, 3g, 2g",discontinued,1 year limited warranty
google,pixel 4a 5g 128gb,168g,6gb,8mp,12.2mp,snapdragon 765g,"3,885mah",6.2 inches,"lkr 167,689",2020,hazel,"5g, 4g, 3g, 2g",discontinued,1 year limited warranty
google,pixel 5 128gb,151g,8gb,8mp,12.2mp,snapdragon 765g,"4,080mah",6.0 inches,"lkr 234,899",2020,charcoal,"5g, 4g, 3g, 2g",discontinued,1 year limited warranty
google,pixel 5a 128gb,183g,6gb,8mp,12.2mp,snapdragon 765g,"4,680mah",6.34 inches,"lkr 150,886",2021,porcelain,"5g, 4g, 3g, 2g",discontinued,1 year limited warranty
google,pixel 6 128gb,207g,8gb,8mp,50mp,google tensor,"4,614mah",6.4 inches,"lkr 234,899",2021,hazel,"5g, 4g, 3g, 2g",discontinued,1 year limited warranty
google,pixel 6 pro 256gb,210g,12gb,11.1mp,50mp,google tensor,"5,003mah",6.71 inches,"lkr 302,109",2021,porcelain,"5g, 4g, 3g, 2g",discontinued,1 year limited warranty
google,pixel 6a 128gb,178g,6gb,8mp,12.2mp,google tensor,"4,410mah",6.1 inches,"lkr 150,886",2022,rose,"5g, 4g, 3g, 2g",limited stock,1 year limited warranty
google,pixel 7 128gb,197g,8gb,10.8mp,50mp,google tensor g2,"4,355mah",6.3 inches,"lkr 201,294",2022,charcoal,"5g, 4g, 3g, 2g",limited stock,1 year limited warranty
google,pixel 7 pro 256gb,212g,12gb,10.8mp,50mp,google tensor g2,"5,000mah",6.7 inches,"lkr 302,109",2022,rose,"5g, 4g, 3g, 2g",limited stock,1 year limited warranty
google,pixel 7a 128gb,193g,8gb,10.8mp,64mp,google tensor g2,"4,385mah",6.1 inches,"lkr 167,689",2023,charcoal,"5g, 4g, 3g, 2g",limited stock,1 year limited warranty
google,pixel 8 128gb,187g,8gb,10.5mp,50mp,google tensor g3,"4,575mah",6.2 inches,"lkr 234,899",2023,hazel,"5g, 4g, 3g, 2g",limited stock,1 year limited warranty
google,pixel 8 pro 256gb,213g,12gb,10.5mp,50mp,google tensor g3,"5,050mah",6.7 inches,"lkr 335,714",2023,bay,"5g, 4g, 3g, 2g",limited stock,1 year limited warranty
google,pixel 8a 128gb,194g,8gb,10.5mp,64mp,google tensor g3,"4,385mah",6.1 inches,"lkr 184,491",2024,porcelain,"5g, 4g, 3g, 2g",in stock,1 year limited warranty
google,pixel 9 128gb,195g,8gb,10.8mp,50mp,google tensor g4,"4,600mah",6.3 inches,"lkr 268,504",2024,charcoal,"5g, 4g, 3g, 2g",in stock,1 year limited warranty
google,pixel 9 pro 256gb,216g,12gb,10.8mp,50mp,google tensor g4,"5,050mah",6.7 inches,"lkr 369,319",2024,hazel,"5g, 4g, 3g, 2g",in stock,1 year limited warranty
google,pixel 9 pro xl 512gb,222g,16gb,10.8mp,50mp,google tensor g4,"5,250mah",6.8 inches,"lkr 436,529",2024,charcoal,"5g, 4g, 3g, 2g",in stock,1 year limited warranty
google,pixel 9 pro fold 512gb,250g,16gb,10.8mp,50mp,google tensor g4,"5,500mah",7.6 inches,"lkr 604,554",2024,obsidian,"5g, 4g, 3g, 2g",in stock,1 year limited warranty
tecno,spark go 1s 64gb,190g,4gb,8mp,13mp,mediatek helio a22,"5,000mah",6.6 inches,"lkr 43,350",2024,serenity blue,"4g, 3g, 2g",in stock,1 year manufacturer warranty
tecno,megapad 11 256gb,450g,8gb,13mp,50mp,mediatek g99,"8,000mah",11 inches,"lkr 117,281",2024,uyuni grey,"5g, 4g, 3g, 2g",in stock,1 year manufacturer warranty
tecno,pop 9 4g 64gb,195g,3gb,5mp,8mp,unisoc sc9863a,"5,000mah",6.52 inches,"lkr 33,269",2024,serenity blue,"4g, 3g, 2g",in stock,1 year manufacturer warranty
tecno,megapad 128gb,420g,6gb,12mp,50mp,mediatek helio g80,"7,500mah",10.9 inches,"lkr 100,479",2024,startrail blue,"5g, 4g, 3g, 2g",in stock,1 year manufacturer warranty
tecno,camon 30s 256gb,198g,8gb,32mp,50mp,mediatek dimensity 810,"5,200mah",6.8 inches,"lkr 167,689",2024,meteorite grey,"5g, 4g, 3g, 2g",in stock,1 year manufacturer warranty
tecno,spark 30c 5g 128gb,200g,6gb,16mp,50mp,mediatek dimensity 6100+,"5,000mah",6.6 inches,"lkr 66,874",2024,uyuni grey,"5g, 4g, 3g, 2g",in stock,1 year manufacturer warranty
tecno,spark 30 5g 128gb,195g,6gb,16mp,50mp,mediatek dimensity 6020,"5,000mah",6.6 inches,"lkr 76,955",2024,meteorite grey,"5g, 4g, 3g, 2g",in stock,1 year manufacturer warranty
tecno,pop 9 64gb,190g,3gb,5mp,8mp,unisoc sc9832e,"5,000mah",6.52 inches,"lkr 29,908",2024,uyuni grey,"4g, 3g, 2g",in stock,1 year manufacturer warranty
tecno,spark 30 pro 256gb,205g,8gb,32mp,50mp,mediatek helio g99,"5,200mah",6.8 inches,"lkr 90,397",2024,meteorite grey,"5g, 4g, 3g, 2g",in stock,1 year manufacturer warranty
tecno,spark 30 128gb,192g,4gb,16mp,50mp,mediatek helio g85,"5,000mah",6.6 inches,"lkr 60,153",2024,meteorite grey,"5g, 4g, 3g, 2g",in stock,1 year manufacturer warranty
tecno,phantom v fold2 512gb,280g,12gb,32mp,64mp,mediatek dimensity 9200+,"5,500mah",7.85 inches,"lkr 604,554",2024,startrail blue,"5g, 4g, 3g, 2g",in stock,1 year manufacturer warranty
tecno,phantom v flip2 256gb,195g,8gb,32mp,50mp,mediatek dimensity 8050,"4,300mah",6.9 inches,"lkr 335,714",2024,startrail blue,"5g, 4g, 3g, 2g",in stock,1 year manufacturer warranty
tecno,pova 6 neo 5g 256gb,225g,8gb,16mp,50mp,mediatek dimensity 810,"6,000mah",6.8 inches,"lkr 117,281",2024,serenity blue,"5g, 4g, 3g, 2g",in stock,1 year manufacturer warranty
tecno,spark 30c 128gb,190g,4gb,16mp,50mp,mediatek helio g85,"5,000mah",6.6 inches,"lkr 50,071",2024,serenity blue,"5g, 4g, 3g, 2g",in stock,1 year manufacturer warranty
tecno,spark go 1 64gb,195g,3gb,5mp,8mp,unisoc sc9863a,"5,000mah",6.52 inches,"lkr 33,269",2024,meteorite grey,"4g, 3g, 2g",in stock,1 year manufacturer warranty
tecno,camon 30s pro 512gb,202g,12gb,50mp,108mp,mediatek dimensity 9200,"5,200mah",6.9 inches,"lkr 369,319",2024,serenity blue,"5g, 4g, 3g, 2g",in stock,1 year manufacturer warranty
tecno,spark 20p 128gb,195g,4gb,16mp,50mp,mediatek helio g85,"5,000mah",6.6 inches,"lkr 60,153",2024,startrail blue,"5g, 4g, 3g, 2g",in stock,1 year manufacturer warranty
tecno,spark 20 pro 5g 256gb,210g,8gb,32mp,50mp,mediatek dimensity 810,"5,200mah",6.8 inches,"lkr 110,560",2024,meteorite grey,"5g, 4g, 3g, 2g",in stock,1 year manufacturer warranty
tecno,pova 6 neo 256gb,230g,8gb,16mp,50mp,mediatek helio g99,"6,000mah",6.8 inches,"lkr 100,479",2024,startrail blue,"5g, 4g, 3g, 2g",in stock,1 year manufacturer warranty
tecno,camon 30 premier 512gb,210g,12gb,50mp,108mp,mediatek dimensity 9200,"5,200mah",6.9 inches,"lkr 402,924",2024,startrail blue,"5g, 4g, 3g, 2g",in stock,1 year manufacturer warranty
tecno,camon 30 pro 512gb,205g,12gb,50mp,64mp,mediatek dimensity 8200,"5,200mah",6.8 inches,"lkr 302,109",2024,startrail blue,"5g, 4g, 3g, 2g",in stock,1 year manufacturer warranty
tecno,camon 30 5g 256gb,198g,8gb,32mp,50mp,mediatek dimensity 810,"5,000mah",6.7 inches,"lkr 167,689",2024,startrail blue,"5g, 4g, 3g, 2g",in stock,1 year manufacturer warranty
tecno,camon 30 128gb,195g,6gb,32mp,50mp,mediatek helio g99,"5,000mah",6.7 inches,"lkr 117,281",2024,startrail blue,"5g, 4g, 3g, 2g",in stock,1 year manufacturer warranty
tecno,pova 6 pro 512gb,230g,12gb,32mp,64mp,mediatek dimensity 8100,"6,000mah",6.9 inches,"lkr 369,319",2024,meteorite grey,"5g, 4g, 3g, 2g",in stock,1 year manufacturer warranty
tecno,spark 20 pro+ 256gb,210g,8gb,32mp,50mp,mediatek helio g99,"5,200mah",6.8 inches,"lkr 90,397",2024,uyuni grey,"5g, 4g, 3g, 2g",in stock,1 year manufacturer warranty
tecno,spark 20 pro 128gb,195g,6gb,16mp,50mp,mediatek helio g85,"5,000mah",6.6 inches,"lkr 66,874",2024,startrail blue,"5g, 4g, 3g, 2g",in stock,1 year manufacturer warranty
tecno,spark 20 128gb,192g,4gb,16mp,50mp,mediatek helio g85,"5,000mah",6.6 inches,"lkr 60,153",2024,startrail blue,"5g, 4g, 3g, 2g",in stock,1 year manufacturer warranty
tecno,spark 20c 128gb,190g,4gb,16mp,50mp,mediatek helio g85,"5,000mah",6.6 inches,"lkr 50,071",2024,serenity blue,"5g, 4g, 3g, 2g",in stock,1 year manufacturer warranty
tecno,spark go 2024 64gb,195g,3gb,5mp,8mp,unisoc sc9863a,"5,000mah",6.52 inches,"lkr 33,269",2024,startrail blue,"4g, 3g, 2g",in stock,1 year manufacturer warranty
tecno,pop 8 64gb,195g,3gb,5mp,8mp,unisoc sc9832e,"5,000mah",6.52 inches,"lkr 29,908",2024,uyuni grey,"4g, 3g, 2g",in stock,1 year manufacturer warranty
tecno,camon 20s pro 5g 512gb,202g,12gb,50mp,108mp,mediatek dimensity 9200,"5,200mah",6.9 inches,"lkr 369,319",2024,startrail blue,"5g, 4g, 3g, 2g",in stock,1 year manufacturer warranty
tecno,camon 20s pro 256gb,202g,12gb,50mp,108mp,mediatek dimensity 810,"5,200mah",6.9 inches,"lkr 302,109",2024,uyuni grey,"5g, 4g, 3g, 2g",in stock,1 year manufacturer warranty
tecno,camon 20s 256gb,200g,8gb,32mp,50mp,mediatek helio g99,"5,000mah",6.7 inches,"lkr 150,886",2024,meteorite grey,"5g, 4g, 3g, 2g",in stock,1 year manufacturer warranty
tecno,camon 20 premier 512gb,205g,12gb,50mp,108mp,mediatek dimensity 8200,"5,200mah",6.8 inches,"lkr 352,516",2024,uyuni grey,"5g, 4g, 3g, 2g",in stock,1 year manufacturer warranty
tecno,camon 20 pro 5g 256gb,200g,8gb,32mp,50mp,mediatek dimensity 810,"5,000mah",6.7 inches,"lkr 167,689",2024,uyuni grey,"5g, 4g, 3g, 2g",in stock,1 year manufacturer warranty
tecno,camon 20 pro 128gb,198g,6gb,32mp,50mp,mediatek helio g99,"5,000mah",6.7 inches,"lkr 117,281",2024,serenity blue,"5g, 4g, 3g, 2g",in stock,1 year manufacturer warranty
tecno,camon 20 128gb,195g,6gb,32mp,50mp,mediatek helio g99,"5,000mah",6.7 inches,"lkr 117,281",2024,serenity blue,"5g, 4g, 3g, 2g",in stock,1 year manufacturer warranty
tecno,pova 5g 512gb,240g,8gb,32mp,50mp,mediatek dimensity 900,"6,000mah",6.9 inches,"lkr 234,899",2024,startrail blue,"5g, 4g, 3g, 2g",in stock,1 year manufacturer warranty
tecno,pova 5 256gb,230g,8gb,16mp,50mp,mediatek helio g99,"6,000mah",6.8 inches,"lkr 110,560",2024,startrail blue,"5g, 4g, 3g, 2g",in stock,1 year manufacturer warranty
infinix,xpad,450g,6gb,8mp,13mp,mediatek helio g99,"7,000mah",10.1 inches,"lkr 100,479",2024,horizon gold,"5g, 4g, 3g, 2g",in stock,1 year manufacturer warranty
infinix,xpad 5g,470g,8gb,16mp,50mp,mediatek dimensity 810,"8,000mah",10.4 inches,"lkr 134,084",2024,timber black,"5g, 4g, 3g, 2g",in stock,1 year manufacturer warranty
infinix,xpad lite,420g,4gb,5mp,8mp,unisoc t606,"6,000mah",9.7 inches,"lkr 73,595",2024,horizon gold,"5g, 4g, 3g, 2g",in stock,1 year manufacturer warranty
infinix,xpad pro,480g,12gb,32mp,50mp,mediatek dimensity 9200,"9,000mah",11.0 inches,"lkr 184,491",2024,vintage blue,"5g, 4g, 3g, 2g",in stock,1 year manufacturer warranty
infinix,hot 50,192g,6gb,8mp,50mp,mediatek helio g85,"5,000mah",6.78 inches,"lkr 73,595",2024,horizon gold,"5g, 4g, 3g, 2g",in stock,1 year manufacturer warranty
infinix,hot 50i,190g,4gb,8mp,50mp,unisoc t606,"5,000mah",6.6 inches,"lkr 60,153",2024,sunset gold,"5g, 4g, 3g, 2g",in stock,1 year manufacturer warranty
infinix,hot 50 5g,195g,8gb,16mp,50mp,mediatek dimensity 810,"5,200mah",6.78 inches,"lkr 97,118",2024,timber black,"5g, 4g, 3g, 2g",in stock,1 year manufacturer warranty
infinix,hot 50 pro,194g,8gb,16mp,50mp,mediatek helio g99,"5,000mah",6.8 inches,"lkr 90,397",2024,horizon gold,"5g, 4g, 3g, 2g",in stock,1 year manufacturer warranty
infinix,hot 50 pro+,196g,12gb,32mp,108mp,mediatek dimensity 9200,"5,300mah",6.9 inches,"lkr 127,363",2024,timber black,"5g, 4g, 3g, 2g",in stock,1 year manufacturer warranty
infinix,gt 20 pro,198g,12gb,32mp,108mp,mediatek dimensity 8200,"5,500mah",6.9 inches,"lkr 150,886",2024,vintage blue,"5g, 4g, 3g, 2g",in stock,1 year manufacturer warranty
infinix,note 40x 5g,198g,8gb,32mp,108mp,mediatek dimensity 7200,"5,200mah",6.8 inches,"lkr 117,281",2024,horizon gold,"5g, 4g, 3g, 2g",in stock,1 year manufacturer warranty
infinix,note 40s,196g,8gb,32mp,50mp,mediatek helio g99,"5,000mah",6.78 inches,"lkr 93,758",2024,vintage blue,"5g, 4g, 3g, 2g",in stock,1 year manufacturer warranty
infinix,note 40 5g,195g,8gb,32mp,108mp,mediatek dimensity 8100,"5,200mah",6.8 inches,"lkr 107,200",2024,timber black,"5g, 4g, 3g, 2g",in stock,1 year manufacturer warranty
infinix,note 40 pro 5g,195g,12gb,32mp,108mp,mediatek dimensity 9000,"5,300mah",6.8 inches,"lkr 134,084",2024,sunset gold,"5g, 4g, 3g, 2g",in stock,1 year manufacturer warranty
infinix,note 40 racing edition,196g,12gb,32mp,108mp,mediatek dimensity 9200,"5,500mah",6.9 inches,"lkr 150,886",2024,vintage blue,"5g, 4g, 3g, 2g",in stock,1 year manufacturer warranty
infinix,hot 40,196g,8gb,32mp,50mp,mediatek helio g88,"5,000mah",6.78 inches,"lkr 66,874",2023,horizon gold,"5g, 4g, 3g, 2g",limited stock,1 year manufacturer warranty
infinix,hot 40i,195g,4gb,8mp,13mp,unisoc t606,"5,000mah",6.6 inches,"lkr 53,432",2023,vintage blue,"5g, 4g, 3g, 2g",limited stock,1 year manufacturer warranty
infinix,hot 40 pro,195g,8gb,32mp,108mp,mediatek helio g99,"5,000mah",6.78 inches,"lkr 76,955",2023,timber black,"5g, 4g, 3g, 2g",limited stock,1 year manufacturer warranty
infinix,zero 40,195g,12gb,50mp,108mp,mediatek dimensity 8200,"5,000mah",6.78 inches,"lkr 117,281",2024,vintage blue,"5g, 4g, 3g, 2g",in stock,1 year manufacturer warranty
infinix,zero 40 5g,195g,12gb,50mp,108mp,mediatek dimensity 8200,"5,000mah",6.78 inches,"lkr 127,363",2024,timber black,"5g, 4g, 3g, 2g",in stock,1 year manufacturer warranty
infinix,zero flip,190g,8gb,32mp,108mp,qualcomm snapdragon 778g,"4,500mah",6.7 inches,"lkr 134,084",2024,vintage blue,"5g, 4g, 3g, 2g",in stock,1 year manufacturer warranty
infinix,note 40,190g,8gb,32mp,108mp,mediatek helio g99,"5,000mah",6.78 inches,"lkr 93,758",2024,timber black,"5g, 4g, 3g, 2g",in stock,1 year manufacturer warranty
infinix,note 40 pro,190g,12gb,32mp,108mp,mediatek dimensity 8100,"5,000mah",6.78 inches,"lkr 110,560",2024,timber black,"5g, 4g, 3g, 2g",in stock,1 year manufacturer warranty
infinix,hot 30 128gb,196g,8gb,8mp,50mp,mediatek helio g88,"5,000mah",6.78 inches,"lkr 66,874",2023,timber black,"5g, 4g, 3g, 2g",limited stock,1 year manufacturer warranty
infinix,hot 30i 128gb,191g,4gb,8mp,13mp,unisoc t606,"5,000mah",6.6 inches,"lkr 53,432",2023,timber black,"5g, 4g, 3g, 2g",limited stock,1 year manufacturer warranty
infinix,hot 30i nfc 128gb,191g,4gb,8mp,13mp,unisoc t606,"5,000mah",6.6 inches,"lkr 53,432",2023,horizon gold,"5g, 4g, 3g, 2g",limited stock,1 year manufacturer warranty
infinix,hot 30 play 128gb,205g,4gb,8mp,16mp,mediatek helio g37,"6,000mah",6.82 inches,"lkr 60,153",2023,horizon gold,"5g, 4g, 3g, 2g",limited stock,1 year manufacturer warranty
infinix,hot 30 5g 128gb,202g,8gb,8mp,50mp,mediatek dimensity 810,"5,000mah",6.78 inches,"lkr 80,316",2023,horizon gold,"5g, 4g, 3g, 2g",limited stock,1 year manufacturer warranty
infinix,zero 30 256gb,185g,8gb,50mp,108mp,mediatek dimensity 8020,"5,000mah",6.78 inches,"lkr 117,281",2023,horizon gold,"5g, 4g, 3g, 2g",limited stock,1 year manufacturer warranty
infinix,zero 30 5g 256gb,185g,12gb,50mp,108mp,mediatek dimensity 8020,"5,000mah",6.78 inches,"lkr 127,363",2023,sunset gold,"5g, 4g, 3g, 2g",limited stock,1 year manufacturer warranty
infinix,gt 10 pro 256gb,187g,8gb,32mp,108mp,mediatek dimensity 8050,"5,000mah",6.67 inches,"lkr 134,084",2023,sunset gold,"5g, 4g, 3g, 2g",limited stock,1 year manufacturer warranty
infinix,hot 12 128gb,195g,6gb,8mp,13mp,mediatek helio g85,"5,000mah",6.82 inches,"lkr 60,153",2022,timber black,"5g, 4g, 3g, 2g",limited stock,1 year manufacturer warranty
infinix,hot 12 play 128gb,209g,4gb,8mp,13mp,unisoc t610,"6,000mah",6.82 inches,"lkr 53,432",2022,horizon gold,"5g, 4g, 3g, 2g",limited stock,1 year manufacturer warranty
infinix,hot 12 pro 128gb,191g,8gb,8mp,50mp,unisoc t616,"5,000mah",6.6 inches,"lkr 66,874",2022,vintage blue,"5g, 4g, 3g, 2g",limited stock,1 year manufacturer warranty
infinix,hot 12i 64gb,190g,4gb,8mp,13mp,mediatek helio a22,"5,000mah",6.6 inches,"lkr 46,711",2022,horizon gold,"4g, 3g, 2g",limited stock,1 year manufacturer warranty
infinix,hot 20 128gb,198g,6gb,8mp,50mp,mediatek helio g85,"5,000mah",6.82 inches,"lkr 66,874",2022,vintage blue,"5g, 4g, 3g, 2g",limited stock,1 year manufacturer warranty
infinix,hot 20 play 128gb,209g,4gb,8mp,13mp,mediatek helio g37,"6,000mah",6.82 inches,"lkr 53,432",2022,sunset gold,"5g, 4g, 3g, 2g",limited stock,1 year manufacturer warranty
infinix,hot 20s 128gb,202g,8gb,8mp,50mp,mediatek helio g96,"5,000mah",6.78 inches,"lkr 73,595",2022,timber black,"5g, 4g, 3g, 2g",limited stock,1 year manufacturer warranty
infinix,hot 20 5g 128gb,204g,6gb,8mp,50mp,mediatek dimensity 810,"5,000mah",6.6 inches,"lkr 80,316",2022,horizon gold,"5g, 4g, 3g, 2g",limited stock,1 year manufacturer warranty
infinix,hot 20i 64gb,195g,4gb,8mp,13mp,mediatek helio g25,"5,000mah",6.6 inches,"lkr 46,711",2022,vintage blue,"4g, 3g, 2g",limited stock,1 year manufacturer warranty
infinix,hot 10t 128gb,205g,4gb,8mp,48mp,mediatek helio g70,"5,000mah",6.82 inches,"lkr 50,071",2021,vintage blue,"5g, 4g, 3g, 2g",discontinued,1 year manufacturer warranty
infinix,hot 10s 128gb,211g,6gb,8mp,48mp,mediatek helio g85,"6,000mah",6.82 inches,"lkr 56,792",2021,timber black,"5g, 4g, 3g, 2g",discontinued,1 year manufacturer warranty
infinix,hot 10s nfc 128gb,211g,6gb,8mp,48mp,mediatek helio g85,"6,000mah",6.82 inches,"lkr 60,153",2021,sunset gold,"5g, 4g, 3g, 2g",discontinued,1 year manufacturer warranty
infinix,hot 10 lite 64gb,195g,3gb,8mp,13mp,mediatek helio a25,"5,000mah",6.6 inches,"lkr 36,629",2020,timber black,"4g, 3g, 2g",discontinued,1 year manufacturer warranty
infinix,hot 10 play 64gb,207g,4gb,8mp,13mp,mediatek helio g25,"6,000mah",6.82 inches,"lkr 46,711",2021,sunset gold,"4g, 3g, 2g",discontinued,1 year manufacturer warranty
infinix,hot 11 128gb,201g,4gb,8mp,13mp,mediatek helio g70,"5,200mah",6.6 inches,"lkr 53,432",2021,timber black,"5g, 4g, 3g, 2g",discontinued,1 year manufacturer warranty
infinix,hot 11 play 128gb,209g,4gb,8mp,13mp,mediatek helio g35,"6,000mah",6.82 inches,"lkr 56,792",2021,vintage blue,"5g, 4g, 3g, 2g",discontinued,1 year manufacturer warranty
infinix,hot 11s 128gb,205g,6gb,8mp,50mp,mediatek helio g88,"5,000mah",6.78 inches,"lkr 63,513",2021,timber black,"5g, 4g, 3g, 2g",discontinued,1 year manufacturer warranty
infinix,smart hd 32gb,195g,2gb,5mp,8mp,mediatek helio a20,"5,000mah",6.1 inches,"lkr 26,548",2020,timber black,"5g, 4g, 3g, 2g",discontinued,1 year manufacturer warranty
infinix,note 8i 128gb,210g,6gb,8mp,48mp,mediatek helio g80,"5,200mah",6.78 inches,"lkr 66,874",2020,sunset gold,"5g, 4g, 3g, 2g",discontinued,1 year manufacturer warranty
infinix,note 8 128gb,210g,6gb,16mp,64mp,mediatek helio g80,"5,200mah",6.95 inches,"lkr 76,955",2020,sunset gold,"5g, 4g, 3g, 2g",discontinued,1 year manufacturer warranty
infinix,zero 8i 128gb,210g,8gb,16mp,48mp,mediatek helio g90t,"4,500mah",6.85 inches,"lkr 83,676",2020,timber black,"5g, 4g, 3g, 2g",discontinued,1 year manufacturer warranty
infinix,hot 10 128gb,204g,4gb,8mp,16mp,mediatek helio g70,"5,200mah",6.78 inches,"lkr 53,432",2020,vintage blue,"5g, 4g, 3g, 2g",discontinued,1 year manufacturer warranty
infinix,zero 8 128gb,205g,8gb,48mp,64mp,mediatek helio g90t,"4,500mah",6.85 inches,"lkr 93,758",2020,vintage blue,"5g, 4g, 3g, 2g",discontinued,1 year manufacturer warranty
infinix,smart 5 64gb,195g,3gb,8mp,13mp,mediatek helio a20,"5,000mah",6.6 inches,"lkr 33,269",2020,timber black,"4g, 3g, 2g",discontinued,1 year manufacturer warranty
honor,9x lite,175g,4gb,8mp,48mp,kirin 710f,"3,750mah",6.5 inches,"lkr 73,595",2020,titanium silver,"5g, 4g, 3g, 2g",discontinued,1 year manufacturer warranty
honor,30,185g,8gb,32mp,40mp,kirin 985 5g,"4,000mah",6.53 inches,"lkr 150,886",2020,midnight black,"5g, 4g, 3g, 2g",discontinued,1 year manufacturer warranty
honor,30 pro,190g,8gb,32mp,50mp,kirin 990 5g,"4,000mah",6.57 inches,"lkr 201,294",2020,emerald green,"5g, 4g, 3g, 2g",discontinued,1 year manufacturer warranty
honor,30 pro+,192g,12gb,32mp,50mp,kirin 990 5g,"4,000mah",6.57 inches,"lkr 234,899",2020,midnight black,"5g, 4g, 3g, 2g",discontinued,1 year manufacturer warranty
honor,30s,190g,6gb,16mp,64mp,kirin 820 5g,"4,000mah",6.5 inches,"lkr 117,281",2020,titanium silver,"5g, 4g, 3g, 2g",discontinued,1 year manufacturer warranty
honor,x10,203g,6gb,16mp,40mp,kirin 820 5g,"4,300mah",6.63 inches,"lkr 107,200",2020,emerald green,"5g, 4g, 3g, 2g",discontinued,1 year manufacturer warranty
honor,x10 max,227g,8gb,8mp,48mp,mediatek dimensity 800,"5,000mah",7.09 inches,"lkr 127,363",2020,titanium silver,"5g, 4g, 3g, 2g",discontinued,1 year manufacturer warranty
honor,play 4,213g,6gb,16mp,64mp,mediatek dimensity 800,"4,300mah",6.81 inches,"lkr 117,281",2020,titanium silver,"5g, 4g, 3g, 2g",discontinued,1 year manufacturer warranty
honor,play 4 pro,213g,8gb,32mp,40mp,kirin 990 5g,"4,200mah",6.57 inches,"lkr 184,491",2020,midnight black,"5g, 4g, 3g, 2g",discontinued,1 year manufacturer warranty
honor,10x lite,206g,4gb,8mp,48mp,kirin 710a,"5,000mah",6.67 inches,"lkr 76,955",2020,midnight black,"5g, 4g, 3g, 2g",discontinued,1 year manufacturer warranty
honor,v40,189g,8gb,16mp,50mp,mediatek dimensity 1000+,"4,000mah",6.72 inches,"lkr 201,294",2021,sunrise orange,"5g, 4g, 3g, 2g",discontinued,1 year manufacturer warranty
honor,50,175g,8gb,32mp,108mp,qualcomm snapdragon 778g,"4,300mah",6.57 inches,"lkr 184,491",2021,titanium silver,"5g, 4g, 3g, 2g",discontinued,1 year manufacturer warranty
honor,50 pro,187g,8gb,32mp,108mp,qualcomm snapdragon 778g,"4,000mah",6.72 inches,"lkr 218,096",2021,titanium silver,"5g, 4g, 3g, 2g",discontinued,1 year manufacturer warranty
honor,50 se,191g,8gb,16mp,108mp,mediatek dimensity 900,"4,000mah",6.78 inches,"lkr 150,886",2021,midnight black,"5g, 4g, 3g, 2g",discontinued,1 year manufacturer warranty
honor,x20,192g,6gb,16mp,64mp,mediatek dimensity 900,"4,300mah",6.67 inches,"lkr 127,363",2021,titanium silver,"5g, 4g, 3g, 2g",discontinued,1 year manufacturer warranty
honor,x20 se,179g,6gb,16mp,64mp,mediatek dimensity 700,"4,000mah",6.6 inches,"lkr 100,479",2021,titanium silver,"5g, 4g, 3g, 2g",discontinued,1 year manufacturer warranty
honor,play 5,179g,8gb,16mp,64mp,mediatek dimensity 800u,"3,800mah",6.53 inches,"lkr 107,200",2021,emerald green,"5g, 4g, 3g, 2g",discontinued,1 year manufacturer warranty
honor,play 5t,191g,6gb,8mp,13mp,unisoc t610,"5,000mah",6.5 inches,"lkr 73,595",2021,emerald green,"5g, 4g, 3g, 2g",discontinued,1 year manufacturer warranty
honor,magic3,202g,8gb,13mp,50mp,qualcomm snapdragon 888,"4,600mah",6.76 inches,"lkr 302,109",2021,sunrise orange,"5g, 4g, 3g, 2g",discontinued,1 year manufacturer warranty
honor,magic3 pro,213g,8gb,13mp,50mp,qualcomm snapdragon 888+,"4,600mah",6.76 inches,"lkr 369,319",2021,midnight black,"5g, 4g, 3g, 2g",discontinued,1 year manufacturer warranty
honor,magic3 pro+,236g,12gb,13mp,50mp,qualcomm snapdragon 888+,"4,600mah",6.76 inches,"lkr 436,529",2021,titanium silver,"5g, 4g, 3g, 2g",discontinued,1 year manufacturer warranty
honor,60,179g,8gb,32mp,108mp,qualcomm snapdragon 778g,"4,800mah",6.67 inches,"lkr 184,491",2021,midnight black,"5g, 4g, 3g, 2g",discontinued,1 year manufacturer warranty
honor,60 pro,192g,8gb,50mp,108mp,qualcomm snapdragon 778g+,"4,800mah",6.78 inches,"lkr 218,096",2021,midnight black,"5g, 4g, 3g, 2g",discontinued,1 year manufacturer warranty
honor,60 se,191g,8gb,16mp,64mp,mediatek dimensity 900,"4,300mah",6.67 inches,"lkr 150,886",2021,midnight black,"5g, 4g, 3g, 2g",discontinued,1 year manufacturer warranty
honor,x30,189g,6gb,16mp,48mp,qualcomm snapdragon 695,"4,800mah",6.81 inches,"lkr 127,363",2021,midnight black,"5g, 4g, 3g, 2g",discontinued,1 year manufacturer warranty
honor,x30i,175g,6gb,16mp,48mp,mediatek dimensity 810,"4,000mah",6.7 inches,"lkr 100,479",2021,midnight black,"5g, 4g, 3g, 2g",discontinued,1 year manufacturer warranty
honor,x30 max,228g,8gb,8mp,64mp,mediatek dimensity 900,"5,000mah",7.09 inches,"lkr 167,689",2021,emerald green,"5g, 4g, 3g, 2g",discontinued,1 year manufacturer warranty
honor,play 6,190g,6gb,5mp,13mp,mediatek mt6762g helio g25,"5,000mah",6.52 inches,"lkr 60,153",2022,titanium silver,"5g, 4g, 3g, 2g",limited stock,1 year manufacturer warranty
honor,play 6t,198g,6gb,5mp,13mp,mediatek dimensity 700,"5,000mah",6.74 inches,"lkr 76,955",2022,emerald green,"5g, 4g, 3g, 2g",limited stock,1 year manufacturer warranty
honor,magic4,199g,8gb,12mp,50mp,qualcomm snapdragon 8 gen 1,"4,800mah",6.81 inches,"lkr 302,109",2022,titanium silver,"5g, 4g, 3g, 2g",limited stock,1 year manufacturer warranty
honor,magic4 pro,215g,8gb,12mp,50mp,qualcomm snapdragon 8 gen 1,"4,600mah",6.81 inches,"lkr 369,319",2022,sunrise orange,"5g, 4g, 3g, 2g",limited stock,1 year manufacturer warranty
honor,magic4 ultimate,242g,12gb,12mp,50mp,qualcomm snapdragon 8 gen 1,"4,600mah",6.81 inches,"lkr 436,529",2022,emerald green,"5g, 4g, 3g, 2g",limited stock,1 year manufacturer warranty
honor,magic v,288g,12gb,42mp,50mp,qualcomm snapdragon 8 gen 1,"4,750mah",7.9 inches,"lkr 604,554",2022,emerald green,"5g, 4g, 3g, 2g",limited stock,1 year manufacturer warranty
honor,70,178g,8gb,32mp,54mp,qualcomm snapdragon 778g+,"4,800mah",6.67 inches,"lkr 184,491",2022,midnight black,"5g, 4g, 3g, 2g",limited stock,1 year manufacturer warranty
honor,70 pro,192g,8gb,50mp,54mp,mediatek dimensity 8000,"4,500mah",6.78 inches,"lkr 234,899",2022,titanium silver,"5g, 4g, 3g, 2g",limited stock,1 year manufacturer warranty
honor,70 pro+,209g,12gb,50mp,54mp,mediatek dimensity 9000,"4,500mah",6.78 inches,"lkr 268,504",2022,emerald green,"5g, 4g, 3g, 2g",limited stock,1 year manufacturer warranty
honor,x40,172g,6gb,8mp,50mp,qualcomm snapdragon 695,"5,100mah",6.67 inches,"lkr 100,479",2022,sunrise orange,"5g, 4g, 3g, 2g",limited stock,1 year manufacturer warranty
honor,x40i,175g,6gb,8mp,50mp,mediatek dimensity 700,"4,000mah",6.7 inches,"lkr 93,758",2022,titanium silver,"5g, 4g, 3g, 2g",limited stock,1 year manufacturer warranty
honor,play 7,196g,4gb,5mp,13mp,mediatek helio g37,"5,200mah",6.74 inches,"lkr 53,432",2023,midnight black,"5g, 4g, 3g, 2g",limited stock,1 year manufacturer warranty
honor,play 7t,199g,6gb,5mp,13mp,mediatek dimensity 6020,"5,200mah",6.74 inches,"lkr 66,874",2023,sunrise orange,"5g, 4g, 3g, 2g",limited stock,1 year manufacturer warranty
honor,magic5,204g,8gb,12mp,50mp,qualcomm snapdragon 8 gen 2,"5,100mah",6.81 inches,"lkr 335,714",2023,titanium silver,"5g, 4g, 3g, 2g",limited stock,1 year manufacturer warranty
honor,magic5 pro,219g,12gb,12mp,50mp,qualcomm snapdragon 8 gen 2,"5,100mah",6.81 inches,"lkr 402,924",2023,emerald green,"5g, 4g, 3g, 2g",limited stock,1 year manufacturer warranty
honor,magic5 ultimate,234g,16gb,12mp,50mp,qualcomm snapdragon 8 gen 2,"5,450mah",6.81 inches,"lkr 470,134",2023,emerald green,"5g, 4g, 3g, 2g",limited stock,1 year manufacturer warranty
honor,magic vs,267g,12gb,16mp,50mp,qualcomm snapdragon 8+ gen 1,"5,000mah",7.9 inches,"lkr 570,949",2023,sunrise orange,"5g, 4g, 3g, 2g",limited stock,1 year manufacturer warranty
honor,80,180g,8gb,32mp,160mp,qualcomm snapdragon 782g,"4,800mah",6.67 inches,"lkr 184,491",2022,emerald green,"5g, 4g, 3g, 2g",limited stock,1 year manufacturer warranty
honor,80 pro,193g,12gb,50mp,160mp,qualcomm snapdragon 8+ gen 1,"4,800mah",6.78 inches,"lkr 268,504",2022,titanium silver,"5g, 4g, 3g, 2g",limited stock,1 year manufacturer warranty
honor,80 se,175g,8gb,32mp,64mp,mediatek dimensity 900,"4,600mah",6.67 inches,"lkr 134,084",2022,sunrise orange,"5g, 4g, 3g, 2g",limited stock,1 year manufacturer warranty
honor,x50,185g,6gb,8mp,108mp,qualcomm snapdragon 6 gen 1,"5,800mah",6.78 inches,"lkr 100,479",2023,sunrise orange,"5g, 4g, 3g, 2g",limited stock,1 year manufacturer warranty
honor,x50i,179g,6gb,8mp,100mp,mediatek dimensity 6020,"4,500mah",6.7 inches,"lkr 83,676",2023,midnight black,"5g, 4g, 3g, 2g",limited stock,1 year manufacturer warranty
honor,play 8,191g,4gb,5mp,13mp,mediatek helio g36,"5,000mah",6.52 inches,"lkr 50,071",2023,titanium silver,"5g, 4g, 3g, 2g",limited stock,1 year manufacturer warranty
honor,play 8t,195g,6gb,5mp,50mp,mediatek dimensity 6100+,"5,200mah",6.74 inches,"lkr 63,513",2023,titanium silver,"5g, 4g, 3g, 2g",limited stock,1 year manufacturer warranty
honor,magic6,203g,8gb,12mp,50mp,qualcomm snapdragon 8 gen 3,"5,200mah",6.81 inches,"lkr 369,319",2024,titanium silver,"5g, 4g, 3g, 2g",in stock,1 year manufacturer warranty
honor,magic6 pro,219g,12gb,12mp,50mp,qualcomm snapdragon 8 gen 3,"5,500mah",6.81 inches,"lkr 436,529",2024,titanium silver,"5g, 4g, 3g, 2g",in stock,1 year manufacturer warranty
honor,magic6 ultimate,234g,16gb,12mp,50mp,qualcomm snapdragon 8 gen 3,"5,550mah",6.81 inches,"lkr 503,739",2024,titanium silver,"5g, 4g, 3g, 2g",in stock,1 year manufacturer warranty
honor,magic v2,231g,12gb,16mp,50mp,qualcomm snapdragon 8 gen 2,"5,000mah",7.92 inches,"lkr 638,159",2024,emerald green,"5g, 4g, 3g, 2g",in stock,1 year manufacturer warranty
honor,90,183g,12gb,50mp,200mp,qualcomm snapdragon 7 gen 1,"5,000mah",6.7 inches,"lkr 201,294",2023,midnight black,"5g, 4g, 3g, 2g",limited stock,1 year manufacturer warranty
honor,90 pro,192g,12gb,50mp,200mp,qualcomm snapdragon 8+ gen 1,"5,000mah",6.78 inches,"lkr 234,899",2023,emerald green,"5g, 4g, 3g, 2g",limited stock,1 year manufacturer warranty
honor,90 se,175g,8gb,32mp,64mp,mediatek dimensity 900,"4,600mah",6.67 inches,"lkr 134,084",2023,midnight black,"5g, 4g, 3g, 2g",limited stock,1 year manufacturer warranty
honor,x60,185g,6gb,8mp,108mp,qualcomm snapdragon 6 gen 1,"5,800mah",6.78 inches,"lkr 100,479",2023,sunrise orange,"5g, 4g, 3g, 2g",limited stock,1 year manufacturer warranty
honor,x60i,179g,6gb,8mp,100mp,mediatek dimensity 6020,"4,500mah",6.7 inches,"lkr 83,676",2023,emerald green,"5g, 4g, 3g, 2g",limited stock,1 year manufacturer warranty
honor,play 9,191g,4gb,5mp,13mp,mediatek helio g36,"5,000mah",6.52 inches,"lkr 50,071",2023,midnight black,"5g, 4g, 3g, 2g",limited stock,1 year manufacturer warranty
honor,play 9t,195g,6gb,5mp,50mp,mediatek dimensity 6100+,"5,200mah",6.74 inches,"lkr 63,513",2023,emerald green,"5g, 4g, 3g, 2g",limited stock,1 year manufacturer warranty
honor,magic7,203g,8gb,12mp,50mp,qualcomm snapdragon 8 gen 3,"5,200mah",6.81 inches,"lkr 369,319",2024,sunrise orange,"5g, 4g, 3g, 2g",in stock,1 year manufacturer warranty
honor,magic7 pro,219g,12gb,12mp,50mp,qualcomm snapdragon 8 gen 3,"5,500mah",6.81 inches,"lkr 436,529",2024,titanium silver,"5g, 4g, 3g, 2g",in stock,1 year manufacturer warranty
honor,magic7 ultimate,234g,16gb,12mp,50mp,qualcomm snapdragon 8 gen 3,"5,550mah",6.81 inches,"lkr 503,739",2024,emerald green,"5g, 4g, 3g, 2g",in stock,1 year manufacturer warranty
honor,magic v3,231g,12gb,16mp,50mp,qualcomm snapdragon 8 gen 2,"5,000mah",7.92 inches,"lkr 638,159",2024,emerald green,"5g, 4g, 3g, 2g",in stock,1 year manufacturer warranty
honor,pad 6,460g,4gb,2mp,5mp,qualcomm snapdragon 662,"5,100mah",10.1 inches,"lkr 66,874",2020,sunrise orange,"5g, 4g, 3g, 2g",discontinued,1 year manufacturer warranty
honor,pad x6,460g,3gb,2mp,5mp,mediatek mt8768t,"5,100mah",9.7 inches,"lkr 53,432",2020,sunrise orange,"5g, 4g, 3g, 2g",discontinued,1 year manufacturer warranty
honor,pad 7,460g,4gb,2mp,5mp,mediatek helio g80,"5,100mah",10.1 inches,"lkr 76,955",2021,sunrise orange,"5g, 4g, 3g, 2g",discontinued,1 year manufacturer warranty
honor,tablet v7,480g,6gb,8mp,13mp,mediatek dimensity 800,"7,250mah",10.4 inches,"lkr 134,084",2021,emerald green,"5g, 4g, 3g, 2g",discontinued,1 year manufacturer warranty
honor,tablet v7 pro,485g,8gb,8mp,13mp,mediatek dimensity 1300t,"7,250mah",11.0 inches,"lkr 167,689",2021,sunrise orange,"5g, 4g, 3g, 2g",discontinued,1 year manufacturer warranty
honor,pad 8,520g,6gb,5mp,5mp,qualcomm snapdragon 680,"7,250mah",12.0 inches,"lkr 100,479",2022,sunrise orange,"5g, 4g, 3g, 2g",limited stock,1 year manufacturer warranty
honor,pad x8,460g,4gb,2mp,5mp,mediatek helio g80,"5,100mah",10.1 inches,"lkr 63,513",2022,sunrise orange,"5g, 4g, 3g, 2g",limited stock,1 year manufacturer warranty
honor,pad x8 lite,450g,3gb,2mp,5mp,mediatek mt8786,"5,000mah",9.7 inches,"lkr 50,071",2022,emerald green,"5g, 4g, 3g, 2g",limited stock,1 year manufacturer warranty
honor,pad v8,510g,6gb,5mp,13mp,mediatek dimensity 8020,"7,250mah",11.0 inches,"lkr 150,886",2023,midnight black,"5g, 4g, 3g, 2g",limited stock,1 year manufacturer warranty
honor,pad v8 pro,530g,8gb,8mp,13mp,mediatek dimensity 9000,"8,500mah",12.1 inches,"lkr 218,096",2023,midnight black,"5g, 4g, 3g, 2g",limited stock,1 year manufacturer warranty
honor,pad 9,550g,8gb,8mp,13mp,qualcomm snapdragon 6 gen 1,"8,300mah",12.1 inches,"lkr 134,084",2024,midnight black,"5g, 4g, 3g, 2g",in stock,1 year manufacturer warranty
honor,pad 9 pro,560g,12gb,8mp,13mp,mediatek dimensity 8100,"9,000mah",12.6 inches,"lkr 167,689",2024,sunrise orange,"5g, 4g, 3g, 2g",in stock,1 year manufacturer warranty
honor,pad x9,495g,6gb,5mp,8mp,qualcomm snapdragon 685,"7,250mah",11.5 inches,"lkr 100,479",2023,titanium silver,"5g, 4g, 3g, 2g",limited stock,1 year manufacturer warranty
honor,pad x8 pro,460g,4gb,2mp,5mp,mediatek helio g80,"5,100mah",10.1 inches,"lkr 63,513",2023,titanium silver,"5g, 4g, 3g, 2g",limited stock,1 year manufacturer warranty
honor,magicpad 13,590g,12gb,8mp,13mp,qualcomm snapdragon 8+ gen 1,"10,000mah",13.0 inches,"lkr 268,504",2023,midnight black,"5g, 4g, 3g, 2g",limited stock,1 year manufacturer warranty
honor,magicpad 2,580g,16gb,12mp,16mp,qualcomm snapdragon 8 gen 2,"10,500mah",13.2 inches,"lkr 302,109",2024,titanium silver,"5g, 4g, 3g, 2g",in stock,1 year manufacturer warranty
honor,pad x8a,450g,4gb,2mp,5mp,mediatek mt8786,"5,000mah",9.7 inches,"lkr 50,071",2023,midnight black,"5g, 4g, 3g, 2g",limited stock,1 year manufacturer warranty
honor,pad x8a kids edition,460g,3gb,2mp,5mp,mediatek mt8786,"5,100mah",9.7 inches,"lkr 43,350",2023,midnight black,"5g, 4g, 3g, 2g",limited stock,1 year manufacturer warranty
honor,pad x9 pro,505g,8gb,8mp,13mp,qualcomm snapdragon 7s gen 2,"8,000mah",11.6 inches,"lkr 134,084",2024,titanium silver,"5g, 4g, 3g, 2g",in stock,1 year manufacturer warranty
honor,pad v9,530g,8gb,8mp,13mp,mediatek dimensity 9000,"8,500mah",12.1 inches,"lkr 218,096",2024,titanium silver,"5g, 4g, 3g, 2g",in stock,1 year manufacturer warranty
honor,pad gt pro,610g,12gb,12mp,16mp,qualcomm snapdragon 8 gen 3,"10,500mah",13.5 inches,"lkr 335,714",2024,sunrise orange,"5g, 4g, 3g, 2g",in stock,1 year manufacturer warranty
honor,pad x10,475g,6gb,5mp,8mp,qualcomm snapdragon 685,"8,850mah",12.1 inches,"lkr 134,084",2024,sunrise orange,"5g, 4g, 3g, 2g",in stock,1 year manufacturer warranty
honor,pad x10 pro,485g,8gb,8mp,13mp,qualcomm snapdragon 7s gen 2,"9,000mah",12.6 inches,"lkr 167,689",2024,sunrise orange,"5g, 4g, 3g, 2g",in stock,1 year manufacturer warranty
honor,magicpad 3,590g,12gb,12mp,16mp,qualcomm snapdragon 8 gen 3,"10,500mah",13.0 inches,"lkr 268,504",2024,emerald green,"5g, 4g, 3g, 2g",in stock,1 year manufacturer warranty
honor,pad v10,530g,8gb,8mp,13mp,mediatek dimensity 9000,"8,500mah",12.1 inches,"lkr 218,096",2024,titanium silver,"5g, 4g, 3g, 2g",in stock,1 year manufacturer warranty
poco,f2 pro 128gb,219g,6gb,20mp,64mp,snapdragon 865,4700mah,6.67 inches,"lkr 167,689",2020,astral black,"5g, 4g, 3g, 2g",discontinued,1 year manufacturer warranty
poco,m2 pro 64gb,209g,4gb,16mp,48mp,snapdragon 720g,5000mah,6.67 inches,"lkr 66,874",2020,blue,"4g, 3g, 2g",discontinued,1 year manufacturer warranty
poco,x3 nfc 128gb,215g,6gb,20mp,64mp,snapdragon 732g,5160mah,6.67 inches,"lkr 76,955",2020,poco yellow,"5g, 4g, 3g, 2g",discontinued,1 year manufacturer warranty
poco,m3 64gb,198g,4gb,8mp,48mp,snapdragon 662,6000mah,6.53 inches,"lkr 50,071",2020,poco yellow,"4g, 3g, 2g",discontinued,1 year manufacturer warranty
poco,f3 128gb,196g,6gb,20mp,48mp,snapdragon 870,4520mah,6.67 inches,"lkr 117,281",2021,black,"5g, 4g, 3g, 2g",discontinued,1 year manufacturer warranty
poco,x3 pro 128gb,215g,6gb,20mp,48mp,snapdragon 860,5160mah,6.67 inches,"lkr 83,676",2021,poco yellow,"5g, 4g, 3g, 2g",discontinued,1 year manufacturer warranty
poco,m3 pro 5g 64gb,190g,4gb,8mp,48mp,mediatek dimensity 700,5000mah,6.5 inches,"lkr 66,874",2021,blue,"5g, 4g, 3g, 2g",discontinued,1 year manufacturer warranty
poco,f3 gt 128gb,205g,6gb,16mp,64mp,mediatek dimensity 1200,5065mah,6.67 inches,"lkr 134,084",2021,poco yellow,"5g, 4g, 3g, 2g",discontinued,1 year manufacturer warranty
poco,x3 gt 128gb,193g,6gb,16mp,64mp,mediatek dimensity 1100,5000mah,6.6 inches,"lkr 93,758",2021,black,"5g, 4g, 3g, 2g",discontinued,1 year manufacturer warranty
poco,m4 pro 5g 128gb,195g,4gb,16mp,50mp,mediatek dimensity 810,5000mah,6.6 inches,"lkr 73,595",2021,blue,"5g, 4g, 3g, 2g",discontinued,1 year manufacturer warranty
poco,f4 128gb,195g,6gb,20mp,64mp,snapdragon 870,4500mah,6.67 inches,"lkr 117,281",2022,black,"5g, 4g, 3g, 2g",limited stock,1 year manufacturer warranty
poco,f4 gt 128gb,210g,8gb,20mp,64mp,snapdragon 8 gen 1,4700mah,6.67 inches,"lkr 167,689",2022,blue,"5g, 4g, 3g, 2g",limited stock,1 year manufacturer warranty
poco,x4 pro 5g 128gb,205g,6gb,16mp,108mp,snapdragon 695,5000mah,6.67 inches,"lkr 100,479",2022,blue,"5g, 4g, 3g, 2g",limited stock,1 year manufacturer warranty
poco,m4 pro 128gb,179g,6gb,16mp,64mp,mediatek helio g96,5000mah,6.43 inches,"lkr 73,595",2022,astral black,"5g, 4g, 3g, 2g",limited stock,1 year manufacturer warranty
poco,m5 128gb,201g,4gb,5mp,50mp,mediatek helio g99,5000mah,6.58 inches,"lkr 66,874",2022,astral black,"5g, 4g, 3g, 2g",limited stock,1 year manufacturer warranty
poco,m5s 128gb,178.8g,4gb,13mp,64mp,mediatek helio g95,5000mah,6.43 inches,"lkr 76,955",2022,astral black,"5g, 4g, 3g, 2g",limited stock,1 year manufacturer warranty
poco,f5 128gb,181g,6gb,16mp,64mp,snapdragon 7+ gen 2,5000mah,6.67 inches,"lkr 117,281",2023,blue,"5g, 4g, 3g, 2g",limited stock,1 year manufacturer warranty
poco,f5 pro 256gb,204g,8gb,20mp,64mp,snapdragon 8+ gen 1,5160mah,6.67 inches,"lkr 167,689",2023,poco yellow,"5g, 4g, 3g, 2g",limited stock,1 year manufacturer warranty
poco,x5 128gb,189g,6gb,13mp,48mp,snapdragon 695,5000mah,6.67 inches,"lkr 93,758",2023,poco yellow,"5g, 4g, 3g, 2g",limited stock,1 year manufacturer warranty
poco,x5 pro 128gb,181g,6gb,16mp,108mp,snapdragon 778g,5000mah,6.67 inches,"lkr 110,560",2023,blue,"5g, 4g, 3g, 2g",limited stock,1 year manufacturer warranty
poco,m6 64gb,199g,4gb,8mp,50mp,mediatek helio g88,5000mah,6.58 inches,"lkr 66,874",2023,astral black,"4g, 3g, 2g",limited stock,1 year manufacturer warranty
poco,m6 pro 128gb,202g,6gb,8mp,50mp,snapdragon 4 gen 1,5000mah,6.79 inches,"lkr 73,595",2023,astral black,"5g, 4g, 3g, 2g",limited stock,1 year manufacturer warranty
poco,x6 128gb,193g,6gb,16mp,64mp,mediatek dimensity 8100,5000mah,6.67 inches,"lkr 117,281",2024,poco yellow,"5g, 4g, 3g, 2g",in stock,1 year manufacturer warranty
poco,x6 pro 256gb,205g,8gb,20mp,108mp,mediatek dimensity 8300,5000mah,6.67 inches,"lkr 134,084",2024,poco yellow,"5g, 4g, 3g, 2g",in stock,1 year manufacturer warranty
poco,f6 128gb,190g,6gb,20mp,64mp,snapdragon 8 gen 2,5000mah,6.67 inches,"lkr 150,886",2024,black,"5g, 4g, 3g, 2g",in stock,1 year manufacturer warranty
poco,f6 pro 256gb,210g,8gb,20mp,108mp,snapdragon 8+ gen 2,5160mah,6.67 inches,"lkr 184,491",2024,black,"5g, 4g, 3g, 2g",in stock,1 year manufacturer warranty
poco,c65 64gb,190g,4gb,5mp,50mp,mediatek helio g85,5000mah,6.5 inches,"lkr 50,071",2024,astral black,"4g, 3g, 2g",in stock,1 year manufacturer warranty
poco,x7 128gb,195g,6gb,16mp,64mp,mediatek dimensity 8200,5000mah,6.67 inches,"lkr 110,560",2025,blue,"5g, 4g, 3g, 2g",in stock,1 year manufacturer warranty
poco,x7 pro 256gb,207g,8gb,20mp,108mp,mediatek dimensity 8400,6000mah,6.67 inches,"lkr 134,084",2025,poco yellow,"5g, 4g, 3g, 2g",in stock,1 year manufacturer warranty
poco,m7 5g 128gb,198g,6gb,8mp,50mp,mediatek dimensity 7025,5110mah,6.67 inches,"lkr 76,955",2024,blue,"5g, 4g, 3g, 2g",in stock,1 year manufacturer warranty
poco,pad 5g 128gb,571g,8gb,8mp,8mp,snapdragon 7s gen 2,"10,000mah",12.1 inches,"lkr 94,094",2024,blue,"5g, 4g, 3g, 2g",in stock,1 year manufacturer warranty
poco,pad 5g 256gb,571g,8gb,8mp,8mp,snapdragon 7s gen 2,"10,000mah",12.1 inches,"lkr 100,815",2024,black,"5g, 4g, 3g, 2g",in stock,1 year manufacturer warranty
samsung,galaxy z fold6 256gb,239g,12gb,"10mp, 4mp (udc)",50mp,snapdragon 8 gen 3,4400mah,7.6 inches,"lkr 638,159",2024,lavender,"5g, 4g, 3g, 2g",in stock,1 year manufacturer warranty
samsung,galaxy z fold6 512gb,239g,12gb,"10mp, 4mp (udc)",50mp,snapdragon 8 gen 3,4400mah,7.6 inches,"lkr 577,670",2024,awesome black,"5g, 4g, 3g, 2g",in stock,1 year manufacturer warranty
samsung,galaxy z fold6 1tb,239g,12gb,"10mp, 4mp (udc)",50mp,snapdragon 8 gen 3,4400mah,7.6 inches,"lkr 759,137",2024,titanium gray,"5g, 4g, 3g, 2g",in stock,1 year manufacturer warranty
